N,P,K,temperature,humidity,ph,rainfall,label
90,42,43,20.87974371,82.00274423,6.502985292,202.9355362,rice
85,58,41,21.77046169,80.31964408,7.038096361,226.6555374,rice
60,55,44,23.00445915,82.3207629,7.840207144,263.9642476,rice
74,35,40,26.49109635,80.15836264,6.980400905,242.8640342,rice
78,42,42,20.13017482,81.60487287,7.628472891,262.7173405,rice
69,37,42,23.05804872,83.37011772,7.073453503,251.0549998,rice
69,55,38,22.70883798,82.63941394,5.70080568,271.3248604,rice
94,53,40,20.27774362,82.89408619,5.718627178,241.9741949,rice
89,54,38,24.51588066,83.5352163,6.685346424,230.4462359,rice
68,58,38,23.22397386,83.03322691,6.336253525,221.2091958,rice
91,53,40,26.52723513,81.41753846,5.386167788,264.6148697,rice
90,46,42,23.97898217,81.45061596,7.50283396,250.0832336,rice
78,58,44,26.80079604,80.88684822,5.108681786,284.4364567,rice
93,56,36,24.01497622,82.05687182,6.98435366,185.2773389,rice
94,50,37,25.66585205,80.66385045,6.94801983,209.5869708,rice
60,48,39,24.28209415,80.30025587,7.042299069,231.0863347,rice
85,38,41,21.58711777,82.7883708,6.249050656,276.6552459,rice
91,35,39,23.79391957,80.41817957,6.970859754,206.2611855,rice
77,38,36,21.8652524,80.1923008,5.953933276,224.5550169,rice
88,35,40,23.57943626,83.58760316,5.85393208,291.2986618,rice
89,45,36,21.32504158,80.47476396,6.442475375,185.4974732,rice
76,40,43,25.15745531,83.11713476,5.070175667,231.3843163,rice
67,59,41,21.94766735,80.97384195,6.012632591,213.3560921,rice
83,41,43,21.0525355,82.67839517,6.254028451,233.1075816,rice
98,47,37,23.48381344,81.33265073,7.375482851,224.0581164,rice
66,53,41,25.0756354,80.52389148,7.778915154,257.0038865,rice
97,59,43,26.35927159,84.04403589,6.286500176,271.3586137,rice
97,50,41,24.52922681,80.54498576,7.070959995,260.2634026,rice
60,49,44,20.77576147,84.49774397,6.244841491,240.0810647,rice
84,51,35,22.30157427,80.64416466,6.043304899,197.9791215,rice
73,57,41,21.44653958,84.94375962,5.824709117,272.2017204,rice
92,35,40,22.17931888,80.33127223,6.357389366,200.0882787,rice
85,37,39,24.52783742,82.73685569,6.364134968,224.6757231,rice
98,53,38,20.26707606,81.63895217,5.01450727,270.4417274,rice
88,54,44,25.7354293,83.88266234,6.149410611,233.1321372,rice
95,55,42,26.79533926,82.1480873,5.950660556,193.3473987,rice
99,57,35,26.75754171,81.17734011,5.960370061,272.2999056,rice
95,39,36,23.86330467,83.15250801,5.561398642,285.2493645,rice
60,43,44,21.01944696,82.95221726,7.416245107,298.4018471,rice
63,44,41,24.17298839,83.7287574,5.583370042,257.0343554,rice
62,42,36,22.78133816,82.06719137,6.430010215,248.7183228,rice
64,45,43,25.62980105,83.52842314,5.534878156,209.9001977,rice
83,60,36,25.59704938,80.14509262,6.903985986,200.834898,rice
82,40,40,23.83067496,84.81360127,6.271478838,298.5601175,rice
85,52,45,26.31355498,82.36698992,7.224285503,265.5355937,rice
91,35,38,24.8972823,80.52586088,6.13428721,183.6793207,rice
76,49,42,24.958779,84.47963372,5.206373153,196.9560008,rice
74,39,38,23.24113501,84.59201843,7.782051313,233.0453455,rice
79,43,39,21.66628296,80.70960551,7.062779015,210.8142087,rice
88,55,45,24.63544858,80.41363018,7.730367824,253.7202781,rice
60,36,43,23.43121862,83.06310136,5.286203711,219.9048349,rice
76,60,39,20.0454142,80.3477562,6.766240045,208.5810155,rice
93,56,42,23.85724032,82.22572988,7.382762603,195.0948311,rice
65,60,43,21.97199397,81.89918197,5.658169482,227.3637009,rice
95,52,36,26.22916897,83.83625819,5.543360238,286.5083725,rice
75,38,39,23.44676801,84.79352417,6.215109715,283.9338466,rice
74,54,38,25.65553461,83.47021081,7.120272972,217.3788583,rice
91,36,45,24.44345477,82.45432595,5.950647577,267.9761948,rice
71,46,40,20.2801937,82.1235421,7.236705436,191.9535738,rice
99,55,35,21.7238313,80.2389895,6.501697816,277.9626192,rice
72,40,38,20.41447029,82.20802629,7.592490617,245.1511304,rice
83,58,45,25.75528612,83.51827127,5.875345751,245.6626799,rice
93,58,38,20.61521424,83.77345559,6.932400225,279.5451717,rice
70,36,42,21.84106875,80.72886384,6.946209881,202.3838319,rice
76,47,42,20.08369642,83.29114712,5.739175027,263.6372176,rice
99,41,36,24.45802087,82.74835604,6.738652179,182.5616319,rice
99,54,37,21.14347496,80.33502926,5.594819626,198.6730942,rice
86,59,35,25.78720567,82.11124033,6.946636369,243.5120414,rice
69,46,41,23.64124821,80.28597873,5.012139669,263.1103304,rice
91,56,37,23.43191632,80.56887849,6.363472208,269.5039162,rice
61,52,41,24.97669518,83.891805,6.880431223,204.8001847,rice
67,45,38,22.72791041,82.1706881,7.300410836,260.8875056,rice
79,42,37,24.87300744,82.84022551,6.587918708,295.6094492,rice
78,43,42,21.32376327,83.00320459,7.283736617,192.3197536,rice
75,54,36,26.29465461,84.56919326,7.023936392,257.4914906,rice
97,36,45,22.2286982,81.85872947,6.939083505,278.0791793,rice
67,47,44,26.73072391,81.78596776,7.868474653,280.4044392,rice
73,35,38,24.88921174,81.97927117,5.005306977,185.9461429,rice
77,36,37,26.88444878,81.46033732,6.136131869,194.5766559,rice
81,41,38,22.67846116,83.72874389,7.524080076,200.9133156,rice
68,57,43,26.08867875,80.37979919,5.706943251,182.9043504,rice
72,45,35,25.42977518,82.94682591,5.758506323,195.3574542,rice
61,53,43,26.40323239,81.05635517,6.349606327,223.3671883,rice
67,43,39,26.04371967,84.96907151,5.999969026,186.7536773,rice
67,58,39,25.2827223,80.54372813,5.453592032,220.1156708,rice
66,60,38,22.08576562,83.47038318,6.372576327,231.7364957,rice
82,43,38,23.28617173,81.43321641,5.105588355,242.3170629,rice
84,50,44,25.48591986,81.40633547,5.935344406,182.6549356,rice
81,53,42,23.67575393,81.03569343,5.17782304,233.7034975,rice
91,50,40,20.82477109,84.1341879,6.462391607,230.2242223,rice
93,53,38,26.92995077,81.91411159,7.069172227,290.6793783,rice
90,44,38,23.83509503,83.88387074,7.473134377,241.2013513,rice
81,45,35,26.52872817,80.12267476,6.158376967,218.9163567,rice
78,40,38,26.46428311,83.85642678,7.549873681,248.2256491,rice
60,51,36,22.69657794,82.81088865,6.028321558,256.9964761,rice
88,46,42,22.68319059,83.46358271,6.604993475,194.2651719,rice
93,47,37,21.53346343,82.14004101,6.500343222,295.9248796,rice
60,55,45,21.40865769,83.3293191,5.935745417,287.5766935,rice
78,35,44,26.54348085,84.67353597,7.072655622,183.6222657,rice
65,37,40,23.35905428,83.59512273,5.333322606,188.413665,rice
71,54,16,22.61359953,63.69070564,5.749914421,87.75953857,maize
61,44,17,26.10018422,71.57476937,6.931756558,102.2662445,maize
80,43,16,23.55882094,71.59351368,6.657964753,66.71995467,maize
73,58,21,19.97215954,57.68272924,6.596060648,60.65171481,maize
61,38,20,18.47891261,62.69503871,5.970458434,65.43835393,maize
68,41,16,21.77689322,57.80840636,6.158830619,102.0861694,maize
93,41,17,25.6217169,66.50415474,6.047906679,105.4654703,maize
89,60,19,25.19192419,66.6902901,5.913664501,78.06639649,maize
76,44,17,20.41683147,62.5542482,5.855442401,65.27798457,maize
67,60,25,24.92162194,66.78627406,5.750254943,109.2162279,maize
70,44,19,23.31689124,73.4541537,5.852607099,94.29712821,maize
90,49,21,24.84016732,68.3584573,6.472523287,74.05474936,maize
62,52,16,22.27526694,58.84015925,6.967057762,63.87020584,maize
92,44,16,18.87751445,65.76816093,6.082973754,94.76189431,maize
66,54,21,25.19008683,60.2001687,5.919045532,72.12375573,maize
63,58,22,18.25405352,55.28220433,6.204747653,63.72358154,maize
70,47,17,24.6129118,70.4162444,6.600827017,104.1626147,maize
61,41,17,25.1420613,65.26185135,6.021902237,76.68456006,maize
66,53,19,23.09348056,60.1159381,6.033550195,65.49730729,maize
74,55,19,18.05033737,62.89366992,6.28886807,84.23613484,maize
77,57,21,24.9321581,73.80435276,6.550563823,79.74078719,maize
99,50,15,18.14710054,71.09445342,5.573286437,88.07753741,maize
74,56,22,18.28362235,66.65952796,6.829199275,80.97573281,maize
83,45,21,18.83344471,58.75082029,5.716222912,79.7532896,maize
100,48,16,25.71895816,67.22190688,5.54990242,74.51490791,maize
79,51,16,25.33797709,68.49835977,6.586244581,96.46380213,maize
94,39,18,23.89114571,57.48775781,5.893093135,102.8301942,maize
75,49,15,21.53574127,71.50905983,5.918263801,102.4852929,maize
78,48,22,23.08974909,63.10459626,5.588650585,70.43473609,maize
87,54,20,25.61707368,63.4711755,6.576418207,108.8303762,maize
87,35,25,21.44526922,63.1621551,6.178056304,65.88951188,maize
63,43,19,18.51816776,55.53128131,6.641906353,90.988051,maize
84,57,25,22.53510514,67.99257471,6.489040367,64.40866039,maize
64,35,23,23.02038334,61.89472002,5.680361038,63.03843397,maize
60,46,22,24.89364635,65.61418761,6.625404348,87.9298085,maize
98,44,21,25.77175115,74.089114,6.524478032,107.4931917,maize
75,56,18,19.39851734,62.35750641,5.696205468,60.95197486,maize
86,55,21,21.54156232,59.64024162,6.803931519,109.7515385,maize
98,35,18,23.79746068,74.82913698,6.252797548,91.76337172,maize
76,57,18,18.9802729,74.52600826,6.092725883,94.26249353,maize
99,56,17,24.10859207,73.13112261,6.234330356,71.07562236,maize
60,44,23,24.7947077,70.04556743,5.722579819,76.72860067,maize
74,48,17,21.63162756,60.27766379,6.430616465,69.21803098,maize
89,60,17,25.37548751,57.21025565,5.983952675,101.7004306,maize
69,51,23,22.21738222,72.85462807,6.80163854,106.6213157,maize
96,46,22,20.58314011,69.00128641,6.499936446,66.29390357,maize
61,60,15,24.87502824,68.74248334,6.265564338,91.26056654,maize
74,58,18,20.03728219,56.35606753,6.727303282,109.024141,maize
74,43,23,25.95263264,61.89082199,6.325235159,99.57981207,maize
63,43,17,19.28889933,65.47050802,6.807487794,71.3195307,maize
99,36,20,20.57981887,65.34583901,6.671085817,78.34604471,maize
77,36,23,24.71417533,56.73426469,6.648725327,88.45361858,maize
87,60,23,20.27317074,63.91281869,6.439071996,62.50351892,maize
60,38,17,18.41932981,64.23580251,6.474476516,76.41312437,maize
94,54,17,23.39128187,61.74427165,5.871647806,107.3198135,maize
95,38,22,19.84939404,61.24500053,5.730617109,100.7689246,maize
84,44,21,21.869274,61.91044947,5.850439831,107.2681929,maize
77,58,19,22.8056033,56.50768935,5.791649933,101.5952794,maize
66,44,20,19.0781471,69.02298571,6.740000688,80.72515943,maize
63,35,16,22.02720976,65.35549924,6.272417541,83.73280082,maize
79,45,20,23.80546189,59.24537979,5.715208817,89.9622014,maize
72,60,25,18.52510753,69.0276233,5.773454729,88.10234397,maize
67,51,24,23.50297882,61.32026065,5.584171461,64.77791424,maize
86,36,24,26.54986394,72.89187265,5.787268394,73.33636055,maize
76,48,18,19.29563411,69.63481219,5.77597783,83.21030571,maize
75,53,18,20.68899915,59.4375337,6.864793607,103.651438,maize
81,45,23,19.32666088,68.034493,6.192360003,84.22969177,maize
73,45,21,24.60532218,73.58868502,6.636803223,96.59195302,maize
71,35,24,22.27373646,59.52193158,5.826426917,67.96704792,maize
96,54,22,25.70196694,61.33450447,6.960358276,83.20711308,maize
99,39,18,19.20129357,68.30578978,6.11275104,87.85092352,maize
62,48,20,21.70181447,60.47470519,6.708446922,95.71388473,maize
86,37,16,20.51716779,59.21235483,5.561510732,67.61013737,maize
94,50,19,23.30355338,73.62548442,5.873242491,97.59081274,maize
76,39,24,24.2547451,55.64709899,6.995843776,64.23845455,maize
77,52,17,24.86374934,65.7420046,5.714799723,75.82270467,maize
74,39,23,22.6265115,65.77472881,6.78073637,88.17251033,maize
81,49,20,18.04185513,60.61494304,5.513697923,104.2321615,maize
63,42,21,23.26237612,72.33125523,5.798423908,67.10225139,maize
99,38,21,22.88330922,71.59722446,6.352471866,67.72777298,maize
90,52,25,25.97482359,69.36385721,6.822586546,103.2234212,maize
68,40,19,26.14384005,66.20569924,6.655426355,107.2361366,maize
60,57,24,18.66116213,61.55327249,6.121294041,75.03247667,maize
71,52,18,25.10787449,55.97732754,5.790770203,78.16077693,maize
61,59,17,23.33844615,59.24580604,6.47444292,105.0083144,maize
88,38,15,25.08239719,65.92195844,6.455116637,62.49190812,maize
65,60,22,25.36768364,72.52054555,6.606984086,107.9124111,maize
78,37,22,25.34217103,63.31801994,6.330554389,74.52082026,maize
78,58,15,25.00933355,67.816568,6.528631266,62.91359494,maize
92,60,23,18.66746724,71.516474,5.721667141,69.93293255,maize
79,59,17,20.37999665,63.73849998,6.644205485,108.5054416,maize
91,55,15,18.09300227,72.61024172,6.376651091,78.96159541,maize
76,51,18,26.16985907,71.96246617,6.247040422,79.84925393,maize
87,48,25,18.65396672,61.37879671,6.656730008,93.62039175,maize
71,60,22,26.07470121,59.37147589,6.2048017,85.75692395,maize
90,57,24,18.92851916,72.80086137,6.158860284,82.34162918,maize
67,35,22,23.30546753,63.24648023,6.385684214,108.7603001,maize
60,54,19,18.74826712,62.49878458,6.417820493,70.23401597,maize
83,58,23,19.74213321,59.66263104,6.381201909,65.50861389,maize
83,57,19,25.73044432,70.74739256,6.877869005,98.73771338,maize
40,72,77,17.02498456,16.98861173,7.485996067,88.55123143,chickpea
23,72,84,19.02061277,17.13159126,6.920251378,79.92698081,chickpea
39,58,85,17.88776475,15.40589717,5.996932037,68.54932919,chickpea
22,72,85,18.86805647,15.65809214,6.391173589,88.51048983,chickpea
36,67,77,18.36952567,19.56381041,7.152811172,79.26357665,chickpea
32,73,81,20.45078582,15.40312102,5.988992796,92.68373702,chickpea
58,70,84,20.6543203,16.60820843,6.231049028,74.6631118,chickpea
59,70,84,17.3348681,18.74926979,7.550808267,82.61734721,chickpea
42,62,75,18.17912258,18.90426935,7.010570541,81.84997529,chickpea
28,74,81,18.01272266,18.30968112,8.753795334,81.98568791,chickpea
58,66,79,20.99373558,19.33470387,8.718192847,93.55280105,chickpea
43,66,79,19.46233971,15.22538951,7.976607593,74.58565097,chickpea
58,63,81,19.81344531,14.69765308,6.515499549,78.96514709,chickpea
23,62,85,18.97424756,19.5161216,8.490127142,80.7108745,chickpea
27,62,77,18.19737048,14.71070537,6.576415562,70.18185181,chickpea
28,72,84,18.72963144,19.18197264,6.481783043,71.58010169,chickpea
50,56,76,20.99502153,19.8601304,7.966605025,73.50734019,chickpea
39,71,84,20.28155898,16.39535215,8.140825437,82.52339655,chickpea
25,78,76,17.48042641,15.7559405,7.228963452,66.96980581,chickpea
31,70,77,20.88818675,14.32313811,6.492546046,90.46228334,chickpea
26,80,83,17.08498521,16.14565756,7.528599957,71.31007253,chickpea
25,68,77,20.09340593,15.11279612,7.701446446,85.74904898,chickpea
31,78,76,17.57212145,14.99927489,8.519975748,89.31050665,chickpea
60,68,83,19.12065218,18.43475844,6.620900869,85.52950164,chickpea
59,62,83,18.57665902,19.22008229,8.104396058,72.94940441,chickpea
22,67,78,17.16606398,14.42457525,6.204090835,72.32667516,chickpea
36,65,80,18.2872007,16.67921616,6.051091339,74.87445574,chickpea
59,60,84,19.03025305,18.66725565,7.690962338,94.70992037,chickpea
54,77,85,17.1418614,17.0662427,7.829211144,83.74606679,chickpea
43,68,81,17.47809436,17.93253975,6.761599706,78.92060234,chickpea
28,76,82,20.56601874,14.25803981,6.654425315,83.75937135,chickpea
42,79,85,17.22385224,15.82069268,6.129533877,76.57580954,chickpea
32,60,83,19.69141713,19.44225438,8.829273328,91.76071648,chickpea
22,78,76,17.84851658,19.09172907,8.621662982,76.32470713,chickpea
31,79,75,18.8202251,16.1074793,8.204862075,89.73119396,chickpea
28,58,81,17.47500984,16.54314829,6.18042747,93.35034262,chickpea
57,58,77,18.72649425,17.58406365,7.978996755,81.20176515,chickpea
49,55,78,18.65580107,16.17772668,7.863113671,81.70769297,chickpea
46,76,77,18.2356751,19.68538502,6.967843048,83.74879344,chickpea
54,61,77,18.81198127,15.21618225,6.206582193,77.5429424,chickpea
38,60,76,18.65054116,17.80852431,8.868741443,77.92798682,chickpea
59,55,79,20.36720401,16.89574311,8.766128654,82.2545577,chickpea
36,76,75,18.38120357,16.63805158,8.736337905,70.52056697,chickpea
57,68,81,17.17012591,17.30457712,8.081095263,72.78624223,chickpea
35,66,81,19.37101121,15.77458129,6.138243973,85.24819851,chickpea
35,64,78,17.92845928,14.27327988,7.496645259,85.37378769,chickpea
52,60,79,19.45339934,18.23490739,8.380185271,75.6317566,chickpea
27,76,83,19.12829388,14.92241479,6.289614016,89.61857826,chickpea
57,60,84,19.1034283,17.26184541,6.586777189,75.49101167,chickpea
52,68,78,17.48504075,16.96070581,6.89655198,86.05078037,chickpea
43,79,79,19.40751744,18.98030507,7.806747656,80.25064637,chickpea
44,74,85,20.18649426,19.63719995,7.150681303,78.26039559,chickpea
24,55,78,17.30287885,15.15405941,6.64919573,75.57790384,chickpea
29,77,75,17.50361137,15.48083156,7.778591618,72.9446671,chickpea
20,60,78,18.17234999,14.70085967,6.358740355,90.7760707,chickpea
56,67,78,17.57445618,16.71826572,8.255450758,77.81891424,chickpea
37,66,85,20.93175255,18.91295403,6.456148474,78.06910795,chickpea
49,71,76,19.71098332,17.63879418,6.613072145,85.57925437,chickpea
59,69,80,19.07937684,17.86754927,8.165359297,69.40619137,chickpea
20,79,77,18.54988627,16.02542689,7.64867466,76.32565249,chickpea
24,56,85,18.19903647,17.41333199,6.545888558,80.6405403,chickpea
51,72,75,18.88852533,14.99451145,7.104224797,80.1113384,chickpea
57,73,85,18.49311205,14.72115044,7.358099622,91.94595352,chickpea
22,64,82,19.48974337,17.17260319,6.4740245,87.51312796,chickpea
52,73,79,17.25769499,18.74943955,7.840339389,94.00287214,chickpea
29,75,75,19.62416326,18.71483156,7.064790365,88.4585692,chickpea
44,59,78,20.67526473,19.85388984,7.599033472,84.78344008,chickpea
41,69,82,20.02381489,16.63294455,6.715587232,68.97806542,chickpea
52,56,85,20.1187446,14.44228303,6.81712422,88.68168643,chickpea
34,76,80,20.65691793,15.84572566,7.985417393,65.23811143,chickpea
42,74,83,19.2582557,14.2804191,7.545258424,65.78042032,chickpea
34,71,79,17.927806,15.85622899,7.728998197,74.63872762,chickpea
27,73,79,19.16288268,15.83500655,7.354973451,82.69766829,chickpea
30,70,79,20.26942271,19.96978871,7.313122235,69.64449182,chickpea
57,57,75,17.09104223,18.25142068,7.785039076,87.27444866,chickpea
27,79,82,17.06579293,17.54024066,6.307004923,70.87150577,chickpea
32,71,85,20.62767492,14.44008871,6.403982316,92.06630306,chickpea
31,76,82,20.8248451,17.85057083,7.599279991,79.20509212,chickpea
33,75,84,19.46210401,18.72831993,7.217018459,68.81405149,chickpea
47,80,77,17.18248372,16.42891834,7.561108006,72.85017344,chickpea
54,62,80,17.48911699,16.39055394,7.489545074,79.45758333,chickpea
47,79,78,17.48395377,14.76014523,6.609696734,65.11365631,chickpea
35,57,83,19.48316794,17.44534641,7.476800943,80.4986291,chickpea
53,73,77,19.71359733,18.09665739,7.325451279,73.64476535,chickpea
45,61,78,19.48649305,16.06240074,6.489389282,81.5284269,chickpea
37,78,79,19.95264829,14.82633099,7.786366322,88.6810311,chickpea
30,75,81,19.41789736,16.80472243,6.408437886,68.4951189,chickpea
37,55,82,19.45591848,18.02235902,8.423873703,78.44910564,chickpea
53,65,76,20.19137759,16.41998269,8.719960893,77.33795356,chickpea
22,60,85,18.8392908,14.74071856,7.811997977,94.78189594,chickpea
60,61,78,20.71219282,19.83643308,6.317153205,94.03659867,chickpea
42,67,77,18.99424448,15.9362937,7.114405288,78.69707199,chickpea
39,76,76,19.96837462,15.57324389,8.135900726,69.15759062,chickpea
35,63,76,17.81564548,17.60756635,7.714153038,90.82097601,chickpea
30,65,82,20.71424384,15.27824066,7.103798069,76.77888672,chickpea
57,56,78,17.34150229,18.75626255,8.861479668,67.9545435,chickpea
48,65,78,17.43732714,14.33847406,7.861128148,73.0926704,chickpea
36,56,83,18.89780215,19.76182946,7.4526709,69.09512477,chickpea
40,58,75,18.59190771,14.77959596,7.168096055,89.60982451,chickpea
49,69,82,18.31561493,15.36143547,7.26311855,81.78710463,chickpea
13,60,25,17.13692774,20.59541693,5.68597166,128.256862,kidneybeans
25,70,16,19.63474332,18.90705639,5.759237003,106.3598183,kidneybeans
31,55,22,22.91350245,21.33953114,5.873171894,109.225556,kidneybeans
40,64,16,16.43340342,24.24045875,5.926676985,140.3717815,kidneybeans
2,61,20,22.13974653,23.02251117,5.95561668,76.64128258,kidneybeans
26,65,22,17.84806561,18.77621951,5.949949081,143.0984171,kidneybeans
17,57,21,19.88394011,20.31564139,5.789214289,60.91974792,kidneybeans
26,80,18,19.32509638,23.3334788,5.581021521,104.7783947,kidneybeans
17,59,17,18.4167001,23.42829938,5.689858133,132.9801054,kidneybeans
27,59,22,21.81167649,23.20591245,5.794158504,130.0608093,kidneybeans
28,58,24,19.72702528,18.28173015,5.748190463,143.7630894,kidneybeans
25,57,19,17.15432954,19.87070659,5.566522896,87.99669731,kidneybeans
28,80,17,19.62207826,18.67170854,5.809419584,144.1567454,kidneybeans
25,60,22,21.63149148,21.17919701,5.887263027,134.3649948,kidneybeans
12,78,23,16.06522754,18.72479695,5.99812453,88.06638775,kidneybeans
6,77,25,20.61162204,24.36314135,5.792744849,69.63833855,kidneybeans
22,79,17,21.42451099,20.39659714,5.912289889,116.5206923,kidneybeans
27,80,15,19.07096165,21.21092266,5.788386951,86.21917578,kidneybeans
10,55,23,21.18853178,19.63438599,5.728233081,137.1948633,kidneybeans
23,65,20,23.0429097,22.42610972,5.833940084,108.3684316,kidneybeans
19,78,16,20.65375833,23.10538637,5.967533236,67.71768947,kidneybeans
19,65,25,18.09551014,18.29318436,5.625096446,144.7902323,kidneybeans
22,70,19,18.23775702,21.07643273,5.515615023,69.44951585,kidneybeans
37,64,22,17.48189735,18.8251973,5.954665349,121.9401369,kidneybeans
11,71,17,19.9191786,21.47324158,5.74644777,82.68554379,kidneybeans
18,79,20,20.27514686,23.2353604,5.877347515,139.7521543,kidneybeans
21,63,17,15.77370214,19.2303162,5.979973965,108.3441414,kidneybeans
24,80,22,16.71170642,19.17651433,5.635993966,96.77285817,kidneybeans
34,60,22,17.66148158,18.15302753,5.635231778,100.6711761,kidneybeans
16,75,21,18.50692825,23.61670065,5.679224346,87.0513289,kidneybeans
17,77,23,24.51324787,20.81527638,5.670062975,64.19497947,kidneybeans
37,72,18,18.87614998,24.54038287,5.724242065,105.4120514,kidneybeans
40,73,20,21.59343016,20.31871249,5.811314232,61.13872036,kidneybeans
9,77,17,20.12373284,24.45202552,5.783425416,106.158201,kidneybeans
1,62,23,15.43546065,18.37477907,5.607808432,139.0302034,kidneybeans
33,59,22,22.64236876,21.59396123,5.946999529,122.3886015,kidneybeans
23,59,19,21.98560799,24.87304788,5.852046999,129.5650601,kidneybeans
6,62,22,20.53052663,18.09224048,5.824090984,120.4509288,kidneybeans
25,63,20,15.78601387,21.14544088,5.502999119,95.17028129,kidneybeans
7,79,23,19.6365349,19.68751084,5.821649914,96.65888933,kidneybeans
8,72,17,20.57341244,19.7520218,5.711439256,87.87869161,kidneybeans
27,64,15,20.16080524,24.84207559,5.514927264,138.2362122,kidneybeans
28,66,23,21.53989176,24.25386207,5.99616119,120.6913038,kidneybeans
32,57,18,15.53834801,23.75560241,5.695422863,107.3850593,kidneybeans
27,56,22,19.91853092,20.70099804,5.833010958,108.6434544,kidneybeans
17,77,24,20.76952209,18.93146941,5.568456899,109.0193712,kidneybeans
0,65,15,23.46168338,23.22197648,5.645435626,95.84253438,kidneybeans
13,72,21,24.32116642,21.0278674,5.821194486,60.27552528,kidneybeans
34,60,23,20.12574053,24.96969858,5.659254981,100.0497183,kidneybeans
9,80,19,21.80619564,18.57086554,5.945465949,125.0972687,kidneybeans
11,72,20,19.52226241,24.92607153,5.951177452,113.334026,kidneybeans
3,67,24,17.00067625,19.90790546,5.520880014,103.2926407,kidneybeans
35,69,23,16.78791503,24.96881755,5.578410206,75.45328039,kidneybeans
3,77,25,24.84906168,22.89464642,5.608165195,62.21292186,kidneybeans
23,62,19,16.51783455,20.4555596,5.609435128,98.77794225,kidneybeans
22,71,17,18.15300153,19.38602098,5.509295379,107.6907964,kidneybeans
31,79,25,23.18864385,22.3104551,5.902033406,63.38208822,kidneybeans
34,59,18,23.38002569,21.98879437,5.744117663,87.66898664,kidneybeans
12,63,17,18.358923,19.37703396,5.717143397,138.414764,kidneybeans
27,56,20,19.25975367,20.51346956,5.542690119,94.9533526,kidneybeans
7,63,24,22.95458237,24.03553105,5.858617867,107.7315386,kidneybeans
24,67,22,20.120043,22.89845607,5.618844277,104.6252153,kidneybeans
11,71,24,21.14011423,22.7182355,5.606620346,141.6056722,kidneybeans
37,74,15,24.92360104,18.22590825,5.582178402,62.7089169,kidneybeans
25,76,24,15.33042636,24.91506728,5.56503533,135.3315583,kidneybeans
34,66,17,18.81097271,21.27833035,5.889614577,125.084915,kidneybeans
20,69,15,23.44260668,22.77255917,5.934136378,107.4137246,kidneybeans
37,65,16,22.8352024,18.97267518,5.683548308,63.59276673,kidneybeans
18,74,15,24.9035819,22.27512704,5.70836603,146.4727237,kidneybeans
4,67,25,23.78709569,24.35679348,5.948164454,119.6404412,kidneybeans
37,56,25,22.05592283,19.60379304,5.774755144,126.7265372,kidneybeans
5,59,15,18.87492997,20.18238348,5.97229163,134.1811718,kidneybeans
11,61,21,18.62328774,23.02410338,5.532100554,135.3378033,kidneybeans
22,80,20,23.00884744,18.86880997,5.669560726,100.118612,kidneybeans
12,61,19,19.33162606,24.13995025,5.655726817,68.51253427,kidneybeans
5,74,21,16.24469193,21.35793891,5.591704014,66.97053257,kidneybeans
27,69,22,17.91652287,24.90814655,5.932323085,69.14681022,kidneybeans
31,75,18,15.46789263,21.43780702,5.824208309,88.88796102,kidneybeans
36,68,20,17.06104474,23.77201471,5.86442953,81.83420522,kidneybeans
5,65,16,21.32776028,18.48522915,5.866744372,109.1013261,kidneybeans
32,79,15,23.90910104,20.74619325,5.706198621,81.60211243,kidneybeans
11,78,22,23.89756791,22.74378977,5.940546818,112.6616435,kidneybeans
0,55,22,22.98666928,20.57940608,5.916779289,143.8584938,kidneybeans
14,59,15,21.35135729,22.91244883,5.779090476,146.4548645,kidneybeans
29,68,23,24.1638445,19.27907819,5.82738029,116.7324324,kidneybeans
32,68,19,24.62835037,18.18325169,5.514234138,149.7441028,kidneybeans
17,64,17,21.02213209,24.93896255,5.662699104,124.6118471,kidneybeans
13,69,19,17.30844532,20.01730914,5.86390397,115.199245,kidneybeans
14,67,22,23.82576704,24.75485098,5.624690248,84.64143632,kidneybeans
9,69,20,19.30607278,23.96362799,5.591560999,129.3449326,kidneybeans
20,73,22,16.03768615,22.33195853,5.976312538,130.3900798,kidneybeans
40,78,20,19.18572809,20.83398341,5.669236258,80.15293435,kidneybeans
27,72,23,19.92889503,21.79992115,5.961934481,64.02640797,kidneybeans
14,67,15,19.56376468,24.67385131,5.690065688,139.2921004,kidneybeans
7,56,18,18.31357543,24.32991649,5.698371311,76.14153904,kidneybeans
27,65,18,20.10993761,23.22323766,5.59503163,73.36386477,kidneybeans
30,63,16,23.60506572,21.90539577,5.525904526,100.5978728,kidneybeans
37,70,25,19.73136909,24.89487354,5.819403771,84.06354115,kidneybeans
27,63,19,20.93409877,21.1893007,5.562201934,133.1914419,kidneybeans
22,60,24,18.78226261,20.24768314,5.630664753,104.2570723,kidneybeans
3,72,24,36.51268371,57.92887167,6.03160778,122.6539694,pigeonpeas
40,59,23,36.89163721,62.73178224,5.269084669,163.7266551,pigeonpeas
33,73,23,29.23540524,59.38967583,5.985792703,103.3301803,pigeonpeas
27,57,24,27.33534897,43.35795962,6.09186275,142.3303677,pigeonpeas
10,79,18,21.0643684,55.46985938,5.624731338,184.6226709,pigeonpeas
30,75,25,30.33276599,42.35249879,6.446091759,149.299952,pigeonpeas
40,70,20,31.80130272,45.03186173,5.623490043,147.0361442,pigeonpeas
38,55,19,33.18184225,38.23184742,5.864623352,198.8298806,pigeonpeas
35,58,20,29.38538562,63.47742011,5.761702519,90.05422663,pigeonpeas
38,61,21,30.27374995,67.38680755,4.696518678,127.7767134,pigeonpeas
33,58,24,35.45790488,68.75810535,5.269504214,108.6333046,pigeonpeas
16,56,17,33.80020039,40.03262418,7.445444883,176.6165894,pigeonpeas
31,72,17,28.69180475,49.47225353,5.833031708,96.36222901,pigeonpeas
16,80,20,31.24021696,56.67369054,7.339320929,122.0146733,pigeonpeas
27,72,17,28.98039357,57.23265151,6.347929353,120.7435664,pigeonpeas
40,62,19,27.32198928,34.13737127,4.697750704,96.51524028,pigeonpeas
18,58,16,21.47607807,38.80023714,4.962661422,180.382234,pigeonpeas
3,68,16,18.31910448,34.69776639,4.964887857,107.4721605,pigeonpeas
26,67,24,36.97794384,37.73992903,5.642813116,161.4812963,pigeonpeas
16,70,20,24.80467592,40.1242747,5.6093956,121.5639121,pigeonpeas
24,63,19,19.3479443,55.96805489,4.681576043,194.5921148,pigeonpeas
9,76,25,28.88302142,50.12323801,5.70951224,179.2155874,pigeonpeas
16,55,19,19.54314136,47.19188279,6.413543781,192.4372194,pigeonpeas
28,75,21,24.7741949,50.54621094,6.007508163,114.2821387,pigeonpeas
16,71,24,18.33124824,38.40975482,4.946369874,139.6483317,pigeonpeas
24,70,21,19.14729038,45.3733757,5.517208078,132.7748215,pigeonpeas
38,72,21,28.23416057,49.4421345,5.902103172,186.5008581,pigeonpeas
9,66,21,30.11812084,34.13307843,5.719889876,157.0858232,pigeonpeas
34,56,17,33.4126864,35.42910045,4.548202098,139.6702541,pigeonpeas
1,76,19,24.18553163,46.68746847,6.669529416,177.3377996,pigeonpeas
6,69,19,26.88630675,41.69617915,4.750929218,94.46748008,pigeonpeas
26,73,21,31.33170829,57.97429171,4.946263888,161.7820226,pigeonpeas
27,61,18,33.30711818,67.07780816,5.266227032,108.5090168,pigeonpeas
27,71,23,23.45379018,46.48714759,7.10959773,150.8712202,pigeonpeas
36,61,21,34.53823889,39.04468913,5.617008201,168.5948318,pigeonpeas
17,73,18,19.50112224,34.51086611,5.632353113,197.3752649,pigeonpeas
26,72,22,28.76794904,37.57792132,4.674941549,91.72084869,pigeonpeas
17,64,16,30.97758716,32.24914235,7.161797643,180.716828,pigeonpeas
14,74,19,18.39759147,36.82639309,6.624966131,93.12330644,pigeonpeas
39,60,15,35.09357419,30.98685456,5.004074624,116.9106908,pigeonpeas
6,66,15,34.93174223,30.40046769,6.345806011,159.2649827,pigeonpeas
8,59,18,29.50523036,35.72032498,6.216814453,187.8961851,pigeonpeas
2,67,18,34.51934775,47.52980027,5.921666758,129.0064612,pigeonpeas
1,76,17,28.43430726,52.10010827,6.012719118,147.0414824,pigeonpeas
16,73,19,18.41645629,34.80541039,4.684079249,163.2747473,pigeonpeas
23,75,25,31.07508973,47.19847683,7.077170002,91.31256412,pigeonpeas
32,70,20,20.89342749,46.24856523,6.208843215,195.5697875,pigeonpeas
28,59,22,30.90607799,52.79913039,7.05181629,170.9919828,pigeonpeas
5,62,23,27.9348279,66.45457122,4.722222454,145.3728801,pigeonpeas
36,67,25,35.95176642,36.52780776,6.418062652,136.0456753,pigeonpeas
1,66,23,19.54317155,56.92831399,4.803564468,173.1686574,pigeonpeas
24,73,20,19.63736208,32.31528909,4.608695247,176.4134092,pigeonpeas
17,67,18,31.2192752,56.46868874,5.611510977,129.2028653,pigeonpeas
5,55,18,33.50876355,45.70976142,7.322097972,126.6738117,pigeonpeas
5,56,24,24.80710166,45.01110015,5.023115055,188.4928637,pigeonpeas
37,77,17,36.20970524,31.94550613,5.617122801,191.0658531,pigeonpeas
13,73,20,30.50420876,35.48885969,5.391560418,162.5927723,pigeonpeas
6,63,23,26.01630259,49.94704718,5.906596905,160.3337447,pigeonpeas
16,77,22,31.48469278,35.6395615,6.574209678,100.546816,pigeonpeas
25,64,20,33.15122581,32.45974539,4.807776749,105.0380275,pigeonpeas
34,75,24,23.50222822,51.29019509,4.760038039,192.3023991,pigeonpeas
20,77,23,34.87248659,38.83786012,5.180271502,148.2502786,pigeonpeas
35,80,25,28.09269012,44.93322042,4.895927306,197.1144011,pigeonpeas
14,75,24,24.54757829,57.3414485,6.436160044,118.3606557,pigeonpeas
36,80,21,33.64769646,48.41490082,7.066087261,100.4673278,pigeonpeas
7,77,18,20.5591255,60.54880693,6.655918078,191.0895109,pigeonpeas
29,78,25,19.95991719,59.33157782,5.982854523,195.787103,pigeonpeas
30,60,21,28.87667593,62.4901206,5.457871273,182.2688175,pigeonpeas
20,74,16,36.04353699,43.61444121,4.759490199,159.8938645,pigeonpeas
19,57,23,23.6734328,47.2879691,7.342409555,141.1250722,pigeonpeas
3,60,19,25.74679443,40.7192594,4.820788186,100.7791633,pigeonpeas
5,77,19,31.08564994,66.68832981,6.242052013,175.9303271,pigeonpeas
5,68,20,18.72987676,61.33186249,5.001038726,139.8710041,pigeonpeas
37,73,21,29.50304807,63.46513414,5.560224583,189.5208915,pigeonpeas
9,59,24,20.43517772,39.37252634,4.747352458,137.2279662,pigeonpeas
20,72,15,36.00415838,56.01334416,7.313517308,134.8596466,pigeonpeas
31,56,23,31.46846241,35.39454002,5.661826398,174.5723999,pigeonpeas
0,70,21,36.30049702,56.03021253,4.672437054,101.6073988,pigeonpeas
21,74,15,29.49096726,67.10604388,6.471862118,153.2504506,pigeonpeas
13,67,18,30.5753044,34.75591197,5.384762927,177.5764304,pigeonpeas
27,74,20,24.69487673,59.96669215,5.859813416,91.95792434,pigeonpeas
29,72,24,23.17409556,36.67847052,6.962386495,162.5931264,pigeonpeas
5,68,20,19.04380471,33.10695144,6.12166671,155.3705624,pigeonpeas
39,57,19,29.32379604,45.93248374,6.421748487,165.4113371,pigeonpeas
22,62,16,34.6455408,54.32342534,4.828936119,180.9009998,pigeonpeas
18,55,23,21.9989826,56.31006755,6.98571967,136.8274312,pigeonpeas
39,77,21,22.99774444,60.24218572,4.603563116,159.689339,pigeonpeas
13,75,20,30.55992394,35.29006485,6.979540061,178.8998611,pigeonpeas
27,71,24,31.46417866,48.17631461,7.064973419,165.405354,pigeonpeas
26,64,22,25.95058595,40.58227261,5.16516459,109.1821183,pigeonpeas
23,55,16,21.01142393,69.69141302,5.111488821,185.2039114,pigeonpeas
4,69,19,19.25100056,47.70351758,5.374358869,149.063196,pigeonpeas
20,67,19,19.24462755,50.54495302,5.671419084,180.6465282,pigeonpeas
7,74,17,22.47253208,62.56532471,5.667419697,96.74706956,pigeonpeas
17,64,18,36.75087487,58.25799145,6.07938452,124.6028153,pigeonpeas
35,71,17,29.89286629,66.35375127,6.931924963,198.1403003,pigeonpeas
11,72,22,29.37735586,44.82294584,6.842744374,172.40168,pigeonpeas
20,60,22,29.65052947,42.89833235,6.876572503,186.9226052,pigeonpeas
10,71,18,19.54284889,66.34777265,6.151029296,173.1106982,pigeonpeas
33,61,24,20.04611791,48.93905624,4.567446499,122.4564203,pigeonpeas
3,49,18,27.91095209,64.70930606,3.692863601,32.67891866,mothbeans
22,59,23,27.32220619,51.27868781,4.371745575,36.5037914,mothbeans
36,58,25,28.66024187,59.3189118,8.399135958,36.92629678,mothbeans
4,43,18,29.02955344,61.09387478,8.840656256,72.98016599,mothbeans
29,54,16,27.78031515,54.65030015,8.153022903,32.05025323,mothbeans
32,43,22,31.99928579,54.1077461,5.270749441,71.6266696,mothbeans
14,55,15,27.33580911,55.27755933,8.050304395,73.44775287,mothbeans
5,35,20,28.92952635,53.57014709,9.679240873,66.35634104,mothbeans
25,57,24,27.65472156,58.59986279,6.974978386,36.94255012,mothbeans
11,53,24,28.52396666,55.77264351,7.39389918,61.32935611,mothbeans
40,49,17,31.02215872,45.89239456,6.68727523,53.56783314,mothbeans
38,56,25,25.74095321,45.38497051,7.88118645,67.43488235,mothbeans
27,43,23,31.70447482,56.85420099,5.875333778,44.94317432,mothbeans
24,38,22,24.47876451,58.51663927,8.202706015,34.96933295,mothbeans
23,45,21,31.46511256,51.79939437,8.985348193,74.44330654,mothbeans
29,57,20,25.60973447,50.7330069,5.87707519,53.39249517,mothbeans
31,35,23,30.30260453,47.18283631,7.707595055,68.04039813,mothbeans
0,55,25,28.17489437,43.6672299,4.524171562,45.78172762,mothbeans
7,45,22,25.50634557,44.8302551,9.926212291,74.32635105,mothbeans
17,58,25,31.12896766,43.58788762,6.455592696,32.76742894,mothbeans
11,44,17,26.34043268,55.59160391,8.016210782,35.1051197,mothbeans
22,49,22,28.23494706,61.5620517,3.71105919,72.66666443,mothbeans
9,51,19,27.04453473,49.32609633,5.49091063,48.25207759,mothbeans
28,48,15,25.16125354,55.25435777,9.254089438,40.89732789,mothbeans
26,50,19,27.3179125,51.66921088,6.005242945,32.55919573,mothbeans
36,56,20,25.4123765,49.66474269,7.437078236,31.87416982,mothbeans
8,60,18,31.21629982,46.01868196,3.808429173,53.1205277,mothbeans
24,37,21,30.573999,58.22686794,5.818219385,62.74803826,mothbeans
22,43,24,25.42517036,53.2208266,4.52363558,46.19374559,mothbeans
36,43,24,27.09400578,43.65305437,3.510404312,41.53749535,mothbeans
22,44,24,24.30935081,56.32938343,6.030447288,58.99536268,mothbeans
17,43,22,30.06142622,45.90067655,5.498340808,41.0550915,mothbeans
8,45,15,28.09568993,60.9835384,4.61136408,33.84110759,mothbeans
7,56,23,26.33908791,40.00933429,5.545219232,55.50429227,mothbeans
36,57,16,28.61409059,57.14218792,8.292875734,57.02891698,mothbeans
11,45,19,28.70012137,44.359648,3.828031463,44.11622138,mothbeans
6,36,22,24.21610338,59.79236306,8.869532817,42.24783476,mothbeans
17,57,20,28.50677929,45.20094476,3.793575185,66.1761456,mothbeans
4,47,20,25.97948991,64.95585424,4.193189124,72.19245835,mothbeans
9,49,16,30.88482722,41.36561835,7.661537348,55.053805,mothbeans
25,51,24,25.5042419,61.66852372,9.392694614,65.07981523,mothbeans
36,44,21,25.12528913,51.33189406,4.516154055,38.48678973,mothbeans
21,38,20,27.10508014,63.56791363,5.794289715,62.20279647,mothbeans
37,57,20,31.1006247,44.82069159,7.354286985,70.79934452,mothbeans
32,48,18,26.45707778,56.40226277,5.993513566,64.16167699,mothbeans
29,44,20,30.04132304,63.56222995,8.620107545,31.83192392,mothbeans
25,51,18,27.77799528,54.82130787,9.45949344,50.28438729,mothbeans
10,44,24,30.99256944,43.02151392,8.0344125,58.27600682,mothbeans
23,35,18,26.4908332,47.36534833,5.414492777,36.99362831,mothbeans
9,60,23,31.96987867,57.17377029,6.276004336,64.25520357,mothbeans
3,58,21,25.36140526,46.82652785,9.160691747,55.60523179,mothbeans
22,42,22,25.54249137,56.96640758,7.887658711,48.46797044,mothbeans
12,39,21,28.99319096,62.85948245,8.183844843,70.4713043,mothbeans
39,36,22,29.34317422,60.50320928,9.072011412,34.03335472,mothbeans
32,41,16,28.63618921,61.39451307,7.702287236,68.54877876,mothbeans
30,41,15,24.83206631,44.17085032,5.88509677,52.0810886,mothbeans
19,36,22,25.44689075,58.55363573,6.16496284,57.04826619,mothbeans
4,46,15,31.01274943,62.40392519,3.504752314,63.77192383,mothbeans
21,39,20,27.06179658,52.3003173,7.388007483,60.74583498,mothbeans
35,57,25,27.0956288,42.26206161,8.340398059,71.1271039,mothbeans
22,55,24,28.56800579,57.30636014,8.66077954,64.53027638,mothbeans
35,51,17,28.79929247,49.84213387,3.558822825,40.85534718,mothbeans
17,56,17,27.94293692,45.41393636,5.9565851,69.66289997,mothbeans
28,57,17,30.47757686,61.58245338,9.416003106,61.86633917,mothbeans
22,36,16,30.58139475,50.77148138,8.18422855,64.58559639,mothbeans
11,41,19,26.85911286,41.81420849,5.131779302,44.13827124,mothbeans
38,38,18,26.31051759,61.18749126,6.294130313,35.73403813,mothbeans
23,37,24,28.77833449,44.2252605,7.991902443,33.95825723,mothbeans
25,35,20,28.90245417,43.35365671,8.923095695,71.90018566,mothbeans
40,45,20,29.37687468,57.69622912,6.878498176,38.34303462,mothbeans
23,58,19,24.17093241,58.25204566,5.243634849,59.18953429,mothbeans
2,56,23,26.65333029,59.79023382,7.550090941,36.91852635,mothbeans
3,56,17,28.19912143,53.50567601,8.709291688,52.13580529,mothbeans
26,51,25,28.76488954,52.62741529,7.792508068,55.21606732,mothbeans
39,42,20,29.3499706,61.25353851,8.055908858,40.82840673,mothbeans
27,59,20,28.00937423,52.60950014,4.397698806,36.01203025,mothbeans
24,45,19,26.85851927,48.8246387,5.952384957,34.7426459,mothbeans
7,40,17,31.2123945,40.92604945,8.532078733,53.78769958,mothbeans
15,45,23,24.20422636,61.43378674,7.224193642,46.0203959,mothbeans
26,52,23,29.98835437,49.60384796,4.931890506,52.92929636,mothbeans
20,45,16,29.93964907,54.61813464,4.626212446,45.43669946,mothbeans
34,54,24,31.2119298,41.55934359,5.026003659,68.80141783,mothbeans
19,51,25,26.80474415,48.23991436,3.5253661,43.87801983,mothbeans
29,41,21,31.49398069,62.84916863,8.86979671,64.56807592,mothbeans
20,50,22,30.99694676,46.42693735,9.406887533,38.31597852,mothbeans
11,40,23,29.61253065,63.04749127,5.80428611,50.1978269,mothbeans
15,54,15,29.97604322,57.03184356,8.35495812,44.86052932,mothbeans
35,55,22,30.88883074,52.62696801,8.634929739,55.51932414,mothbeans
9,59,25,30.39321309,60.16299493,7.699200949,35.37493212,mothbeans
40,45,18,30.43683729,55.20522037,5.261285926,30.92014047,mothbeans
35,38,19,25.32688786,63.18180319,9.112771682,32.71129281,mothbeans
14,58,17,30.53684308,59.96664731,4.605700542,33.48919022,mothbeans
40,55,18,30.38257873,40.5926071,7.115994051,47.95406479,mothbeans
18,36,23,24.01825377,53.76623369,7.214078621,35.03404425,mothbeans
35,52,15,28.69841277,61.14754363,9.93509073,65.67591794,mothbeans
4,59,22,29.33743412,49.00323081,8.914074888,42.44054315,mothbeans
22,51,16,27.96583691,61.34900107,8.639586199,70.10472076,mothbeans
33,47,17,24.86803974,48.27531965,8.621514073,63.9187654,mothbeans
2,51,17,25.87682261,45.96341933,5.838508699,38.53254678,mothbeans
16,51,21,31.01963639,49.9767522,3.532008668,32.81296548,mothbeans
19,55,20,27.43329405,87.80507732,7.18530147,54.73367631,mungbean
8,54,20,28.3340432,80.77275974,7.034214276,38.7976407,mungbean
36,55,20,27.01470397,84.34262707,6.635968698,55.296354,mungbean
10,56,16,28.17432665,81.04554836,6.828187499,36.35720652,mungbean
22,56,17,29.87888063,87.32761241,6.89077995,44.75215854,mungbean
9,57,24,29.89232778,89.71503316,7.165121109,42.99498978,mungbean
34,59,23,28.56212158,83.24855855,6.935804256,56.48265193,mungbean
31,51,25,27.53592929,85.5701901,7.196774236,53.01899249,mungbean
0,49,18,29.68361658,87.93598094,6.990095452,41.82490236,mungbean
21,39,20,28.14448546,82.1193047,7.064782138,46.75690086,mungbean
28,35,22,29.53037621,86.73346018,7.156563094,59.87232071,mungbean
17,52,17,27.88352946,86.45147631,6.364967184,44.64407105,mungbean
24,42,23,28.22471276,82.35916228,6.428054409,44.01206619,mungbean
28,46,16,29.008124,84.96089355,6.664187809,45.91011391,mungbean
21,38,21,29.75538903,86.45193297,6.637677489,37.54602719,mungbean
34,60,25,29.78416743,85.16906976,6.79385576,40.77872823,mungbean
19,53,22,27.8640132,80.4513142,6.852884643,42.83053902,mungbean
31,58,15,27.11026483,84.96771717,7.121571293,51.52617423,mungbean
19,35,24,27.11030369,83.64274107,6.883308033,49.11964582,mungbean
24,53,17,28.95451232,89.07866095,6.421271178,57.65901369,mungbean
13,47,20,29.21780035,87.93724219,6.54450214,43.1386631,mungbean
31,53,16,28.7420098,85.81675947,6.452006451,48.54598575,mungbean
28,45,23,29.65021184,80.29868321,6.489259136,56.76278363,mungbean
31,37,21,27.23924995,86.404241,6.713410626,37.31236904,mungbean
33,60,15,28.95172351,81.67085323,6.510840928,56.51103293,mungbean
34,45,21,28.18837136,82.60629652,6.287380117,37.01110438,mungbean
13,57,25,28.30041493,86.20681554,6.86308576,50.47333854,mungbean
33,57,17,27.89636126,88.71782287,6.78415271,57.79863368,mungbean
32,57,22,28.6899851,87.50436797,6.769415888,44.56598352,mungbean
23,59,25,27.8262623,88.73100226,6.320768488,56.68833819,mungbean
35,41,18,28.70562673,81.59200689,6.705008504,59.87065439,mungbean
6,48,24,28.6362812,84.61431076,6.790736339,48.48319335,mungbean
29,36,25,28.28511547,88.4393979,7.130278657,48.56690235,mungbean
4,36,22,27.60887393,86.13316408,7.012740397,43.80041104,mungbean
10,59,22,28.60901145,86.99495766,7.155685016,36.94616965,mungbean
14,48,21,29.24598976,84.80084105,6.991242362,53.43228915,mungbean
8,50,21,28.62911222,89.1148059,6.218923893,50.49913241,mungbean
20,40,15,29.57329479,88.07505524,7.199495368,45.04467075,mungbean
36,43,22,27.82684262,87.16679147,6.389882166,58.37249772,mungbean
14,57,15,29.8757015,83.14796296,6.623438282,40.12044158,mungbean
11,60,23,27.33684386,88.50229102,7.033012777,51.09802625,mungbean
10,59,15,29.83040388,89.30428305,6.32400451,58.86687093,mungbean
7,60,25,28.2753171,82.76020821,6.397636709,56.04995423,mungbean
2,47,15,29.86860065,85.99127934,6.401455706,58.41394143,mungbean
20,45,22,29.5888162,89.9939693,6.904587016,54.96121262,mungbean
2,39,15,28.07219563,82.9116472,6.478557136,49.61865305,mungbean
27,40,24,27.84026517,89.99615558,7.063022095,52.84626009,mungbean
35,48,15,27.10818093,87.4512669,6.981758362,55.03723979,mungbean
4,59,25,27.68515114,81.94268594,6.227134139,54.62243308,mungbean
1,48,24,29.34594634,85.60472562,6.232836962,59.03629954,mungbean
36,43,21,28.36319404,84.8593608,7.140437859,52.93031105,mungbean
11,46,24,27.65280218,89.80650642,6.459252023,56.52558045,mungbean
34,47,19,27.31372793,85.44815232,6.568795404,53.15223123,mungbean
21,44,18,27.06909959,86.89934108,7.12851089,50.46746116,mungbean
17,58,20,28.06642822,85.91625451,6.42937879,39.23831035,mungbean
25,40,21,27.73329078,81.13903037,6.248900919,44.17580911,mungbean
2,38,18,27.53632932,89.92908171,6.619891498,45.48591922,mungbean
9,48,20,29.66461594,84.28187572,6.377568542,56.09542002,mungbean
37,49,25,29.9145443,85.85384444,6.415459592,41.39081525,mungbean
36,38,15,28.36363858,87.59810657,6.320662012,57.99524359,mungbean
40,58,15,29.46416042,87.60890009,6.978400282,43.15411472,mungbean
30,44,16,29.73013036,82.89166381,6.442335593,50.91511275,mungbean
1,59,23,27.46852989,87.17649,7.184398832,43.78420984,mungbean
9,48,22,27.77076285,87.09979549,6.402926221,49.50812624,mungbean
14,41,17,29.12939524,88.48312598,7.085982325,36.45012824,mungbean
35,52,19,27.10606808,89.89593328,6.698574085,37.45680611,mungbean
31,48,17,28.88078945,86.94206817,6.594739424,53.79732545,mungbean
4,41,20,28.14720892,83.8001509,6.647965508,37.44800463,mungbean
30,37,25,29.89129144,80.14487166,7.120032489,54.7960127,mungbean
9,35,20,27.41503453,80.98004661,6.91380932,40.53173216,mungbean
20,41,20,29.27308605,89.4875022,7.073048264,50.9246554,mungbean
37,50,23,29.65296893,88.48587386,6.5304707,56.01913159,mungbean
34,35,21,28.44524991,82.67639542,6.684381357,58.18713162,mungbean
14,37,15,27.96235681,83.97586797,6.581351374,48.9366954,mungbean
23,39,22,29.25649321,81.97952224,6.86483915,42.02483277,mungbean
5,45,21,28.36291385,88.00989267,6.487124217,43.05130077,mungbean
22,37,20,27.62749466,86.49366929,6.605733068,39.26137642,mungbean
40,51,17,28.66086349,86.12194568,6.860602782,50.01534317,mungbean
27,56,20,29.2114218,87.11497805,6.41874299,51.53848218,mungbean
31,40,22,29.40889385,86.16063492,6.365513634,53.35486977,mungbean
38,36,21,28.02952623,84.8845732,6.556372966,36.12042927,mungbean
6,37,17,28.08657178,80.35005927,6.760694228,38.14476781,mungbean
6,47,18,29.16174608,80.28038146,6.715276663,40.16545979,mungbean
24,44,17,29.8596912,80.03499648,6.666380512,50.66487502,mungbean
25,59,19,29.06631494,83.6869203,6.626629798,43.95183726,mungbean
32,56,21,27.38538997,88.66663953,6.702772465,58.29933073,mungbean
8,45,18,27.93034941,85.42058715,7.011030515,43.25095608,mungbean
19,39,17,29.2808618,81.8009244,6.890156495,44.47427436,mungbean
39,37,15,28.9973145,83.78911515,6.821747052,59.84499208,mungbean
33,37,19,27.92678579,86.5543196,7.183189922,43.4826194,mungbean
26,54,17,28.5474135,88.9570454,6.27258822,49.4897245,mungbean
21,51,15,29.36488409,89.1886954,6.679127482,48.30159325,mungbean
22,54,20,28.56149805,83.63802195,6.689825155,41.013132,mungbean
29,45,16,28.43683487,87.91332682,6.583381939,43.12063289,mungbean
4,40,21,28.79728147,80.45744422,6.725551062,44.30070517,mungbean
10,37,22,28.7275267,89.12760359,7.069747814,58.52974279,mungbean
4,44,19,27.95639663,83.52706038,6.921993878,43.25726752,mungbean
20,45,17,28.17458662,83.69659318,6.770955317,37.2464655,mungbean
23,45,23,28.77653519,86.69133979,6.983130466,56.12443206,mungbean
25,48,21,28.438097,83.48991368,6.267684328,52.55469976,mungbean
56,79,15,29.48439992,63.19915325,7.454532137,71.89090748,blackgram
25,62,21,26.73433965,68.13999721,7.040056094,67.15096376,blackgram
42,61,22,26.27274407,62.28814857,7.418650668,70.23207557,blackgram
42,73,25,34.03679184,67.21113844,6.501869314,73.23573601,blackgram
44,58,18,28.03644051,65.06601664,6.814410928,72.49507741,blackgram
50,55,16,28.81460716,65.33538112,7.581442888,62.26242533,blackgram
35,72,21,34.03619494,64.28791388,7.741418772,66.85510868,blackgram
30,64,20,33.8642935,61.57072498,6.573531614,68.02199825,blackgram
27,64,21,32.84213012,68.68401492,7.543804223,73.67166182,blackgram
50,74,17,27.10053268,63.36085585,6.5408208,73.84949872,blackgram
39,73,24,25.65842532,61.18235808,7.22405917,69.28607828,blackgram
57,67,25,32.34744009,66.61452812,7.551364319,64.55882254,blackgram
52,63,19,29.58949031,68.32176769,6.928898659,67.53021213,blackgram
55,66,22,30.91219459,68.79427388,7.747775263,66.63830637,blackgram
51,56,18,28.12787838,64.2097765,6.706505915,70.86340755,blackgram
36,66,15,30.08545364,69.34811988,6.668238556,67.1367443,blackgram
59,55,19,31.74379487,62.51007687,7.332375138,68.97097538,blackgram
50,58,23,27.81326852,62.50460464,7.596802025,69.75555541,blackgram
30,65,25,32.88733849,64.59457409,7.70650895,71.50569456,blackgram
20,62,18,29.36358721,64.98742947,7.366542647,61.91208707,blackgram
58,71,15,27.82592799,67.5861883,6.919243702,74.01229707,blackgram
25,71,24,28.49538735,60.44848407,7.187721818,74.91559514,blackgram
52,71,16,27.74274761,68.53997144,7.075886472,71.78615328,blackgram
40,63,18,30.41588462,67.66323804,6.74441168,63.02473185,blackgram
20,60,25,27.3254209,69.09047809,6.726469088,61.19250859,blackgram
48,61,21,30.28496619,61.69295127,6.628264883,65.62859526,blackgram
49,68,22,28.56840626,61.53278622,7.127064207,63.49726331,blackgram
48,62,15,25.36586097,66.6379724,7.538631462,65.81655892,blackgram
32,66,17,34.9466155,65.26774011,7.162357641,70.1415139,blackgram
21,63,22,25.09737391,67.72837887,6.859409487,74.61649888,blackgram
20,72,19,32.47648301,64.34848735,7.397190844,65.820457,blackgram
25,65,21,33.86351172,68.59232289,6.880245789,69.24464096,blackgram
41,78,21,25.19857725,60.37332688,6.581313137,70.88787207,blackgram
53,67,17,31.77681682,69.01852894,7.296972161,61.46892873,blackgram
39,60,21,34.89814946,63.59948557,6.97297656,64.72797143,blackgram
25,76,17,31.74105409,68.63525428,7.241148507,62.3061735,blackgram
21,78,19,27.16159076,66.76017239,6.92009048,69.85112265,blackgram
57,60,17,26.23773129,67.88521396,7.504608385,73.58663968,blackgram
56,75,15,30.20157245,60.06534859,7.152272256,66.37171179,blackgram
49,72,15,31.55846339,67.83563765,7.137004749,74.86960831,blackgram
24,80,19,29.67892453,69.0854554,6.808041722,65.66436565,blackgram
49,76,18,27.05365239,67.7017527,7.393631868,60.4693835,blackgram
28,68,19,34.63880966,61.38597868,7.69950698,72.43169115,blackgram
55,78,21,33.39438752,62.93692886,6.602888249,63.57445989,blackgram
50,64,25,28.84079155,63.37230676,6.734447425,70.25496749,blackgram
34,80,19,31.49338309,63.0563645,6.521217963,71.48327008,blackgram
20,68,23,25.54960633,63.95425534,7.707332484,63.1830529,blackgram
55,67,16,34.37329112,69.69366426,6.596719015,70.27184748,blackgram
23,70,15,34.6008247,63.11296779,7.403623355,60.41790253,blackgram
53,74,15,29.43463808,64.94329356,7.517097,72.17818157,blackgram
26,67,16,29.10713092,67.90577375,7.17620823,67.83345933,blackgram
33,80,22,28.57006111,65.71765781,6.593961761,70.0866434,blackgram
37,79,19,27.54384835,69.3478631,7.143942758,69.40878198,blackgram
33,75,21,33.04687968,68.93875631,6.690655045,62.30278274,blackgram
22,55,20,33.95309131,69.96100028,7.423530351,61.16350463,blackgram
20,68,17,30.11873003,60.11680815,6.578714843,71.72980375,blackgram
43,68,20,29.57812712,66.17587668,7.497469256,69.43895491,blackgram
44,76,22,27.26458947,68.01232937,7.775306272,68.91754359,blackgram
34,60,16,31.35730791,64.24992106,7.322555223,63.85668948,blackgram
21,72,17,31.52104732,66.55723677,7.580527339,61.71111448,blackgram
25,68,19,29.39982732,64.25510719,7.108450121,67.47677295,blackgram
41,62,15,29.38400259,64.14928485,7.358974541,65.24194361,blackgram
28,65,23,28.38686534,61.88871127,7.405176138,74.24459122,blackgram
35,64,15,28.47442276,63.53604453,6.500144962,69.5274407,blackgram
52,58,16,30.64095781,61.14508627,7.167435834,71.36947525,blackgram
58,75,25,25.25596239,61.36669662,7.261791753,68.64685069,blackgram
34,66,19,32.97030511,60.18122078,7.586642101,73.44678678,blackgram
52,70,16,33.66855394,66.60416867,7.534811833,67.32520551,blackgram
23,57,19,32.83963757,67.99803573,7.251000789,73.40452716,blackgram
42,58,25,27.45853567,62.90020977,6.513620918,69.46020927,blackgram
37,62,17,25.68576704,69.84354028,7.121254928,74.62068748,blackgram
44,75,22,30.0328403,64.14800537,7.574561547,71.21006868,blackgram
21,80,20,28.20667264,68.27085245,7.350869792,64.32887142,blackgram
56,76,16,28.27265858,61.18956161,7.513151076,63.29900785,blackgram
29,76,15,28.5417236,64.2020154,7.025607706,69.68862306,blackgram
43,61,20,26.87187036,61.61367264,6.804253866,63.51822045,blackgram
55,60,15,32.79766751,68.77994074,7.163043872,64.11411069,blackgram
44,63,15,26.42333018,64.51136845,7.338929556,63.46546487,blackgram
29,67,21,29.79181107,63.38789228,6.621323612,63.02169909,blackgram
47,63,16,27.44003279,67.10464369,6.661870999,72.50669768,blackgram
40,68,17,34.1262979,65.14877461,7.733149554,70.40795007,blackgram
58,61,15,30.94908189,64.23364112,7.402891666,62.78730907,blackgram
41,74,18,28.75751783,61.02701476,6.599147298,73.37686831,blackgram
58,79,17,27.24766491,66.10123083,7.04174124,62.31842057,blackgram
27,62,24,28.63005477,66.770943,7.353876754,62.2737345,blackgram
27,60,17,26.41768321,63.64698302,7.026795359,64.42177127,blackgram
52,65,20,32.81705216,66.15665137,6.814301033,68.83924882,blackgram
44,55,25,29.6321052,65.91359954,7.42160832,71.16331975,blackgram
21,62,24,33.49077065,62.73317204,6.847382891,65.45328463,blackgram
60,59,22,31.86847286,66.74217464,7.191522601,74.22238583,blackgram
33,77,21,30.32992227,65.62971858,7.01285529,71.64631281,blackgram
59,58,17,28.546224,66.31394098,7.368318809,62.83469851,blackgram
29,63,17,30.02629908,67.88811637,7.26154329,66.47264636,blackgram
59,63,18,31.65531175,60.13263713,6.52669158,66.69096751,blackgram
29,70,15,30.33499674,63.54718862,6.872594461,74.16699119,blackgram
58,73,16,33.36984395,65.67718163,6.874142175,64.89517488,blackgram
55,77,22,31.4345059,62.99303471,7.76061831,64.77651469,blackgram
42,79,23,27.71678273,63.29103387,6.781841984,68.56507978,blackgram
44,77,21,32.63918668,61.3009051,7.326980454,61.83876146,blackgram
38,62,25,32.7477393,67.77954584,7.453975408,63.37784443,blackgram
32,76,15,28.05153602,63.49802189,7.604110177,43.35795377,lentil
13,61,22,19.44084326,63.27771461,7.728832424,46.83130119,lentil
38,60,20,29.84823072,60.63872613,7.491217102,46.80452595,lentil
11,74,17,21.36383757,69.92375891,6.633864582,46.6352865,lentil
37,71,16,26.28663931,68.51966729,7.324863481,46.13833007,lentil
29,71,18,22.17499963,62.13873825,6.410441476,53.46622584,lentil
2,72,18,26.57597546,60.97876599,7.836719564,50.89110726,lentil
6,59,21,26.58972517,66.14007674,6.139215944,50.90994463,lentil
13,64,20,19.1345771,62.57526895,6.590571088,36.46946971,lentil
8,58,17,28.75273118,69.15640149,7.286049978,35.15426171,lentil
6,77,20,25.78746268,60.2816298,6.058306161,49.14337177,lentil
2,75,22,23.89271875,61.78779413,6.658605362,52.55730112,lentil
3,69,23,28.67408774,63.18832976,7.299360767,42.96018627,lentil
27,80,24,28.42062847,61.77336343,7.815210661,49.02366803,lentil
39,78,15,21.35499456,62.60136323,5.925391795,41.78219834,lentil
40,79,17,21.12695586,63.18738532,6.403683619,38.71834464,lentil
37,62,22,24.02037872,61.62313345,7.397546271,49.78102578,lentil
31,60,24,25.40474421,65.8567539,7.722335992,51.92057267,lentil
22,67,22,29.03017561,64.49166566,7.475926645,54.9393771,lentil
3,78,18,20.21368219,68.65257685,6.887130053,50.89732989,lentil
4,80,16,29.19585548,68.01965728,7.441976825,44.93261911,lentil
13,61,24,18.29783597,69.6897615,7.629910253,49.39111479,lentil
12,66,20,27.41434987,63.41785982,7.336117221,44.43177543,lentil
4,61,21,24.84063998,60.09116626,6.75020529,48.77790371,lentil
9,60,21,29.94413861,67.31323084,7.52178027,40.37113729,lentil
18,66,22,25.87990287,67.55109024,6.347379185,47.89645224,lentil
32,56,18,20.0467711,65.84395319,7.135251532,46.05333124,lentil
6,72,15,22.99451999,66.70897237,7.670178119,54.49044154,lentil
15,77,20,25.13163619,66.92642362,7.399749291,49.04015558,lentil
0,65,24,28.49584395,62.44616219,7.841496029,53.14531023,lentil
30,79,22,18.28766124,69.48515056,6.254216611,48.60449438,lentil
3,63,16,24.38041875,61.18458224,6.868881708,53.13946695,lentil
2,78,23,21.31852148,66.43934593,7.320514721,45.42616802,lentil
10,78,18,18.54141834,62.70637578,6.296976913,44.07819743,lentil
14,67,25,25.28710601,60.85993533,7.241151936,49.37369982,lentil
39,65,23,25.43459777,69.12613376,7.685959305,41.02682925,lentil
19,72,15,28.83600962,69.76112921,6.890760124,44.08562546,lentil
18,57,21,27.37659643,63.93927841,6.155915975,49.47371773,lentil
31,58,15,28.31886863,60.19461399,6.167855382,45.36521251,lentil
28,58,25,27.4818649,62.04814951,6.861640036,37.81123974,lentil
5,65,19,18.28072173,68.10365387,6.978361689,48.80253285,lentil
16,65,19,27.61204997,69.29786244,7.043160241,42.72374404,lentil
34,65,19,23.43974653,63.22011726,5.94239222,45.40277297,lentil
14,69,19,20.95628486,63.68128841,7.239455147,52.39881209,lentil
22,55,16,23.7937153,68.03209183,6.516317561,49.73922097,lentil
24,61,17,22.6371424,65.44544859,6.233269045,38.30411077,lentil
2,79,15,21.53577883,65.47227704,7.505283615,35.75107592,lentil
26,63,17,29.87854588,65.73085206,6.950300686,44.95654782,lentil
27,61,15,25.2653291,67.10004577,6.958054839,48.33941188,lentil
24,70,16,25.17885316,68.93307305,6.54803469,35.03484812,lentil
13,74,25,24.12192608,61.09533545,6.461618577,44.23629285,lentil
6,64,23,23.33565221,67.40460704,7.065264073,36.18678721,lentil
12,58,23,21.74600081,63.39503184,6.765091462,50.43306085,lentil
32,79,22,27.60195453,63.46170674,5.91645379,54.37814199,lentil
6,68,18,24.388717,62.50453062,6.711341147,47.26052494,lentil
10,79,20,24.98287462,66.895409,6.379881442,38.21370568,lentil
38,77,22,28.234829,69.3159965,6.313284268,35.36831423,lentil
17,74,17,26.03026959,69.55863145,7.393210848,37.11395801,lentil
26,68,24,28.04849594,64.07691942,7.504930973,37.15824966,lentil
23,75,17,24.87425505,64.00213929,7.198076286,48.28137482,lentil
32,78,22,23.97081395,62.35557553,7.007037515,53.40906048,lentil
19,79,19,20.06003985,67.76252583,6.677262562,42.89509057,lentil
22,60,18,19.59221047,61.28633405,6.74398035,41.7704893,lentil
28,69,16,29.77013109,66.29327012,6.547361618,35.69674138,lentil
1,67,21,27.52135365,60.53657684,6.551577598,48.06491307,lentil
12,67,23,25.62896213,63.14909763,6.585020303,45.49683991,lentil
36,67,20,20.39078312,60.47528931,6.924042372,53.31508572,lentil
28,70,21,25.39038396,60.4989659,7.437373666,39.18374505,lentil
12,71,19,24.91079638,60.71367427,7.142611056,42.19740397,lentil
22,68,16,27.70496805,63.20915034,7.74672376,37.46160727,lentil
26,66,22,18.06486101,65.1034354,6.300479414,51.54922825,lentil
16,65,16,18.13027797,62.45851612,6.078724107,50.6128521,lentil
14,59,22,23.82723528,67.89815262,6.76660668,46.90725077,lentil
33,59,19,23.19305333,62.74710773,7.641024177,49.55213308,lentil
21,63,17,25.08966129,68.17543102,6.559681838,41.45486619,lentil
0,69,21,25.86928193,61.88321072,7.072923306,36.68284038,lentil
10,75,17,18.43966037,68.05394959,7.732194788,39.00992137,lentil
30,61,18,27.14911056,67.02664337,6.157782589,52.50812701,lentil
0,74,17,23.33375853,64.50515776,7.240988401,47.01510708,lentil
35,74,22,26.7230014,62.96841833,6.898905799,42.87274897,lentil
7,63,24,19.55750776,64.45268309,6.818681086,53.04669416,lentil
9,56,17,26.13708256,66.7729209,6.261937875,46.48280681,lentil
14,74,15,27.99990346,65.57653373,6.493036868,49.94043064,lentil
14,76,20,29.05941162,62.10652364,7.042474679,36.5011366,lentil
36,65,16,25.71269843,64.1123333,7.692013657,50.17067771,lentil
28,67,21,21.79792649,63.73086065,6.250994223,46.62370222,lentil
28,79,16,24.70626432,60.26854183,6.052184881,53.12442925,lentil
40,61,22,20.94981756,65.8108757,7.002216044,44.23913012,lentil
10,70,19,24.84918386,68.98088448,7.272427638,41.61080544,lentil
12,80,19,21.91041045,65.21662467,5.962001484,36.10211371,lentil
37,77,20,25.93381964,68.70533022,7.080506001,51.02372773,lentil
0,67,22,29.82112112,69.4073209,6.593798387,51.56461082,lentil
7,73,25,27.52185591,63.13215259,7.28805662,45.20841071,lentil
10,56,18,27.99627907,68.6428593,7.32710972,46.10585191,lentil
39,70,15,20.76774783,63.90164154,6.366355781,47.9271552,lentil
26,56,22,23.05276444,60.424786,7.011121216,52.60285259,lentil
9,77,17,21.65845777,63.58337146,6.280725549,38.07659414,lentil
4,59,19,26.25070298,67.62779652,7.621494566,40.8106299,lentil
34,73,15,20.97195263,63.83179889,7.630424083,53.10207889,lentil
33,77,15,23.89736406,66.32102048,7.802212437,40.74536757,lentil
2,24,38,24.55981624,91.63536236,5.922935513,111.9684622,pomegranate
6,18,37,19.65690085,89.93701023,5.937649578,108.0458926,pomegranate
8,26,36,18.78359608,87.4024767,6.804781106,102.5184759,pomegranate
37,18,39,24.1469628,94.5110662,6.424670614,110.2316633,pomegranate
0,27,38,22.44581266,89.90147027,6.738016221,109.3905998,pomegranate
31,25,38,24.96273236,92.40501423,6.497366677,109.4169192,pomegranate
21,21,38,22.5526059,89.3259486,6.327673765,104.8955643,pomegranate
6,30,40,22.77035608,91.45498527,6.36137446,106.9659201,pomegranate
25,27,41,19.20090378,94.27659596,6.923509371,108.0423555,pomegranate
15,11,38,23.12808226,92.68328358,6.630646083,109.3930157,pomegranate
14,5,36,24.92639065,85.19098079,5.832525853,104.7693804,pomegranate
16,10,41,24.77464458,85.63608688,6.738993954,105.7595811,pomegranate
36,7,37,19.8671184,86.35590206,5.782435567,108.3168858,pomegranate
4,20,41,24.26601316,93.7974061,6.537042717,104.5375109,pomegranate
29,22,40,23.62600218,89.73266695,6.145104401,107.6836871,pomegranate
16,15,42,19.67832052,89.08935702,6.890784045,108.5468633,pomegranate
18,27,41,22.36509395,92.30882391,7.175344328,104.8216333,pomegranate
11,18,42,21.57936934,94.88267728,5.938528744,102.8593382,pomegranate
5,15,38,18.26233221,88.16779129,5.709380472,108.0756727,pomegranate
18,23,44,23.71028128,89.61794165,6.184400085,105.6499907,pomegranate
9,8,40,22.48720144,89.9224883,6.553509673,111.6631582,pomegranate
40,27,45,21.6602498,94.79397419,5.885638185,112.4349689,pomegranate
22,23,44,20.13037175,89.31505137,6.143874691,107.3416913,pomegranate
9,16,39,18.41164435,91.11927248,6.101198974,105.1834976,pomegranate
12,29,40,19.68291173,89.75272999,6.594037135,111.2818551,pomegranate
0,17,42,23.20242586,91.19442671,6.859840821,109.0946323,pomegranate
2,21,44,18.92157197,87.31290342,6.56893406,102.8013275,pomegranate
28,6,40,22.10621387,91.34039616,6.769855664,106.8704803,pomegranate
8,23,44,18.47412402,89.68919664,7.130837931,108.4758509,pomegranate
29,16,36,19.81069447,88.92944254,5.740338002,102.860084,pomegranate
17,18,43,24.4880844,90.83687246,5.843005428,103.1969341,pomegranate
34,21,42,18.75927679,89.93457597,6.648687274,111.0196744,pomegranate
21,23,42,19.54128063,90.29751796,6.902751061,104.3739878,pomegranate
25,17,40,18.91251245,87.74938524,6.608023872,111.2800516,pomegranate
8,25,36,19.91330523,94.95031368,6.828522375,104.0277061,pomegranate
26,18,42,19.72620525,89.64934166,6.910374919,108.2287276,pomegranate
4,19,42,23.83185873,87.84034604,6.306605528,111.2232716,pomegranate
36,24,41,24.94467632,94.25702672,7.009180374,103.8799347,pomegranate
5,24,40,24.692258,93.87030088,6.297907579,104.6735454,pomegranate
19,17,39,24.72485577,85.56083187,6.728599215,111.2787584,pomegranate
39,30,38,20.12644921,87.59629625,6.965156738,108.065579,pomegranate
5,29,44,21.02432943,93.0569505,5.578095745,104.7847006,pomegranate
4,24,43,22.40423537,88.1508343,7.199504273,109.8695196,pomegranate
38,21,35,20.33691147,89.38003827,5.841367187,110.9653137,pomegranate
37,11,36,24.24779615,85.56033312,6.710143266,106.9216033,pomegranate
9,25,41,24.81530144,91.90842992,5.972714857,109.2853418,pomegranate
29,22,43,19.66329768,87.95158129,5.561851831,106.0380805,pomegranate
5,21,38,22.43377991,90.3396556,6.107054808,112.459697,pomegranate
22,26,38,22.92052307,85.12912161,6.988035315,110.2437841,pomegranate
4,18,37,22.91843172,85.40695044,7.13147457,106.2817706,pomegranate
21,6,41,24.88244467,89.39686219,7.086947687,107.1951707,pomegranate
29,21,45,23.40981539,93.13277,6.749260456,105.2240743,pomegranate
23,5,44,21.20725375,94.26304717,7.16300467,107.5660804,pomegranate
13,7,43,18.20230419,91.12282162,7.013481515,109.6623974,pomegranate
5,13,37,22.34375696,89.7870345,5.648243649,103.3183074,pomegranate
27,24,41,24.32770134,90.88292835,6.610251186,110.4606459,pomegranate
7,23,35,19.75088482,88.71691157,7.054313823,102.5538035,pomegranate
12,20,39,19.86173586,86.19740917,6.026999326,111.0217929,pomegranate
4,19,43,18.07132963,93.14554876,5.779427402,106.3602023,pomegranate
3,9,45,23.89162561,89.61850203,6.535244251,104.617522,pomegranate
1,27,36,23.98598756,93.34236582,5.684995235,104.991282,pomegranate
23,30,44,20.93892916,85.42912869,6.12476108,103.0295938,pomegranate
24,21,42,20.82210727,87.22815682,6.999014379,109.4429934,pomegranate
13,30,37,20.86474944,91.61793636,6.277148771,106.8685636,pomegranate
40,11,44,24.45840036,86.10874614,6.322396027,111.3779693,pomegranate
21,9,40,24.51147697,90.64498715,5.956401828,105.6209954,pomegranate
3,27,44,24.56811204,92.03009222,6.591302797,110.9633894,pomegranate
40,29,42,24.63228709,89.01574455,7.104094929,110.6956184,pomegranate
14,25,40,20.07386547,90.97819712,6.407872061,103.7084055,pomegranate
38,14,37,21.80523051,94.63612858,6.658402594,102.6488846,pomegranate
34,9,36,22.8122645,86.34233767,6.276038961,110.4432293,pomegranate
32,14,37,22.73031253,88.48567856,6.825256236,104.6843243,pomegranate
18,21,35,23.2801227,94.94330457,6.368560522,111.1382096,pomegranate
8,23,38,19.30106297,87.1775172,7.005410734,105.4766591,pomegranate
15,6,41,19.0087067,88.83768149,6.897368477,108.6793978,pomegranate
0,5,36,24.35193812,90.88612388,6.152906502,105.529185,pomegranate
22,9,44,24.72235539,88.87651295,5.744361602,112.1926517,pomegranate
14,8,43,21.92513945,94.46485312,7.051654924,111.7162016,pomegranate
31,11,45,24.83954414,86.88738076,6.034612928,107.6435771,pomegranate
39,17,45,18.09691127,90.42177379,6.924490731,104.88189,pomegranate
10,5,42,20.24104904,91.08706822,6.887005997,109.2537734,pomegranate
8,28,38,23.22594,94.42971362,6.8444019,105.6917856,pomegranate
32,13,42,23.50128217,92.97527546,5.786058032,106.61905,pomegranate
18,9,40,19.44623085,89.02127045,5.627186257,106.1606833,pomegranate
20,27,41,20.51343484,92.51675903,5.700088663,110.5764023,pomegranate
39,25,36,18.90223032,94.99897537,5.567805185,107.6103211,pomegranate
20,7,45,18.90592319,89.24126808,6.077886012,112.4750941,pomegranate
11,10,45,22.63045168,88.45577158,6.397995609,109.0357597,pomegranate
40,18,43,19.38603815,86.79058496,5.767372539,109.9130984,pomegranate
3,26,39,24.38318965,91.19431555,7.079973241,103.6012114,pomegranate
9,16,36,23.77989026,92.93386903,5.893332378,106.977723,pomegranate
30,20,38,22.59890174,93.16343942,7.058222596,110.0932899,pomegranate
40,9,41,24.37766782,85.4017118,5.78270695,106.128338,pomegranate
40,30,35,20.89273273,91.07776977,6.269663963,104.4407083,pomegranate
32,25,35,18.09903225,85.70786282,5.892913826,107.0050976,pomegranate
33,23,45,20.00218987,85.83618191,7.116538883,112.337046,pomegranate
4,14,41,19.85139326,89.80732335,6.430163481,102.8186358,pomegranate
13,17,45,21.25433607,92.65058936,7.159520979,106.2784673,pomegranate
39,24,39,23.65374106,93.32657504,6.431265737,109.8076178,pomegranate
8,28,37,23.88404783,86.20613842,6.082571701,108.3121789,pomegranate
91,94,46,29.36792366,76.24900101,6.149934034,92.82840911,banana
105,95,50,27.33368994,83.67675197,5.849076099,101.0494791,banana
108,92,53,27.40053601,82.96221306,6.276800323,104.9378,banana
86,76,54,29.3159075,80.11585705,5.926824754,90.10978128,banana
80,77,49,26.05433004,79.39654531,5.519088423,113.2297373,banana
93,94,53,25.86632408,84.42379269,6.079178788,114.5357503,banana
90,92,55,27.00932084,80.18546798,6.13465588,97.32531705,banana
108,89,53,29.55054817,78.06762846,5.808497604,99.34482238,banana
108,88,55,26.28845991,83.390039,5.891458107,113.8729798,banana
105,77,52,29.16226551,76.16151562,5.816622479,100.0075679,banana
118,88,52,28.65003945,82.68752542,5.843163161,98.75084366,banana
101,87,54,29.07311132,76.50045221,6.376756633,100.1692639,banana
95,75,50,28.08166093,75.26429821,5.623615687,118.2761894,banana
106,85,53,27.1994597,78.8086068,5.91505509,99.72430835,banana
86,95,49,28.05484146,78.04602887,6.458714879,108.3957179,banana
83,79,55,25.14748006,83.34688193,5.565028635,98.66679427,banana
85,95,47,25.94019018,78.3422098,6.211833161,119.84797,banana
109,79,45,27.66752761,79.68542782,6.490074429,108.66464,banana
100,76,45,25.56703012,75.94067692,5.590236025,102.7867717,banana
117,86,48,28.6956201,82.54195839,6.225225239,116.1616839,banana
114,94,53,26.33544853,76.8532006,6.190757459,118.6858263,banana
110,78,50,25.93730186,78.89864446,5.915568968,98.21747528,banana
94,70,48,25.13686519,84.88394407,6.195152442,91.46442491,banana
80,71,47,27.50527651,80.79783998,6.156373499,105.0776992,banana
114,79,51,26.21009246,82.34429458,6.313197204,112.0700033,banana
88,78,45,29.10403455,79.19588629,6.324270089,92.07835761,banana
112,73,48,29.2440638,77.32017166,5.707488987,90.66727868,banana
117,76,47,25.56202173,77.38229006,6.119216009,93.10247183,banana
111,87,48,26.3985515,81.36028902,5.571401169,98.16752001,banana
89,83,47,28.09577643,77.79586769,5.63127166,109.5408614,banana
93,91,47,27.84767901,83.31110751,6.101241579,117.2878912,banana
92,81,52,27.39341554,81.4654833,6.438137279,94.31102057,banana
105,74,45,25.14517635,81.38204104,6.098369122,119.218154,banana
102,71,48,28.65456263,79.28693687,5.695267822,102.4633775,banana
94,91,51,29.16093424,76.67484233,5.618094446,109.575944,banana
116,71,47,27.57278064,82.0638878,6.435785799,91.34276507,banana
117,79,49,25.40909896,82.36208097,6.176644228,112.9794804,banana
119,72,55,25.99069521,83.33983116,6.220643671,112.0777152,banana
99,73,53,26.29039046,81.06003778,5.871702211,118.6730366,banana
91,84,52,29.14827211,78.71024836,6.390741836,117.536781,banana
80,90,47,26.59743595,79.35898915,6.21084479,107.3944717,banana
101,70,48,25.36059237,75.03193255,6.012696655,116.5531455,banana
108,89,53,29.12036889,80.18080728,5.908770059,112.3982055,banana
100,80,52,27.53911354,77.25629897,6.049801781,110.3262123,banana
109,91,53,29.66727337,83.51014178,6.010095853,110.2511102,banana
82,78,46,25.05802193,84.97323747,5.738678895,110.4408803,banana
106,70,55,25.86824781,78.52399914,5.74055541,116.3019555,banana
90,86,52,25.85036988,81.95580471,5.793260262,119.0856171,banana
83,95,50,26.51682337,77.79913575,5.50947065,108.8547508,banana
119,90,48,28.66725136,79.59242542,5.986442306,118.2583441,banana
107,72,45,28.14938935,81.54448882,5.790768046,91.40508414,banana
116,81,55,26.42313317,83.6995044,5.915546415,95.12322062,banana
101,75,50,26.59386409,81.40740301,6.242528278,109.9825551,banana
93,81,50,27.71822477,76.57853189,6.036079266,102.2099836,banana
95,75,45,28.98333432,82.95958244,5.829898502,109.022564,banana
107,71,55,29.42017919,83.96754496,6.088064451,117.229079,banana
83,94,47,27.39872329,81.10523402,6.469370954,112.1355384,banana
102,73,54,26.4020227,84.41007614,5.720726906,111.0162259,banana
86,79,45,27.81251452,82.69285419,5.80766417,99.20961514,banana
117,86,53,25.19640218,83.55829874,5.703381728,115.8586081,banana
111,79,53,28.31193338,75.77363772,6.165001278,119.695765,banana
95,74,50,25.90113128,80.47152737,6.002481605,110.10323,banana
91,75,55,27.48612983,76.11239849,6.212369363,109.2768851,banana
93,83,46,29.38254012,83.50423735,5.765308943,109.2486647,banana
92,85,51,29.22118628,81.08183635,5.740764682,108.8616474,banana
104,80,54,27.09062164,81.33506906,5.879119455,110.1331182,banana
103,72,51,26.12643374,81.81365007,6.099478745,104.4812858,banana
92,75,45,29.01207743,77.95192527,5.674403359,90.43495443,banana
93,85,49,27.96799119,79.28625709,5.694243847,119.4765557,banana
120,87,52,28.0764455,76.05522115,5.905494703,118.9923573,banana
108,72,46,25.16278237,84.97849241,6.110844721,90.94554618,banana
105,88,54,25.78749808,84.51194224,6.020445317,114.2005455,banana
98,79,50,25.34119774,84.47321314,6.435917308,91.06493353,banana
111,88,55,29.44795403,78.34971537,5.505393833,96.45042585,banana
97,74,45,26.47522633,78.51833782,5.677719902,113.1161095,banana
95,82,48,27.39489579,83.31172003,5.719014989,92.78133617,banana
89,91,55,25.08347445,80.261731,6.275572298,94.32961456,banana
89,85,55,26.6719835,76.48541655,6.275384607,91.73358569,banana
118,88,51,25.44926208,79.49221962,6.201911642,100.6619171,banana
101,92,45,28.22776705,80.6430384,5.758054257,98.00403016,banana
99,92,47,28.1279509,77.48247073,6.323933647,103.5045395,banana
82,77,46,28.9470467,82.1888998,5.901100841,95.83016448,banana
90,86,55,27.96236771,84.15403614,5.644486582,97.55986676,banana
95,88,52,28.00316034,78.90085998,6.235461772,94.68180316,banana
104,73,46,29.1400919,80.1190228,6.28236237,90.45142867,banana
102,73,52,27.9122104,83.36307683,6.356090905,90.24211529,banana
100,74,52,25.43480512,81.53977797,5.837258235,96.47800391,banana
94,89,48,28.55980972,84.51602322,5.653437902,111.0843029,banana
99,70,46,26.59580783,82.99556744,5.727469947,100.5123341,banana
112,87,48,27.19711623,77.3970629,6.200111068,99.46950465,banana
117,82,45,25.29391516,79.29122198,5.614471478,105.4220251,banana
96,86,51,29.90888522,76.98740841,6.257369799,91.99964712,banana
113,85,45,27.94972463,76.63713353,6.037430836,109.0921631,banana
105,93,46,25.01018457,78.76260938,5.760457558,108.3690513,banana
85,89,51,29.21144871,84.70189923,6.158164422,108.5501443,banana
108,94,47,27.35911627,84.54625006,6.387431383,90.81250457,banana
92,81,52,28.0106804,76.52808057,5.891413895,103.7040783,banana
110,71,54,28.67208915,82.20793613,5.725418961,94.37987496,banana
82,75,55,27.34585147,78.4873835,6.281069505,92.15524332,banana
117,81,53,29.50704598,78.20585613,5.507641778,98.12565829,banana
2,40,27,29.73770045,47.54885174,5.954626604,90.09586854,mango
39,24,31,33.55695561,53.72979826,4.757114897,98.67527561,mango
21,26,27,27.00315545,47.67525434,5.699586972,95.85118326,mango
25,22,25,33.56150184,45.53556603,5.977413803,95.70525913,mango
0,21,32,35.89855625,54.25964196,6.430139436,92.19721736,mango
20,19,35,34.17719782,50.62161586,6.113935087,98.00687989,mango
19,21,34,30.01592643,53.19212381,5.074272692,97.72843182,mango
18,17,31,31.74592134,45.16127859,5.667507706,93.75441586,mango
11,36,33,35.99009679,52.22780489,5.978634285,95.3713484,mango
30,28,30,31.86641378,52.19331595,5.064613314,98.46768642,mango
18,19,27,27.75518664,52.34605806,4.772385986,94.11213345,mango
23,23,27,34.72413192,51.4271781,5.161148592,97.31258083,mango
37,30,34,27.53907547,53.63549533,6.797779227,99.35408185,mango
11,27,30,27.69637763,48.5622488,6.39474303,89.85646496,mango
12,19,31,27.25373364,52.66319725,5.566704378,91.87312479,mango
3,28,33,30.33723921,48.88704844,5.755049971,94.42850522,mango
37,38,32,31.85744939,45.53106268,5.417340525,91.55845821,mango
26,37,30,35.39986338,49.45962621,6.166173834,97.41054011,mango
14,18,30,29.80747243,52.13797867,5.191265116,95.74606104,mango
40,16,35,34.16438906,54.16482251,4.954739564,98.33351125,mango
4,20,25,28.93270187,47.94053996,5.664587011,99.9834242,mango
36,25,33,27.98392787,53.33018851,5.548584852,99.61465679,mango
30,17,31,31.20478173,54.49960506,6.804437106,94.62954663,mango
28,37,28,32.13409675,50.52559148,6.097869767,98.63333684,mango
38,15,30,28.91862016,48.13974548,5.075504537,97.01331604,mango
12,37,30,31.09779147,47.41196659,4.546466109,90.28624348,mango
38,19,31,34.73823882,49.08864345,5.855119268,90.65022183,mango
8,33,29,29.98080499,49.48613279,6.442393461,91.82271568,mango
15,27,28,33.80398664,46.12866113,4.507523551,90.82549241,mango
34,16,25,30.07202564,50.96040505,6.10729559,92.09609766,mango
11,36,31,27.92063282,51.77965917,6.47544932,100.2585673,mango
33,29,34,31.40948821,49.21729127,6.832979509,92.99739415,mango
12,31,26,35.7877738,51.94190321,5.395275719,100.2160615,mango
12,34,28,33.36140093,45.02236377,6.13526938,98.81596545,mango
5,16,31,35.96054636,48.69677802,4.555688532,98.00644238,mango
1,30,29,28.33333307,51.39586505,6.434197756,91.67241761,mango
16,35,31,32.27652024,50.19368841,5.316875978,95.99487068,mango
35,18,26,31.99490489,50.84881347,5.279388967,97.38741498,mango
4,40,26,27.58258929,48.56916221,6.720041791,95.8445641,mango
9,29,34,29.38471637,45.88744691,5.72742254,100.8124659,mango
2,38,33,32.38697531,53.2328243,4.691396195,90.21633216,mango
26,32,32,30.91471455,49.92963856,6.810186079,90.14047759,mango
34,38,31,35.37775595,45.58110023,6.454045329,97.41586402,mango
5,32,33,32.32362177,52.5896771,5.842763773,93.36718816,mango
31,29,26,28.22373428,47.40519056,5.024124684,97.76832322,mango
34,34,35,27.27433181,47.16808054,6.422710539,95.257992,mango
36,19,32,27.10710832,50.70880979,4.94295037,92.37238878,mango
7,17,26,34.89226666,48.75613373,6.414526606,91.63074547,mango
38,15,27,33.7462686,48.50387598,6.777788126,92.26439205,mango
5,19,25,27.3511056,54.43945147,6.441328044,96.27792547,mango
37,36,26,32.89300162,52.61323969,4.650536197,94.49161372,mango
21,31,32,35.38598705,51.42664176,5.254532213,90.29643888,mango
37,36,27,27.5529736,47.90859131,5.910634533,90.40332704,mango
23,23,30,32.82141065,47.45553843,4.755273631,90.89173106,mango
36,26,26,30.17294105,51.0845903,6.814630246,95.23444287,mango
24,33,35,29.26382931,54.82257868,5.342866119,100.7586226,mango
26,18,30,32.06097197,51.08494181,6.336234624,96.59816497,mango
22,17,26,28.69818144,47.71875722,4.754435025,99.642454,mango
11,34,32,29.14305008,49.40983294,6.831706773,97.55155537,mango
29,35,28,28.3471611,53.53903102,6.967417766,90.40260445,mango
22,28,26,27.67256197,45.41692012,4.947683034,92.84991507,mango
23,24,32,28.1218093,46.16888595,5.630619901,93.30247448,mango
1,35,34,30.79375683,46.69536813,6.27339822,92.21318555,mango
2,24,34,28.89409382,54.80750249,6.472774648,94.76322976,mango
39,37,25,33.33024826,45.61143594,6.953246506,98.28583013,mango
15,36,27,27.78912455,53.96886679,5.643710216,91.01152997,mango
3,18,31,31.65333432,48.20662669,6.392313973,91.09745581,mango
8,38,32,29.75150773,46.73723302,4.981816523,91.405983,mango
33,31,34,31.32995611,50.22287593,5.421265283,89.78216168,mango
14,29,32,35.63627319,48.97047762,6.942520105,97.51952041,mango
18,20,26,31.66524687,51.98594645,5.435840509,89.98024312,mango
9,21,32,32.26935342,53.56092806,5.870116071,95.94035356,mango
20,30,27,27.81005614,51.59445462,4.74910393,95.89898581,mango
9,38,25,34.58561471,50.34035336,5.497946899,100.3060719,mango
26,24,34,31.27180992,52.23810152,6.811291098,89.74409017,mango
31,36,29,33.93679864,52.72170281,6.460542749,97.4611918,mango
14,18,35,31.09154239,47.02058367,4.791146778,91.46664318,mango
40,16,35,31.89356292,49.02450149,6.4841522,89.59371481,mango
28,27,34,32.45465292,50.69693751,6.526654345,95.04871605,mango
0,17,30,35.47478322,47.97230503,6.279133738,97.79072474,mango
1,29,29,27.32961444,49.30347234,6.052026047,93.53197359,mango
2,36,31,30.90225239,49.95955487,5.73171945,91.77522598,mango
12,27,26,29.09382275,45.5661059,5.32307197,96.23520043,mango
7,28,35,30.02086169,46.78393776,4.66910839,96.63721027,mango
0,36,26,34.13072188,51.25786185,5.101206389,96.38808001,mango
26,35,31,33.44619894,53.05980465,5.339556562,98.05089394,mango
27,21,30,35.3915464,52.48823147,5.061081874,91.22881052,mango
22,38,31,31.53356352,53.06009323,5.821106036,98.57025046,mango
22,18,31,30.7645515,47.93791463,5.956027059,90.38503469,mango
28,23,28,30.01821337,50.0983181,5.676032581,96.08745082,mango
7,31,27,31.32863689,47.59319575,6.524114355,94.67344737,mango
29,34,26,33.88004781,54.39416048,6.273953676,89.29147581,mango
8,37,33,28.07802689,54.9640534,6.128167757,97.45373619,mango
39,16,27,35.53845018,52.94641947,4.934964765,91.54560427,mango
40,24,25,28.70595247,50.44030129,5.445008416,95.8946444,mango
19,38,26,31.48451729,48.77926304,4.525722333,93.17221967,mango
21,21,30,27.69819273,51.41593238,5.403908328,100.7720705,mango
22,18,33,30.41235793,52.48100602,6.621623545,93.92375879,mango
31,20,30,32.17752026,54.01352682,6.207495815,91.88766069,mango
18,26,31,32.6112614,47.74916499,5.418475257,91.10190759,mango
24,130,195,29.99677232,81.54156612,6.112305667,67.12534492,grapes
13,144,204,30.7280404,82.42614055,6.092241627,68.38135469,grapes
22,123,205,32.44577836,83.88504863,5.896343436,68.73932528,grapes
36,125,196,37.46566825,80.65968681,6.15526103,66.83872293,grapes
24,131,196,22.03296178,83.74372787,5.732453638,65.34440794,grapes
2,123,198,39.64851881,82.21079946,6.253034534,70.39906054,grapes
35,140,197,16.77557314,82.75241875,6.106190557,66.76285469,grapes
11,122,195,12.14190714,83.56812483,5.647202395,69.63122027,grapes
6,123,203,12.7567962,81.62497448,6.130310493,66.77844567,grapes
17,134,204,39.04071989,80.18393287,6.499604931,73.88467027,grapes
25,130,197,39.70772192,82.68593454,5.554831977,74.91506217,grapes
27,145,205,9.467960445,82.29335466,5.800242694,66.02765219,grapes
9,122,201,29.58748357,80.91934392,5.570290539,68.06417307,grapes
16,139,203,17.82803682,80.96093443,6.27564088,65.84748763,grapes
32,141,204,8.825674745,82.89753705,5.536645599,67.235765,grapes
22,138,195,27.83487131,83.51444973,6.208196881,73.02882766,grapes
31,144,202,11.02105378,80.55557235,5.870600622,68.23963161,grapes
3,136,205,17.5862944,80.84806564,6.334771461,71.4065452,grapes
28,122,197,19.89363946,82.73366439,5.856575335,69.66256816,grapes
4,136,204,29.93707596,81.77713468,5.898944282,65.52279323,grapes
39,145,201,36.73126647,80.58931938,5.775600435,72.24230804,grapes
38,132,197,20.42094753,81.54185044,5.931101816,66.93065667,grapes
36,133,198,25.51939719,83.98351748,6.2286454,69.17281221,grapes
25,121,201,30.50734778,82.71775569,5.594240603,70.08200379,grapes
15,125,199,18.4269936,80.55625868,5.569230319,69.75734306,grapes
24,140,205,12.087022,83.59398734,5.93202852,68.66813363,grapes
13,132,203,23.60115364,82.48336987,6.423216506,73.23901752,grapes
5,126,197,12.80000387,81.20876367,6.417500829,67.10439401,grapes
30,120,200,38.06099482,82.24729637,6.234904253,65.70148216,grapes
23,142,197,39.06555518,82.03812973,6.000573725,69.30772897,grapes
26,135,203,33.78372897,81.16314317,5.685102769,74.53557341,grapes
7,126,203,16.76201707,82.00335557,5.662140095,73.28712806,grapes
32,139,198,35.89307536,82.66850729,6.358186848,66.53946559,grapes
9,141,202,21.01245395,81.17931863,6.119495295,66.38448261,grapes
20,142,196,10.89875873,80.01639435,6.207600783,68.69420397,grapes
32,129,201,16.36251869,83.00471609,6.48754639,71.55665483,grapes
3,134,199,20.28370163,81.32235739,5.81717753,71.06611222,grapes
38,138,204,25.11108456,83.25447587,6.325480034,73.01026829,grapes
14,131,198,33.4641162,83.86742974,5.562790949,67.92204319,grapes
20,122,204,11.7976469,80.86325389,6.487369687,65.06962486,grapes
40,126,201,11.36300891,80.03100049,6.116982944,71.18289431,grapes
36,128,204,25.23542319,80.68700527,5.695792761,67.03840888,grapes
11,132,197,15.99050693,81.23966573,5.734317007,74.40198861,grapes
0,137,195,22.4359017,80.18612085,6.329499832,65.3973168,grapes
19,123,200,34.76086052,81.03544763,6.167013532,65.70430027,grapes
31,136,197,31.11047251,83.34010951,5.653776058,71.43001582,grapes
4,134,200,28.57828803,80.95628959,5.840256272,73.34232097,grapes
39,139,201,41.18664903,81.01783402,5.539980812,68.68895899,grapes
8,127,196,27.02766138,83.17093908,5.833302165,70.95666003,grapes
39,138,203,21.19339319,82.33098331,6.399433771,74.62834921,grapes
32,120,204,10.38004759,83.44518113,6.138958698,67.3917379,grapes
12,142,203,31.3115978,82.56407013,5.972850838,65.01095312,grapes
8,133,195,20.46657776,80.97598029,6.456079585,71.29813872,grapes
8,139,199,29.36947679,81.53996362,6.336426667,66.13442813,grapes
21,134,202,10.72302459,80.02130636,6.425419926,65.2982112,grapes
40,140,195,14.97846952,80.49979873,6.294395676,71.63437433,grapes
39,127,202,15.3246651,81.67215994,6.477768039,71.60102999,grapes
19,120,195,18.73932187,81.12109244,5.931538447,73.55807954,grapes
21,139,201,19.3642553,83.36094029,5.980598579,67.15094741,grapes
17,136,195,41.20733624,81.61051026,6.389783283,65.90227462,grapes
33,139,203,33.34214482,82.51034633,5.693287415,70.68098614,grapes
22,133,201,23.81995682,80.12211649,6.00299607,67.2739864,grapes
32,130,196,40.66012294,81.24995984,6.372959542,74.03030056,grapes
37,135,205,11.82768186,80.2827185,5.510924849,74.10225057,grapes
15,140,195,13.28504331,83.54193816,5.69945282,65.80006004,grapes
39,132,196,35.83089092,83.32560104,5.778594403,73.67984885,grapes
40,121,199,26.18159716,81.03886263,6.315586313,66.05911698,grapes
40,132,202,24.57558351,80.70695797,5.971813006,69.706113,grapes
29,142,203,29.67229086,83.71498986,5.891195653,66.48490371,grapes
32,121,199,39.37102553,81.25353895,6.129812716,74.08101744,grapes
6,140,205,17.66558428,82.92903419,6.313085601,69.8671263,grapes
8,120,196,24.06679352,82.66396666,6.053662544,69.81855775,grapes
34,133,202,15.31413469,80.09711412,5.804799142,74.82144653,grapes
35,135,199,21.77466746,80.54942557,6.400719746,69.39630398,grapes
16,145,199,26.91624843,80.76838926,5.953966361,69.30927185,grapes
8,136,201,41.65602996,82.22118237,5.609255992,74.19664838,grapes
25,129,195,17.98667801,81.17712085,5.777271492,72.37127689,grapes
16,130,201,29.12033769,82.79092939,5.682395429,68.8503047,grapes
39,129,203,34.38922481,83.18392806,5.863996687,71.03001556,grapes
38,135,203,41.36106301,82.79782954,6.444373116,69.92107482,grapes
33,120,205,35.12158265,82.26890793,5.550832178,69.71518491,grapes
35,125,204,19.6491772,80.15215777,6.107741788,73.69529586,grapes
1,132,200,16.27852801,82.94270065,5.620745638,66.57462809,grapes
39,140,203,21.11903604,80.63399198,6.349875906,69.27779761,grapes
28,145,202,19.2077707,82.9042841,6.484323189,66.83113717,grapes
6,128,200,25.96308415,82.57813624,5.838748311,70.31782647,grapes
6,139,199,25.67385024,81.6212135,6.29099842,74.10919422,grapes
29,122,196,41.94865736,81.15595212,5.638328481,73.06862952,grapes
37,144,197,11.18994268,80.8084305,6.415555956,66.34234944,grapes
38,120,197,17.5438296,82.94703302,6.323722572,73.77063744,grapes
38,141,198,13.05809741,80.28297993,5.757009965,70.75633584,grapes
14,121,203,9.724457611,83.74765639,6.158689406,74.46411148,grapes
6,125,204,27.92004934,82.93262435,5.733539807,69.92092839,grapes
32,138,197,9.535585543,80.73112694,5.908724337,69.44115171,grapes
11,124,204,13.42988625,80.06633966,6.361141107,71.40043037,grapes
23,138,200,9.851242629,80.22631717,5.96537863,68.42802444,grapes
40,143,201,24.97256132,82.72828653,6.476757723,66.70016285,grapes
6,142,202,27.23708304,82.94573346,6.224542938,70.42508897,grapes
37,124,195,18.70679077,83.4795292,6.209928251,66.5964488,grapes
35,134,204,9.949929082,82.55138983,5.841138354,66.00817551,grapes
119,25,51,26.47330219,80.92254421,6.283818329,53.65742581,watermelon
119,19,55,25.18780042,83.44621709,6.818261383,46.87420883,watermelon
105,30,50,25.29954705,81.77527562,6.37620108,57.04147057,watermelon
114,8,50,24.74631269,88.30866319,6.581587932,57.95826144,watermelon
93,22,52,26.58740671,81.32563243,6.932739726,41.87540028,watermelon
80,26,55,24.53442564,88.989272,6.140099215,49.11618732,watermelon
85,27,45,26.0713757,88.7285657,6.467095849,57.79652846,watermelon
85,22,53,25.96534238,89.77076659,6.849471704,59.46338556,watermelon
82,22,45,26.22338015,85.34866045,6.512196212,54.60159289,watermelon
118,13,54,24.41311871,89.81574032,6.039584629,44.07843475,watermelon
83,25,53,26.49195283,80.04678201,6.057697106,57.72799157,watermelon
86,15,47,24.04355803,84.18406764,6.423898762,53.78929956,watermelon
101,10,47,25.5421695,83.31883376,6.936997681,57.57343233,watermelon
119,9,50,26.74550678,83.9195902,6.251286661,40.794305,watermelon
104,17,46,25.7131428,80.22972777,6.190015912,43.08961827,watermelon
95,12,51,25.76484262,84.1726996,6.681606702,44.22066914,watermelon
102,14,52,26.79489868,89.64815231,6.51075991,57.74091817,watermelon
109,21,55,24.9004602,89.73524177,6.770278088,57.44942094,watermelon
81,18,50,26.80750629,88.22874955,6.429788073,58.79889057,watermelon
103,17,51,25.11189154,80.02621335,6.209888345,44.20656987,watermelon
105,14,50,26.2148837,87.6883982,6.419052193,59.65590798,watermelon
97,8,52,24.9103226,86.97190046,6.237861736,49.48575692,watermelon
120,19,49,25.79448878,84.26830701,6.762471629,56.45229202,watermelon
95,16,55,25.26931156,87.55055105,6.612847999,40.12650421,watermelon
83,29,52,25.76402693,87.5931128,6.704688865,46.05122728,watermelon
83,9,45,25.85483596,89.13163965,6.049609892,46.85176955,watermelon
91,21,50,24.33528185,81.44030363,6.762030215,48.32113628,watermelon
116,5,54,25.37601283,80.99313508,6.65398725,57.23028471,watermelon
112,28,54,24.86094646,85.05318563,6.738030547,55.29563514,watermelon
88,29,51,24.71885473,88.94568335,6.095689937,48.45978627,watermelon
118,15,45,24.21495706,84.20576992,6.538006356,48.01138482,watermelon
92,21,48,25.81692236,82.043255,6.377427122,54.82963379,watermelon
106,14,45,24.47018505,84.16390229,6.417011754,57.26773002,watermelon
99,5,47,24.13078816,84.84494575,6.649086972,51.19470197,watermelon
98,8,51,26.1793464,86.52258079,6.25933595,49.43050977,watermelon
108,22,46,26.17668721,86.7295205,6.121168559,53.33484977,watermelon
119,7,55,26.03867719,84.6378378,6.031424482,44.3993381,watermelon
117,27,48,26.53259325,82.39053979,6.835268184,54.30660782,watermelon
109,10,53,26.81938687,87.8274604,6.551750306,46.06193778,watermelon
80,16,46,25.50405534,81.40297428,6.940236218,48.47833278,watermelon
100,18,52,26.20234499,80.38266489,6.87606733,56.47941847,watermelon
91,7,53,25.13735887,89.28272716,6.457216535,43.52897517,watermelon
86,6,53,25.92030221,83.47202566,6.921847888,42.10681516,watermelon
107,5,52,26.6634609,89.98405233,6.881425746,57.40847165,watermelon
103,16,49,24.06731461,81.64075303,6.915717008,51.75212401,watermelon
101,20,48,24.6774157,82.75411437,6.206247494,57.05709413,watermelon
85,25,47,26.11440416,87.64081095,6.29542477,58.48160844,watermelon
84,7,51,26.81530456,87.65694462,6.399669044,55.74073582,watermelon
102,28,54,25.15623099,80.27525115,6.862157042,55.49541453,watermelon
98,25,52,25.2801372,83.15393658,6.224066378,49.29456609,watermelon
97,25,50,26.22005978,80.90127035,6.093814669,49.08553937,watermelon
90,16,45,24.92093261,80.61750795,6.291540278,50.55710813,watermelon
95,12,46,26.21667586,81.01009354,6.32281728,54.65423596,watermelon
82,23,49,26.81383586,87.21986949,6.873283991,51.70497792,watermelon
82,25,51,24.31334971,87.47409052,6.074209622,48.11248366,watermelon
110,28,46,24.29105004,88.04541346,6.49889585,51.26046418,watermelon
118,21,51,24.42998931,86.33904774,6.678805092,48.58241822,watermelon
120,20,45,25.66576039,88.6984228,6.114128685,54.22722466,watermelon
91,7,52,25.07803672,83.46230461,6.405054243,56.39962921,watermelon
81,6,55,24.88910524,85.87059083,6.110142735,51.70699144,watermelon
101,13,54,25.42900869,82.91481799,6.828982708,56.34144589,watermelon
101,17,55,24.37118217,87.1269128,6.451499764,44.63907691,watermelon
111,6,53,26.4930645,88.59143088,6.313512999,46.06382209,watermelon
107,10,49,25.83202912,89.00481725,6.755192025,45.24690619,watermelon
115,11,46,24.41592661,89.39655519,6.623167177,40.32161859,watermelon
84,25,52,24.37190239,81.2514818,6.12532356,44.20899581,watermelon
120,7,47,24.24782473,83.03687902,6.653867608,54.7657624,watermelon
91,12,46,24.64458469,85.49938185,6.343942518,48.31219031,watermelon
89,22,52,24.89681131,86.10782926,6.217300786,53.14626213,watermelon
113,19,46,25.41864024,81.12122989,6.286387658,49.52320689,watermelon
97,22,50,26.26028739,86.14585891,6.7698938,58.97878791,watermelon
117,30,50,24.90123934,87.20772913,6.744966312,46.59207341,watermelon
90,14,52,24.84740848,89.20454622,6.391858432,59.67927244,watermelon
104,23,47,26.98212846,86.70068316,6.770434148,42.91292205,watermelon
81,16,45,26.90435747,86.25426228,6.727468157,59.75980023,watermelon
88,5,47,25.86475496,86.67468041,6.662244646,41.16554802,watermelon
92,7,45,26.70607759,81.14149505,6.944640222,51.51033554,watermelon
81,18,50,26.44019475,80.91934337,6.507110986,47.81847573,watermelon
111,5,55,26.283443,84.42478917,6.520663422,50.78669728,watermelon
108,23,51,26.84366082,83.85039964,6.106500787,40.228644,watermelon
113,30,50,26.03967219,83.9862443,6.277484043,43.87712348,watermelon
83,10,53,24.92994759,85.00802358,6.195142279,48.75859458,watermelon
101,11,51,25.50736962,84.24340241,6.792035575,44.2068997,watermelon
114,21,55,25.4438391,87.9392312,6.472756256,57.51549686,watermelon
99,6,45,26.12588914,86.5507939,6.000975617,40.71210074,watermelon
92,20,55,25.10474753,87.5267616,6.587791262,59.26519444,watermelon
92,7,48,26.27520631,86.63249555,6.956508826,54.38748495,watermelon
91,24,55,26.27061608,83.09194521,6.259086583,46.76837499,watermelon
110,21,54,26.73690828,87.82430156,6.747537642,47.46447019,watermelon
112,25,51,25.04746944,85.5667282,6.932537231,56.72496677,watermelon
89,25,54,24.69368934,85.56967628,6.353107393,48.99390828,watermelon
100,10,53,24.54356968,84.60808277,6.211748957,42.00660251,watermelon
83,22,54,25.89762315,81.96664832,6.277245254,54.49960057,watermelon
95,14,50,26.6333118,84.31756844,6.560443519,56.31866159,watermelon
119,30,49,25.35794749,80.45846265,6.903020221,47.72078245,watermelon
97,12,47,25.28784623,89.63667876,6.765094964,58.28697664,watermelon
110,7,45,26.63838589,84.69546874,6.189213927,48.32428609,watermelon
96,18,50,25.3310446,84.30533791,6.904241707,41.53218699,watermelon
83,23,55,26.89750174,83.89241484,6.463271076,43.97193745,watermelon
120,24,47,26.98603693,89.4138489,6.260838965,58.54876687,watermelon
115,17,55,27.57826922,94.11878202,6.776533055,28.08253201,muskmelon
114,27,48,27.82054812,93.03555162,6.528404378,26.32405487,muskmelon
101,25,52,29.09910406,94.22237826,6.750145572,22.52497327,muskmelon
118,18,52,28.04943594,90.83130708,6.562832807,20.76223014,muskmelon
95,26,45,29.91690582,94.55695552,6.117530021,28.16057247,muskmelon
81,25,49,29.86895762,93.25103208,6.076459669,26.26243014,muskmelon
117,24,53,29.17220859,92.21405224,6.293486295,21.30290472,muskmelon
114,30,51,29.24908541,90.06998135,6.069171847,25.93496537,muskmelon
113,6,52,27.76317235,90.35567642,6.740983646,25.21609113,muskmelon
108,26,52,28.82629037,94.26765349,6.201797639,26.23838511,muskmelon
81,30,48,28.52379742,92.09688432,6.041027474,29.86681385,muskmelon
115,9,52,29.06785065,90.97685539,6.019372459,29.1194739,muskmelon
83,7,45,29.08417927,90.73891887,6.704104127,25.33014238,muskmelon
84,21,55,28.47090661,94.79453182,6.494251024,21.08484101,muskmelon
109,26,45,28.27973674,90.38971208,6.224535449,21.58992507,muskmelon
95,27,55,28.47212559,91.21322065,6.160414414,20.88620369,muskmelon
119,5,55,29.68846716,94.30111601,6.168757984,26.83924845,muskmelon
110,14,51,27.02415146,91.66737633,6.085444691,21.26034986,muskmelon
82,18,48,29.09588297,94.16748386,6.159050816,26.70581328,muskmelon
87,14,48,29.69238699,92.58862544,6.606033244,29.1102594,muskmelon
85,9,53,28.20619412,92.86798698,6.447662945,28.78654515,muskmelon
100,6,53,29.05248036,93.92217834,6.105909623,23.66620626,muskmelon
107,12,46,29.57240298,93.61870344,6.559763394,27.56918621,muskmelon
91,13,47,29.10968327,92.43510994,6.14410903,27.95602304,muskmelon
102,25,50,28.20480805,92.91440379,6.099662369,20.36001144,muskmelon
117,25,53,29.11858526,92.12543021,6.413927319,24.52020164,muskmelon
85,21,52,29.62800691,90.10051615,6.075144116,23.69586761,muskmelon
104,25,55,29.81196601,90.36881284,6.123802502,22.68766503,muskmelon
102,24,54,27.72338349,90.93897939,6.698468621,22.81863447,muskmelon
116,25,50,29.26092798,92.92367701,6.088885814,28.70627683,muskmelon
100,17,48,29.72791119,94.29753295,6.367800632,26.52364146,muskmelon
110,25,54,28.91105641,90.78413842,6.425930938,23.44398467,muskmelon
104,25,51,28.96361426,93.88482153,6.469983276,23.56130173,muskmelon
107,11,54,28.59052369,91.33617236,6.094016338,29.44008034,muskmelon
98,26,52,27.33897716,90.69759008,6.150090899,28.69113835,muskmelon
88,17,52,29.90415889,90.75284363,6.646962425,25.37828397,muskmelon
87,25,46,27.42711692,90.02696201,6.379690748,21.7508774,muskmelon
120,8,46,29.55657523,90.70937262,6.732834334,28.36535596,muskmelon
95,13,46,29.84070774,93.76312893,6.126019932,23.28207838,muskmelon
108,22,47,28.53545677,91.72742702,6.161123579,25.1290048,muskmelon
82,13,52,27.11535046,94.86907886,6.442810053,26.51924782,muskmelon
120,23,55,27.84492803,91.60666594,6.732049075,26.47844429,muskmelon
110,22,47,29.03157242,91.82172592,6.243673725,24.93861254,muskmelon
95,23,45,27.82424457,90.56698742,6.266208727,21.19014526,muskmelon
106,10,49,27.72653142,92.00687531,6.350623739,20.21126747,muskmelon
99,12,52,28.69708334,94.30759855,6.002927293,22.21807088,muskmelon
106,20,51,29.73019662,90.97015715,6.342573112,20.49035619,muskmelon
83,11,53,29.54097171,92.91778307,6.163921248,21.9653077,muskmelon
117,19,55,28.80311922,91.78336933,6.121745389,25.16359891,muskmelon
98,26,49,27.29035669,90.53330091,6.130160473,23.49535234,muskmelon
113,20,48,27.46583649,94.87679041,6.440584681,27.27899847,muskmelon
101,17,47,29.49401389,94.72981338,6.185053234,26.30820876,muskmelon
98,7,45,27.79161808,92.51054946,6.157724816,26.85422624,muskmelon
93,22,48,29.12533739,91.52291141,6.776987974,21.90440445,muskmelon
95,21,47,27.93114233,93.56161439,6.431970877,20.66127836,muskmelon
109,12,48,29.45771748,92.12534736,6.708743843,20.76212031,muskmelon
118,12,47,27.96872279,92.17444796,6.010739645,28.94766949,muskmelon
100,14,49,29.48882958,91.07574233,6.365956658,26.01909355,muskmelon
89,9,47,29.47156259,90.77069618,6.668382766,28.75226067,muskmelon
95,16,46,27.0767265,90.14362622,6.74669542,24.4514648,muskmelon
95,7,45,27.30008597,90.80015308,6.031665834,25.09484511,muskmelon
87,6,45,29.82729394,90.79007335,6.40077205,22.84203589,muskmelon
93,20,50,29.93061247,93.22980899,6.448792689,24.34814338,muskmelon
84,29,49,29.94349168,93.90741192,6.251420275,20.39020503,muskmelon
111,5,47,28.03306461,91.47355778,6.274452811,21.17924769,muskmelon
111,5,52,29.8843055,94.0371147,6.135996372,21.0000988,muskmelon
111,15,54,27.7058373,92.91185695,6.194090172,22.06207161,muskmelon
89,11,47,29.78714005,94.65343534,6.327822962,27.8659442,muskmelon
110,15,48,28.57819995,92.86597437,6.212567211,27.5987178,muskmelon
95,30,52,29.48069921,90.33698678,6.640470863,26.0365768,muskmelon
115,12,52,27.51492243,94.96218673,6.685553129,21.01796432,muskmelon
120,25,50,28.05457761,94.81637388,6.327210469,21.84869328,muskmelon
102,11,45,29.03167341,93.12603235,6.35544263,24.15591199,muskmelon
94,5,55,28.5854649,91.89216849,6.085682344,26.88372572,muskmelon
84,18,46,27.08808014,93.42402083,6.781050373,25.32159689,muskmelon
107,22,54,27.99611732,90.84660317,6.630301421,21.61893763,muskmelon
80,18,52,27.87317436,91.14849627,6.484799661,24.05207925,muskmelon
86,18,45,28.96586565,90.71832938,6.566759102,22.25838137,muskmelon
113,28,48,28.87726019,92.48839665,6.170520518,24.44267592,muskmelon
115,18,53,29.17052093,94.19790371,6.012480351,22.06994464,muskmelon
82,20,54,29.34033587,90.01506395,6.541150335,21.44532907,muskmelon
98,22,47,29.07265321,91.91533173,6.341400922,28.83568362,muskmelon
117,25,54,28.68275966,92.50969311,6.150686364,29.11187663,muskmelon
83,15,49,28.92705913,91.39356832,6.438008153,23.20076686,muskmelon
120,16,51,27.99901833,91.64193051,6.547041903,23.28618248,muskmelon
111,5,50,27.59350075,91.79742953,6.399891457,24.84266123,muskmelon
85,21,47,29.87331077,90.60932469,6.186770318,24.69720481,muskmelon
90,23,54,28.55852465,90.45773041,6.159020864,27.26588346,muskmelon
99,29,55,29.19378695,91.46241065,6.660954816,26.48240255,muskmelon
102,11,47,27.98780984,92.78226196,6.504906979,27.14509034,muskmelon
80,18,51,28.05380704,91.81758779,6.706053225,20.76582087,muskmelon
87,21,52,27.3506296,94.2911951,6.067665498,27.21244021,muskmelon
114,8,52,29.34081108,94.5513539,6.419083092,28.22908103,muskmelon
99,6,46,28.61475136,94.22253035,6.39637861,28.98574189,muskmelon
89,25,50,27.04863538,91.34685096,6.375923383,25.08146686,muskmelon
96,13,55,29.5275305,94.57459443,6.700337732,21.13545688,muskmelon
82,26,47,28.50416396,93.46806467,6.565312653,24.20007242,muskmelon
106,21,52,28.89578588,94.78993038,6.286515359,23.0362503,muskmelon
90,15,52,27.04927452,91.3821731,6.448061578,23.65747461,muskmelon
106,16,54,28.96017885,91.69532178,6.585872508,24.7458198,muskmelon
24,128,196,22.75088787,90.69489172,5.521466996,110.4317855,apple
7,144,197,23.8494014,94.34814995,6.133220586,114.0512495,apple
14,128,205,22.60800988,94.58900601,6.226289556,116.0396587,apple
8,120,201,21.18667419,91.13435689,6.321152192,122.233323,apple
20,129,201,23.41044706,91.69913296,5.587905967,116.0777931,apple
32,137,204,22.86006627,93.12859895,5.824151693,117.7296726,apple
27,139,205,22.48403042,93.40819246,5.772179946,105.5473627,apple
0,123,205,22.02775403,92.96129462,5.790993052,121.1349176,apple
22,144,196,21.91191314,91.68748063,6.499226821,117.0761277,apple
1,124,199,23.71059131,93.27392415,5.658473817,112.6676589,apple
30,122,197,21.37784654,92.72043743,5.573241391,106.1417017,apple
29,121,196,22.84852833,94.32130209,6.079497202,123.5977843,apple
13,126,204,23.1094265,92.79630809,6.383180271,108.183792,apple
9,139,199,23.25230817,94.54128292,5.867420996,105.3558408,apple
0,133,200,23.67287749,90.4935574,5.708418722,104.2298028,apple
30,143,199,23.76881552,90.59810302,5.7983508,102.2648546,apple
36,140,198,23.34386401,91.47684705,6.28188384,104.4267991,apple
37,137,199,22.63946441,90.18451645,5.697945522,108.3405879,apple
33,121,203,22.45696744,94.76285385,5.605934087,114.8407725,apple
7,144,195,22.96388477,93.58065995,5.85648105,104.6472986,apple
35,128,205,21.07273439,93.56585985,6.041053829,107.8737015,apple
29,128,198,22.44075021,92.70785115,5.685062404,121.4977331,apple
2,143,196,22.71271308,90.45261746,5.669489065,109.8852597,apple
34,140,198,21.70416965,93.44006288,5.751707342,115.1781396,apple
29,144,204,22.43324518,92.48667725,5.800448951,119.1025189,apple
32,141,203,21.25941052,92.84416234,5.821347769,109.0658471,apple
13,144,197,22.9215706,94.89613443,6.28022267,105.6941544,apple
25,143,198,22.81212536,91.51861705,6.027314401,107.855225,apple
9,137,200,21.12152071,90.6878768,5.636687393,102.8017203,apple
6,144,198,21.11478672,90.31528693,5.559363609,104.5086618,apple
37,126,196,23.59997268,90.97597665,5.596449493,107.1728191,apple
2,120,203,23.12652652,94.71203306,5.893492999,108.6211833,apple
11,143,197,22.98458907,93.3204487,5.875718516,122.1952483,apple
10,141,201,22.12659387,90.97818277,6.386021424,104.5412275,apple
24,142,202,22.53779727,91.48135786,5.710819862,101.8474768,apple
23,138,195,22.49095104,91.70292746,5.795985716,124.3915101,apple
18,125,204,22.35548159,94.47811755,6.046673619,116.7366261,apple
13,121,196,22.20700989,93.50574163,6.443382913,120.1593771,apple
26,122,202,22.44516988,94.73763514,5.617227184,107.1843273,apple
28,123,202,22.76643029,92.12438519,6.442289294,120.4359949,apple
26,121,201,22.19109412,90.02575116,6.162034371,112.3126628,apple
21,137,196,23.6119202,91.70293849,5.812781806,123.5900822,apple
21,135,198,23.86087054,94.92048112,5.765015126,105.0241329,apple
5,144,205,21.42177231,92.62665309,6.184922574,102.8045658,apple
2,123,205,22.36629253,90.78572467,5.739652177,124.9831618,apple
15,133,199,23.99686172,91.61001707,5.824778636,117.6102915,apple
31,130,198,21.80129837,92.73446667,5.554823557,120.0586671,apple
25,143,200,23.80436344,92.80441624,6.024248787,100.6192543,apple
16,143,204,23.71475278,91.53331177,5.631333387,121.8961665,apple
19,122,202,23.34467359,90.37981478,5.811975094,112.8954016,apple
10,125,196,22.31253665,90.03577124,5.730557448,113.0688155,apple
20,139,202,23.50201428,92.21083961,5.66999105,107.9868949,apple
28,123,198,23.46260321,91.45665004,5.682751473,111.7763395,apple
28,136,200,23.06204373,92.39544055,6.245858905,114.7399101,apple
2,131,199,22.47420512,91.22759742,6.017370134,124.2179699,apple
2,140,197,22.69780133,92.82223419,5.53456749,105.0508234,apple
27,138,201,23.66682067,93.90191078,5.952367662,105.4004751,apple
30,127,204,22.50050273,92.45878335,6.126436584,100.9343903,apple
32,145,203,23.83053666,90.84422164,6.406818518,109.5966791,apple
29,139,205,23.64142354,93.74461474,6.155939453,116.6912176,apple
26,126,195,21.41363812,92.99124545,5.878568981,118.3979065,apple
40,136,202,22.85267372,94.5764581,5.935336308,117.5314026,apple
6,124,200,22.98208095,93.84505029,5.971332179,109.5852253,apple
35,138,200,21.19909519,90.80819418,5.67130617,103.6838922,apple
17,136,196,23.87192332,90.49939035,5.882155988,103.0548094,apple
33,134,205,21.0365275,94.33919546,6.08551916,114.7412734,apple
16,143,197,22.61711614,93.51978375,5.90402645,116.9256766,apple
27,120,200,21.45278675,90.74531921,6.110218826,116.7036582,apple
29,145,205,22.81227579,92.12992101,6.212302608,109.3383552,apple
3,141,197,21.98141856,91.12719303,6.142803397,115.4789148,apple
15,123,204,22.52709326,92.54780429,6.365972688,115.3830068,apple
5,136,195,22.35628673,91.92360477,6.264202804,107.7697413,apple
10,136,204,21.19852186,92.15595143,6.276198595,105.8554351,apple
7,141,195,23.8812458,93.45067555,5.514253142,104.9116663,apple
2,129,201,22.78234161,94.36803516,5.682343744,122.1449949,apple
29,138,197,22.19055385,92.43764169,5.830892252,121.6622761,apple
30,137,200,22.91430043,90.70475565,5.603413172,118.6044645,apple
29,132,204,23.08950736,90.22507299,6.0967531,108.2166601,apple
14,139,197,21.72484506,92.83975602,6.056529526,121.6961761,apple
18,125,203,22.44307715,91.59234006,6.160267496,102.5565807,apple
33,143,204,21.1316077,91.95769858,5.814434775,122.5391946,apple
40,144,196,22.71750705,92.25479855,5.987262638,107.0289866,apple
9,143,197,23.75033085,92.88160462,5.570020684,117.6602827,apple
38,135,203,23.76121837,93.661643,5.965551311,100.825956,apple
28,130,196,22.13450646,94.67695747,6.062356467,112.9203223,apple
35,142,203,21.17089176,90.23730166,5.895319002,123.6495149,apple
12,129,205,22.36238282,91.15761594,6.119432215,118.6832725,apple
1,135,203,22.77856513,92.70124029,5.624203283,113.7759219,apple
0,145,205,21.22503442,90.09877774,5.52078314,113.9760462,apple
31,121,201,23.15791104,90.34396882,5.731535258,110.712841,apple
35,131,203,22.42776057,93.91722423,5.893490899,102.7230739,apple
29,140,195,23.64082979,90.95257927,5.560521058,116.7431319,apple
33,138,198,22.29423493,90.69033986,6.222390798,122.7418744,apple
14,140,197,23.35225078,90.90054697,6.071255131,113.0381382,apple
35,145,195,22.03911546,94.58075845,6.231950009,110.9804014,apple
40,120,197,23.80593812,92.48879468,5.889480679,119.6335548,apple
25,132,198,22.31944084,90.85174383,5.732757516,100.1173443,apple
31,137,196,22.14464104,93.82567435,6.400321212,120.6310784,apple
36,144,196,23.65167552,94.50528753,6.496934492,115.3611268,apple
10,140,197,22.16939473,90.27185592,6.229498836,124.4683112,apple
22,30,12,15.78144173,92.51077745,6.354006744,119.035002,orange
37,6,13,26.03097313,91.50819306,7.511755068,101.2847738,orange
27,13,6,13.36050601,91.35608208,7.335158382,111.2266885,orange
7,16,9,18.87957654,92.04304496,7.813916603,114.6659511,orange
20,7,9,29.47741671,91.57802915,7.129136941,111.1727497,orange
26,27,10,28.06903173,92.91487288,6.079998496,114.1339416,orange
5,23,15,25.66901098,92.04670813,7.408939392,112.5424199,orange
0,18,14,29.77149434,92.00719952,7.207991261,114.4161786,orange
39,24,14,30.55472573,90.90343769,7.189259647,106.0711985,orange
13,23,6,23.96147583,90.26408017,7.365338111,102.6958703,orange
21,17,15,23.98289638,91.5473145,7.455991072,118.4901697,orange
33,12,8,25.26052689,90.31153735,6.822282114,117.3695296,orange
6,9,12,31.08368929,90.14362642,7.028746406,109.6894658,orange
19,7,10,14.78003032,91.22062116,6.118430299,100.1961762,orange
24,18,6,26.56608303,94.45239715,6.285312759,116.3796525,orange
9,11,8,24.85903405,94.39000473,6.559236744,111.7803734,orange
31,8,7,34.51465139,93.63812684,7.163245982,103.5684926,orange
22,17,5,24.12188673,90.72351622,6.945562889,102.835632,orange
13,5,8,23.85340379,90.10522549,7.474710503,103.923226,orange
16,8,9,24.60297538,91.28408653,7.601189843,111.2948115,orange
4,13,6,15.63211033,94.25966183,7.561143224,101.4705704,orange
0,25,14,19.33516809,91.97978938,6.361671475,116.450422,orange
8,7,10,28.2620488,91.98317355,6.929216014,105.2132259,orange
4,23,5,22.67594476,93.36348717,7.477935216,110.3332655,orange
33,14,8,21.03200078,92.9641969,7.684420446,110.6823944,orange
30,7,15,33.23453301,91.06053924,7.825531916,115.7659902,orange
21,29,12,22.30318989,92.15987039,6.438668989,117.3688104,orange
11,14,5,11.50322938,94.8933184,6.946354724,115.5683776,orange
9,8,15,14.34320488,94.35734702,7.994465371,110.2223123,orange
5,18,14,33.1056981,93.48447453,7.434118807,119.1709113,orange
29,25,14,30.49183837,90.4582865,7.781988584,113.3302105,orange
33,12,15,30.25578031,92.03272799,6.052318465,116.7173125,orange
8,16,6,12.22816189,90.26457428,7.106650373,108.4161706,orange
15,14,8,10.01081312,90.22399223,6.22094286,119.3941064,orange
16,7,8,22.79196751,90.60901895,6.420457311,116.5084074,orange
0,12,7,20.18432263,90.65458473,6.969249676,116.8130969,orange
5,25,6,30.72119881,94.01331956,6.011302181,106.8118019,orange
6,8,11,24.35590861,92.39651663,6.600948788,119.6946577,orange
10,5,5,21.21306973,91.35349216,7.817846496,112.9834361,orange
1,17,6,10.78689755,91.38411917,6.8198271,117.5293447,orange
1,30,10,11.89925671,91.34663797,7.291405641,103.5771468,orange
0,23,15,22.56664172,93.37488907,7.598729065,109.8585753,orange
24,27,9,18.86883219,93.24688124,6.157135092,119.3936976,orange
36,11,13,17.34083741,93.04897191,7.1917274,112.7194284,orange
40,21,8,34.90665289,92.87820148,7.418761774,102.1906333,orange
40,22,6,24.53610067,91.90997228,6.488221135,115.9787989,orange
32,18,13,13.8377282,91.74780462,6.044167236,107.9873218,orange
9,10,10,22.3551049,93.52211892,6.010391864,101.5164589,orange
13,16,8,34.74004942,93.12316972,6.949838549,100.1967854,orange
15,9,11,11.54785707,94.14861001,7.907956251,108.8289171,orange
29,11,5,23.13338811,91.94670335,7.639788459,104.4224145,orange
1,15,9,29.98364695,94.55239717,7.53350946,115.3560318,orange
18,5,11,20.87947369,90.93756231,6.251586885,102.4550786,orange
14,22,9,17.24944623,91.13772765,6.543191814,112.5090516,orange
33,15,7,15.83388699,91.68293851,7.651225301,109.7571416,orange
4,6,7,23.01014302,91.11764246,6.708889665,112.6738296,orange
17,16,14,16.39624284,92.18151927,6.625538653,102.944161,orange
12,20,10,24.45132792,93.10527686,6.528354932,109.4711098,orange
34,29,8,31.87859192,91.15248149,6.450640306,105.3437825,orange
39,28,10,31.34920143,91.48247612,7.181907673,109.1549823,orange
31,25,12,18.05142392,90.03969587,7.016482298,111.7793889,orange
12,6,8,30.84835031,92.86773675,6.388617138,107.4142681,orange
12,29,13,22.45616931,91.52781832,7.57125447,118.0069295,orange
26,11,11,13.70319166,90.95589386,7.609348255,106.2944879,orange
19,24,15,20.48954522,93.72485075,7.137136973,111.8391951,orange
39,21,9,13.20844373,94.02769434,6.354022554,106.2696156,orange
16,29,13,32.31944397,93.67804556,6.196907944,117.6236473,orange
36,29,13,20.68185224,90.91510525,7.829507245,109.7513927,orange
37,23,12,31.52675982,90.50621806,6.395258356,113.1169398,orange
39,9,15,25.35467646,91.81183218,7.992041984,116.7555937,orange
31,5,14,17.66545409,91.69865887,6.583411671,110.6857506,orange
18,12,8,12.59093977,91.81668769,6.206053072,119.3916718,orange
20,20,10,11.86631922,93.68394562,6.976997772,106.060149,orange
5,8,5,11.03367937,92.22706805,6.562594972,112.7715925,orange
20,8,12,25.2990432,94.96419851,7.260416405,117.9733424,orange
25,21,11,32.23797837,90.15406807,6.460044778,104.7052254,orange
14,19,14,17.68408797,94.35815354,6.699164936,108.0638166,orange
37,18,12,10.2708877,90.19147747,7.401121811,106.6955204,orange
26,15,6,17.22034507,94.78797376,6.912033409,108.0054343,orange
13,22,5,19.667056,90.50096668,7.764040111,100.1737964,orange
32,25,9,10.35609594,93.75652041,7.796034006,101.1456947,orange
19,7,9,27.255435,91.71369387,6.969883483,101.139435,orange
28,7,9,34.5917846,92.13229786,6.730757538,115.5650287,orange
24,30,11,32.39523995,94.51768464,6.601395755,113.25373,orange
7,17,10,10.16431299,91.22320999,6.465913274,106.362551,orange
18,23,8,21.49118657,93.43949693,6.41354791,101.4819888,orange
7,20,12,16.53460397,94.76759975,6.475275337,110.0447896,orange
20,23,11,31.8520694,90.12220323,6.407715561,109.9455062,orange
18,14,11,28.04799508,90.00621688,6.550814117,117.1311498,orange
34,11,10,31.75048899,94.59551226,7.36220835,115.1989301,orange
20,29,10,29.07412717,93.27189064,7.36549204,100.7896871,orange
37,24,13,19.14381903,90.71037456,7.8546243,108.0230792,orange
12,8,10,16.14820285,91.4448027,7.995848977,107.4287664,orange
34,10,14,34.05296914,92.05811721,6.725600855,116.8020848,orange
6,13,9,34.51423957,90.56151463,7.786725333,118.3271968,orange
27,30,5,32.71748548,90.54608254,7.656978112,113.328978,orange
13,8,12,25.16296632,92.54736032,7.105904818,114.3117197,orange
6,7,7,27.68167318,94.47316879,7.199106204,113.9995146,orange
40,17,15,21.35093384,90.9492967,7.871063004,107.0862095,orange
31,26,9,11.69894639,93.25638873,7.566165721,103.2005992,orange
61,68,50,35.21462816,91.49725058,6.793245417,243.0745066,papaya
58,46,45,42.39413392,90.79028064,6.576261427,88.46607497,papaya
45,47,55,38.4191628,91.14220381,6.751452932,119.2653877,papaya
39,65,53,35.33294932,92.11508608,6.560743093,235.6133585,papaya
31,68,45,42.92325255,90.07600528,6.938313356,196.2408242,papaya
70,68,45,33.83508569,92.85470152,6.991626158,203.4044028,papaya
68,62,50,33.20258348,92.76437927,6.977700268,197.5282582,papaya
34,65,47,23.48546973,93.71043692,6.833768535,191.7760562,papaya
38,68,54,29.33710543,90.81781439,6.739170045,202.0572747,papaya
69,64,47,40.21199348,94.50766912,6.993473247,186.6762324,papaya
58,51,47,42.13473976,91.70445386,6.757470637,197.402901,papaya
59,47,53,32.86316618,91.4618874,6.850663232,47.271547,papaya
44,64,54,29.80744318,91.38048469,6.74274935,232.7046126,papaya
56,57,48,31.56213762,93.0484859,6.506120752,63.62250788,papaya
69,60,54,36.32268069,93.06134398,6.98992719,141.1736926,papaya
56,58,49,37.13165026,94.60761797,6.69215564,172.4788062,papaya
49,55,53,38.4418717,93.63739039,6.544029776,77.71566883,papaya
38,51,52,32.66160599,90.78931681,6.927803911,78.85085502,papaya
54,65,47,27.92765919,91.55594211,6.721835879,149.9107557,papaya
57,57,51,39.01793345,91.48815629,6.99223441,105.8841531,papaya
39,52,53,32.51247398,94.65904123,6.704204398,51.07048113,papaya
58,67,45,38.72382798,91.72514851,6.702424548,62.62377075,papaya
61,64,52,43.30204933,92.83405443,6.641098708,110.562229,papaya
34,62,55,27.58548913,90.72526502,6.585346229,238.5008779,papaya
31,48,45,40.78881819,92.90951393,6.563134737,132.7923586,papaya
47,46,52,23.19451074,91.40301608,6.502289473,206.3999208,papaya
32,68,52,32.68067385,92.61715632,6.800321319,248.8592986,papaya
36,59,46,34.28879307,93.61082872,6.721130543,127.2509777,papaya
61,51,51,39.30050027,94.16193416,6.574677594,120.9512466,papaya
70,54,46,39.73149053,91.12220596,6.919342407,122.7628653,papaya
44,56,49,39.23342464,91.25589286,6.519779583,64.4478499,papaya
34,68,51,27.34734861,94.17756725,6.687088098,40.35153141,papaya
50,59,47,40.76998685,92.09278584,6.747975732,209.8678411,papaya
39,70,52,26.26559543,90.79668055,6.65149129,59.49373381,papaya
34,61,49,28.12971499,93.3210737,6.502675132,117.8201907,papaya
44,60,55,34.2804607,90.55561637,6.825371185,98.54047745,papaya
31,62,52,33.7960155,93.00754254,6.99104104,182.026807,papaya
65,62,51,31.53243779,90.87394933,6.511624841,207.0735119,papaya
44,57,53,42.30495821,90.51431779,6.93172108,74.876786,papaya
50,47,48,24.63676897,90.61964344,6.712772333,218.2299187,papaya
43,50,48,28.28222883,91.37059792,6.63016515,179.2720807,papaya
60,46,53,24.48620746,92.98254537,6.761953186,183.49095,papaya
70,68,55,42.84609252,94.63548176,6.691202286,78.8099639,papaya
59,62,52,43.67549305,93.10887229,6.608667684,103.8235658,papaya
60,58,51,42.07213781,92.92203105,6.840802254,165.7412972,papaya
42,60,47,33.46873719,92.12746225,6.834808348,136.8277041,papaya
35,66,47,31.7018373,91.66232213,6.953439161,48.83810592,papaya
34,65,48,41.41968393,90.03863107,6.665024508,199.3096432,papaya
36,54,46,42.54744013,94.94482086,6.662875839,214.4103848,papaya
39,64,52,28.91842453,94.63676767,6.678695788,63.68794608,papaya
37,52,47,43.08022702,93.90305729,6.54277684,211.8529059,papaya
33,47,46,29.20300896,93.96834049,6.839443833,209.4083305,papaya
34,48,48,41.04224355,91.37258067,6.805277038,181.527598,papaya
49,54,50,25.62446619,93.18240298,6.762522087,97.26336657,papaya
40,65,49,35.32876402,91.06138506,6.678449318,163.9069365,papaya
68,52,49,24.42561272,92.27749066,6.577192175,63.35298768,papaya
50,46,52,31.18298415,90.21646909,6.734005648,54.01872359,papaya
65,63,50,31.88342554,91.3256535,6.524459342,79.27201575,papaya
40,49,47,42.93368602,91.1756748,6.501521192,246.3613268,papaya
42,53,48,23.11407669,94.31994776,6.758479569,231.5153161,papaya
49,55,51,24.87212063,93.90560147,6.676578778,135.1694525,papaya
59,62,49,43.36051537,93.35191636,6.941496806,114.778071,papaya
63,58,47,26.83054058,90.75379971,6.864143752,144.6656444,papaya
70,65,52,30.42012134,93.12659793,6.583528529,75.95295,papaya
63,50,52,28.64555584,93.22642604,6.751747609,115.8163936,papaya
40,64,47,32.50037548,93.47888842,6.893509446,71.73759526,papaya
63,58,50,43.03714283,94.6428898,6.720744449,41.5856585,papaya
45,58,49,30.10773379,90.34546355,6.827812549,75.24521981,papaya
66,69,47,23.69212243,93.61055571,6.912299695,87.53393983,papaya
54,67,52,35.67667332,93.30641944,6.586107335,141.3381168,papaya
69,67,52,27.71948962,94.43877142,6.827305908,82.83061083,papaya
67,68,49,35.26824831,92.38282957,6.821774589,149.8488208,papaya
45,57,47,23.16855863,90.78821158,6.656458831,161.6892093,papaya
56,50,52,33.08706051,92.25197542,6.770384816,88.1300769,papaya
70,50,53,37.4620912,90.44967809,6.933809743,172.3458448,papaya
44,47,45,38.73218907,94.73613484,6.579441304,218.142147,papaya
50,60,47,32.57720726,92.74889453,6.92791761,93.7942847,papaya
52,51,53,38.38231475,93.10378595,6.985804083,210.2735346,papaya
35,68,45,42.93605359,90.09448142,6.612429546,234.8466111,papaya
68,69,52,25.65492304,92.74501561,6.813383387,52.95477913,papaya
32,55,52,37.58899717,91.99740365,6.9677596,159.6577388,papaya
32,55,51,29.60718808,93.15642801,6.57398033,62.68710535,papaya
48,62,47,25.34756111,93.02871078,6.803094965,174.4012337,papaya
39,69,53,25.9300384,93.02357765,6.964955435,241.8202079,papaya
49,61,45,32.76795887,94.57377401,6.764213299,240.4795923,papaya
48,57,54,29.02328049,90.20396783,6.617703178,126.8069869,papaya
69,66,49,40.00439101,90.17015833,6.52711001,92.11877372,papaya
53,55,55,33.32315744,91.25271223,6.709668804,234.496633,papaya
38,61,52,31.22790131,94.94021378,6.620729882,46.44279118,papaya
57,64,55,26.68386496,92.9585411,6.583760499,62.50689682,papaya
51,57,55,24.70528368,90.14732171,6.676407337,108.4103158,papaya
56,65,45,38.2016825,93.97379963,6.751298936,218.0908814,papaya
54,66,52,36.56769731,93.79503425,6.867554147,104.4218596,papaya
58,55,47,26.05375792,93.69111672,6.742490027,240.6863901,papaya
68,70,54,31.29986342,92.76039164,6.986228647,54.77830202,papaya
42,59,55,40.10207731,94.35110201,6.979102243,149.1199989,papaya
43,64,47,38.58954491,91.58076549,6.825664782,102.2708231,papaya
35,67,49,41.31330062,91.1508798,6.617066674,239.7427554,papaya
56,59,55,37.03551903,91.79430166,6.551892638,188.5181422,papaya
39,64,53,23.0124018,91.07355541,6.598860305,208.3357976,papaya
18,30,29,26.7627493,92.86056895,6.420018717,224.5903664,coconut
37,23,28,25.61294367,94.3138837,5.740054567,224.3206759,coconut
13,28,33,28.130115,95.64807631,5.686972967,151.0761899,coconut
2,21,35,25.02887163,91.53720922,6.293662363,179.8248944,coconut
10,18,35,27.79797651,99.64573002,6.381975465,181.6942283,coconut
7,11,32,29.25902906,95.11294697,5.542169139,184.7624496,coconut
39,5,31,27.10134661,93.69979946,5.551963184,150.9502632,coconut
34,6,27,25.84726298,90.92669463,5.860740481,147.8888994,coconut
31,30,29,26.58580443,90.98617591,5.558807063,178.8116076,coconut
25,7,35,28.38503882,99.18843684,5.55771171,189.6711349,coconut
16,18,26,28.43647052,91.81320717,5.568365926,145.5414413,coconut
26,10,33,28.27298134,96.93649473,6.07071786,198.8234862,coconut
27,8,32,27.00648436,96.46168931,5.627860549,144.3331315,coconut
37,18,30,27.63551259,99.34854917,6.38488418,157.9171537,coconut
19,15,34,26.29644905,99.65809151,5.685889066,215.9195049,coconut
0,19,33,27.1326009,95.23797989,6.234458417,204.7206567,coconut
31,20,26,25.56567803,97.61361544,6.443168642,199.7936345,coconut
9,17,32,25.94951662,93.40548703,5.842317989,172.0540491,coconut
22,11,29,28.03380598,95.01630593,5.955742971,218.0055713,coconut
31,6,26,29.12859129,91.30924833,5.741367375,157.2388553,coconut
34,6,30,27.0828252,97.00155491,5.948342571,171.7575545,coconut
24,6,32,28.11321494,90.01734526,6.387067562,172.4813641,coconut
1,8,26,27.5136304,94.18955816,5.562911913,156.6732553,coconut
31,13,33,27.63834933,95.48763389,5.85971872,205.5463111,coconut
10,9,28,29.01256899,94.01014388,6.282955073,150.0500312,coconut
36,27,26,26.58413917,95.78923137,6.25449571,171.6262299,coconut
38,24,33,28.28905147,97.00396405,5.973853124,142.9403233,coconut
11,6,25,28.69164799,96.65248672,6.081568052,178.9635457,coconut
16,14,30,29.70931288,96.30484325,6.37466756,209.8453993,coconut
33,14,35,27.14865285,96.66355213,6.027707171,149.2433497,coconut
16,6,29,29.28725038,91.95614918,5.868285082,132.1491176,coconut
32,11,31,25.06871967,93.31410447,6.205931638,134.8419069,coconut
38,14,30,26.92449525,91.20106019,5.570745386,194.9022136,coconut
8,6,33,28.27804288,93.64761266,6.095261013,171.9457959,coconut
23,6,33,29.18032562,92.73041222,6.025789594,204.9603677,coconut
29,25,35,28.3575072,91.64509299,5.542873799,160.7306991,coconut
24,14,33,29.38072512,93.27565685,6.366219551,218.5241851,coconut
32,12,30,25.39241091,98.08951196,5.579845008,218.080385,coconut
30,25,31,26.31270635,98.62048026,5.804965067,208.1181381,coconut
14,21,35,29.52501367,91.91185319,6.121005506,194.3100272,coconut
27,22,29,28.83214859,92.17170353,6.000248647,145.4172387,coconut
40,5,29,28.48444906,97.76865458,5.820978791,160.389421,coconut
17,11,32,28.74013335,93.39676499,5.620733794,156.7650823,coconut
30,30,35,25.00872392,95.59224018,6.001936419,165.8092179,coconut
28,10,30,29.8690834,91.14723422,6.305740522,192.7678575,coconut
39,7,29,27.54273211,94.59086121,6.362544111,150.2012138,coconut
32,20,35,26.52166434,98.38227669,5.588655387,144.6261698,coconut
7,15,32,25.03512351,95.89739958,6.182232762,174.796583,coconut
29,17,29,29.20394909,95.66997327,5.959493188,211.2506267,coconut
34,15,34,27.05826457,91.10510371,5.677282678,224.7006953,coconut
14,23,25,26.18552389,96.96637916,5.612122797,135.4186222,coconut
18,19,29,27.59376845,92.48519606,6.206077742,162.8432736,coconut
7,21,35,25.76011662,94.65830608,5.764812076,131.2451414,coconut
24,27,34,28.87862994,95.11320315,6.203376525,145.0583117,coconut
39,29,29,26.50908611,94.48414544,6.143662699,199.8778403,coconut
29,8,28,26.87037587,91.72546257,6.100429497,214.4128874,coconut
10,24,27,27.57283516,94.90485697,5.708409601,145.9298935,coconut
0,29,32,28.05912437,98.3670985,5.868255858,171.6516396,coconut
32,11,31,29.51611558,92.56492864,6.461225827,131.2116167,coconut
37,10,32,28.96318258,95.16333673,6.165084855,222.803013,coconut
20,29,27,25.09897688,92.36099489,6.047044342,157.7592626,coconut
31,29,35,27.1872282,92.19906776,6.137102505,141.3220576,coconut
17,30,27,29.03065024,90.79093862,5.894027065,205.5720367,coconut
1,12,30,27.754298,95.94643831,5.56222383,131.0900076,coconut
6,13,29,27.31155708,99.96906006,5.832608028,201.8258633,coconut
15,28,32,28.84270971,99.64328526,6.218571874,224.4016682,coconut
27,24,29,26.61423461,96.97300803,6.142010637,191.006688,coconut
3,23,30,29.70143197,95.65754365,6.078807239,215.1968037,coconut
8,26,26,25.54759871,91.64194826,5.702484758,212.867626,coconut
20,28,26,26.37978453,91.49882979,5.547594847,167.0470997,coconut
26,18,27,27.45907759,92.90736493,5.836075368,142.1430003,coconut
1,6,35,27.02269204,95.71935435,6.231662767,147.1682459,coconut
27,30,31,28.98545306,90.73966792,5.718120393,148.8398374,coconut
23,7,34,26.1055118,91.52421214,5.852038202,134.1279669,coconut
0,26,31,25.0707247,95.02156793,5.547933273,192.9036306,coconut
38,6,25,25.54963273,96.92786777,6.156259104,191.2996157,coconut
25,12,26,28.56973521,95.67906668,6.436314406,134.8370348,coconut
40,5,32,26.07010807,96.7036223,5.981169595,143.533473,coconut
0,19,31,25.51791333,94.38420565,6.271952833,178.7297725,coconut
26,9,32,25.9490364,94.73860514,6.470465614,144.1571109,coconut
35,30,34,28.2974764,95.41122824,6.141502001,182.4482352,coconut
19,30,30,29.56549169,91.40896307,5.826381164,224.8315729,coconut
31,13,33,29.69952329,95.21224392,6.342463714,148.3003692,coconut
17,29,26,26.14162144,93.28415295,6.071897347,195.4115025,coconut
2,30,30,26.00175125,94.79998418,6.331051715,209.540094,coconut
30,13,25,27.15116142,91.48889469,6.413184638,164.9182225,coconut
8,15,33,28.97318719,98.09861043,5.50158009,213.9011021,coconut
18,12,35,26.13958446,96.38580769,6.338720873,131.3387935,coconut
8,28,30,25.51618488,94.33465411,6.015672239,135.1272491,coconut
40,22,29,27.55821802,99.98187601,5.735364307,174.6256481,coconut
27,10,33,27.81132822,97.48410555,6.465906333,154.0621221,coconut
21,20,31,25.60033702,99.7240104,5.855457599,165.8248732,coconut
3,9,35,26.91641934,99.84671638,6.318552973,225.6323656,coconut
22,16,27,29.1797902,90.27214288,6.006784979,188.9252083,coconut
27,8,30,26.44600063,98.29937782,6.008386283,221.2258168,coconut
22,8,33,28.43572863,95.8840407,5.665785202,203.9283708,coconut
28,27,32,28.94099669,93.00109012,5.764615485,191.7723087,coconut
23,21,26,26.45488737,93.45042636,5.901495544,149.2220255,coconut
37,5,34,25.79490531,93.84150618,5.779032666,152.4238712,coconut
19,26,29,26.93141945,98.80313612,5.67154928,166.5712879,coconut
133,47,24,24.40228894,79.19732001,7.231324765,90.8022356,cotton
136,36,20,23.09595631,84.86275707,6.925412377,71.29581071,cotton
104,47,18,23.9656349,76.97696717,7.633437412,90.75616738,cotton
133,47,23,24.88738107,75.62137159,6.827354668,89.76050416,cotton
126,38,23,25.36243778,83.63276077,6.176716425,88.43618918,cotton
126,50,19,24.69457084,81.7358876,6.628722836,78.58494391,cotton
113,41,20,25.0017188,80.53965818,7.256877571,96.32600992,cotton
121,45,22,22.45942937,81.30681027,6.443785385,64.23026638,cotton
121,47,16,23.60564038,79.29573149,7.723240151,72.49800885,cotton
129,60,22,24.58453146,79.12404171,5.947448589,71.94608134,cotton
107,45,25,23.0865933,83.55546146,7.227745516,71.84080724,cotton
122,59,18,23.5000992,83.63488952,6.219469084,79.81328183,cotton
140,38,15,24.1472953,75.88298598,6.021439523,69.91563467,cotton
102,49,21,24.69315538,84.84422454,6.253343655,89.799462,cotton
111,40,25,24.484692,84.44932014,6.187455799,90.94342484,cotton
131,35,18,24.49112609,82.24415809,7.057693366,64.02949379,cotton
135,43,16,23.47986888,81.73049149,6.720449769,86.76287924,cotton
100,46,18,24.18586246,76.04203958,6.431689506,69.08056728,cotton
123,39,24,25.00755095,78.17952126,7.453106264,86.06411872,cotton
117,56,15,25.99237426,77.0543546,7.368258226,89.1188212,cotton
121,36,24,23.66457347,81.69105088,7.352401887,99.36898373,cotton
101,58,18,25.66891439,81.38103349,6.652143699,78.59595817,cotton
107,42,24,22.04612876,84.62978302,6.144631795,86.00758678,cotton
100,41,22,22.4204752,84.55794703,7.318802162,93.46595573,cotton
125,39,21,25.03149561,82.21276599,7.954629324,95.0191318,cotton
105,60,23,23.53371386,77.21705554,6.207652157,87.54004943,cotton
102,46,19,22.77076388,82.5993307,6.631005298,81.49543437,cotton
131,49,22,25.49848236,79.9751579,7.306918817,67.05961949,cotton
139,35,15,25.248679,83.4630147,5.898293044,86.55517751,cotton
108,36,19,22.78249615,77.51235009,7.238566893,64.61444234,cotton
118,45,23,23.37044424,77.43198948,7.977651226,71.67870701,cotton
107,51,22,24.86560781,78.22080815,5.983075895,79.56866268,cotton
125,60,17,24.14386157,84.51591287,6.785723961,80.36146974,cotton
113,37,20,25.03300222,79.04368718,7.393441155,97.10087029,cotton
131,52,16,23.65724079,84.47601498,6.486068274,88.54479121,cotton
115,48,16,25.54359718,84.09229796,7.175934962,88.94245493,cotton
113,38,25,22.00085141,79.47270984,7.388265888,90.42224164,cotton
111,41,18,23.64328417,78.1258666,6.10539819,80.96157332,cotton
111,53,19,23.96436009,78.02763149,6.419536555,84.63148859,cotton
122,48,16,24.65425757,75.6350708,6.307585854,61.82980133,cotton
108,46,17,24.3017998,84.87668973,6.93221485,65.0247867,cotton
132,41,22,24.29144926,81.02453404,7.810865753,90.41694635,cotton
103,42,17,24.29470232,84.61527627,6.527541661,81.05902285,cotton
133,50,25,25.72180042,81.19666206,7.569454601,99.93100821,cotton
127,37,18,24.87663664,76.30050373,7.041065585,91.9223468,cotton
110,39,25,22.60612115,77.34264002,7.208795456,75.13617229,cotton
131,38,19,23.86814008,75.68339729,6.814341946,90.4547185,cotton
108,38,24,23.41022496,76.43836957,7.442217061,78.82199603,cotton
122,40,17,24.96440768,81.31677618,6.854558957,80.03995829,cotton
111,50,15,25.16820129,80.30351815,7.884550475,84.62419032,cotton
140,40,17,22.72767171,77.07598065,6.006085786,77.55176318,cotton
100,40,20,22.45145981,76.25674874,7.432043735,86.84998693,cotton
123,50,16,23.04920461,75.53835214,6.498052108,70.65644296,cotton
107,36,21,25.29250148,75.66653335,6.205263534,62.64174227,cotton
118,50,19,22.95604064,82.33733678,6.360812227,66.48339303,cotton
103,51,20,22.80213132,84.14668447,7.046607434,91.6389565,cotton
133,57,19,23.54234715,75.98203329,7.947011366,84.12536744,cotton
129,47,20,24.41212325,80.80343786,6.281913858,98.60457373,cotton
116,52,19,22.94276687,75.37170612,6.114525877,67.08022574,cotton
114,40,23,25.53676123,81.13668716,6.753978061,95.4262599,cotton
131,60,17,25.32023717,81.79475917,7.425041316,83.46532547,cotton
107,43,18,22.426733,81.53480799,6.745104394,65.54475812,cotton
123,44,21,25.78544484,75.00539324,7.641116569,91.39578861,cotton
112,49,25,25.68959532,77.90621048,6.470135478,66.19426787,cotton
119,44,15,22.14593688,82.8597549,7.091992365,60.65381719,cotton
130,59,19,25.07278712,82.50257909,6.520403794,93.51042684,cotton
127,53,24,22.21506982,76.17851932,6.127939628,70.40557612,cotton
134,52,18,23.9643129,76.59175937,7.994679507,76.13090645,cotton
109,36,18,25.40059227,76.53237965,7.524707577,62.5138867,cotton
100,48,17,23.7805123,83.03878838,7.827877818,66.26555904,cotton
132,52,19,24.16402322,76.7433897,6.436691764,61.94626051,cotton
102,37,25,25.31468463,77.91757121,5.907930899,72.82902109,cotton
111,39,22,22.60361557,80.3509046,6.135025006,88.57395505,cotton
117,51,15,22.9535715,78.71555832,6.044556594,99.75336197,cotton
136,36,24,22.74446976,80.41198458,7.59781958,90.07326633,cotton
134,56,18,23.80834611,83.91902605,6.691268104,70.97358303,cotton
112,54,15,25.46228792,81.56641891,6.175492306,76.88582484,cotton
105,56,15,25.96779712,81.97904282,7.272316209,74.14169043,cotton
140,45,15,25.5308271,80.04662756,5.801047545,99.39557151,cotton
126,46,25,24.43847399,81.69801729,6.757457943,60.79645852,cotton
106,49,24,23.03887865,76.47039772,6.983395573,90.64770699,cotton
121,53,19,23.51308653,76.72621429,7.976889498,80.11272117,cotton
108,60,17,22.75805656,76.75768356,6.558902588,97.76600619,cotton
116,56,17,24.71252544,77.7293114,7.979090365,85.24963302,cotton
100,52,19,23.45969093,82.44777468,7.903528673,93.50153555,cotton
129,43,16,25.5503704,77.85055621,6.73210948,78.58488484,cotton
118,44,23,22.08458267,82.82904143,6.691690476,67.06459777,cotton
117,43,25,24.68854799,78.51206972,7.839849298,69.31153566,cotton
126,37,21,25.84997269,84.16855231,6.61448588,77.03421249,cotton
120,48,16,22.46054478,75.40989245,7.456971816,71.85436078,cotton
102,45,16,23.65629976,77.52425987,7.2942193,74.8984994,cotton
131,56,20,22.00817088,81.83896111,7.762647875,92.23645249,cotton
114,40,17,24.32630461,80.13456404,6.363406102,69.45072055,cotton
101,37,18,22.92360984,82.68738535,7.63737841,92.91915074,cotton
106,46,20,23.43821725,78.63388824,6.200671976,81.15072105,cotton
113,38,20,22.10718988,78.58320116,6.364729934,74.94136567,cotton
102,53,21,23.03814028,76.11021529,6.913678684,91.49697481,cotton
110,39,18,24.54795322,75.39752705,7.766259769,63.88079866,cotton
107,58,15,23.73868041,75.77503808,7.55606399,76.63669195,cotton
120,60,15,22.31871914,83.86129998,7.288377241,65.35747011,cotton
89,47,38,25.52468965,72.24850829,6.002524871,151.8869972,jute
60,37,39,26.59104992,82.94164078,6.033485257,161.2469997,jute
63,41,45,25.29781791,86.8870535,7.121933579,196.6249511,jute
86,40,39,25.72100868,88.16513579,6.207459637,175.6086697,jute
96,41,40,23.58419277,72.00460848,6.090060478,190.4242157,jute
100,35,36,25.31042337,72.01364411,6.346715209,190.5577618,jute
63,37,43,23.41798979,85.08640476,6.661957897,185.7446728,jute
70,43,40,24.35564134,88.80391021,6.176860192,169.1168028,jute
67,55,44,26.284017,75.14640198,7.251847296,182.2685447,jute
74,40,40,25.13842773,83.12053888,6.386259978,169.3388465,jute
89,53,44,24.88692811,71.91711523,7.319735475,150.2498675,jute
74,46,45,25.75734909,88.36668522,6.025028997,189.4263485,jute
89,41,38,23.12844351,74.68322732,6.344751947,199.8362913,jute
60,55,40,24.9949957,88.95692783,7.02777956,151.4935635,jute
67,43,38,25.21622704,70.88259632,7.299304715,195.8645552,jute
70,38,35,24.39736241,79.26861738,7.014063944,164.2697011,jute
74,49,38,23.31410442,71.4509053,7.488014404,164.4970373,jute
90,40,39,25.72668885,81.86171563,6.626503893,191.9649389,jute
82,35,44,26.96656378,78.21047693,6.239011,169.8391177,jute
73,45,37,23.70467146,74.63745355,6.742688094,181.2783964,jute
85,53,38,24.90075709,73.84186449,6.588017308,153.8990984,jute
81,56,36,23.39605743,72.60512854,7.097586415,174.7876411,jute
84,55,38,26.8748389,79.78725152,6.956682743,173.1017097,jute
80,45,42,23.1426498,74.99739774,7.380396262,151.9035477,jute
76,54,45,24.29496635,77.62976013,6.176618831,184.9800516,jute
76,56,39,24.39459498,89.89106506,6.551130445,197.1220049,jute
81,40,45,25.7629429,80.76238215,6.427726565,174.5071843,jute
76,44,45,25.4879684,84.48235878,6.740947635,168.7848886,jute
69,47,40,25.37122686,76.2403666,6.130136384,183.8270791,jute
82,40,45,26.21312799,81.70476368,6.667633355,180.1237765,jute
69,57,35,24.30748599,78.54340987,6.186814392,186.2337571,jute
81,36,38,23.76554749,87.98329901,6.334837865,150.3166152,jute
67,60,38,24.79853023,78.53037059,7.16214284,162.2847429,jute
72,51,40,23.20683504,74.09956958,7.422318499,199.4766779,jute
65,39,45,23.66805429,70.89000744,6.768001309,184.4633281,jute
78,50,43,25.12417673,85.72530641,6.348441469,159.5718087,jute
77,52,41,23.89069041,83.46409075,6.097294061,167.7230632,jute
89,52,42,23.09433785,81.45139295,6.14132902,196.6587013,jute
62,49,37,24.21744605,82.85284045,7.479248124,166.1365886,jute
90,48,45,24.06475727,71.31342851,6.509174789,153.6390212,jute
66,47,36,24.85441411,74.4407048,6.57256106,175.572958,jute
80,52,39,26.41915161,76.85691248,7.165696848,197.2101782,jute
89,52,45,24.89326318,77.01222585,7.207457208,196.469984,jute
77,51,44,23.25583402,82.7015932,7.124333547,166.2160846,jute
94,37,41,24.7634518,87.06071115,6.463538707,179.1630865,jute
75,41,35,24.97042599,78.62697699,6.856833064,166.6415254,jute
60,55,36,26.12797248,80.49172597,7.132389299,150.6326874,jute
62,56,35,25.97825807,81.65769588,6.235357638,163.3488091,jute
84,40,42,26.2830571,73.35763537,6.704273839,186.6898282,jute
100,56,40,26.38905406,83.31240346,7.433313409,176.1516409,jute
75,56,44,25.2746335,73.7459581,6.109478059,168.0432282,jute
78,46,42,23.09499564,78.45959697,7.095413294,155.3851533,jute
82,48,36,25.79351957,81.76904006,6.352076783,193.2418382,jute
100,58,41,23.17403323,87.88255345,6.658769991,160.6217342,jute
88,50,40,25.63215038,79.95150917,7.051822472,182.2582277,jute
67,41,40,25.848795,87.81661683,7.333143205,152.6194403,jute
72,42,43,26.56767277,80.90424543,6.352771037,181.2915605,jute
89,40,43,26.24532085,72.97198375,7.124050134,189.9711184,jute
89,57,43,26.91515043,73.19897535,6.998787171,177.2233048,jute
61,41,44,24.36972377,82.11319791,6.537914958,159.9210934,jute
79,45,43,25.71901283,79.15532398,7.171054239,187.1735424,jute
84,40,43,25.01157559,88.3313023,7.228268228,169.4168014,jute
98,43,35,25.40785911,76.44048625,7.319952206,188.6372826,jute
75,36,44,23.28081,74.27607475,6.613341343,153.7447398,jute
89,58,35,23.98651719,82.09053379,6.096838784,167.0576456,jute
91,41,37,24.48556447,83.20630007,6.132570523,192.2316221,jute
77,48,36,25.86705009,84.09985284,7.36008498,154.8390847,jute
66,58,35,23.5643831,79.46283115,7.321619041,185.25947,jute
62,59,41,24.2248758,74.89465426,7.175170657,192.4931257,jute
82,35,35,25.49386782,86.97061481,7.299076163,176.5268267,jute
61,41,35,24.97178693,79.47557931,6.842966479,195.7571622,jute
99,57,38,24.80624984,82.09281674,6.356295568,156.3616174,jute
70,42,43,23.16814977,76.66724969,6.508342839,157.1215052,jute
90,59,35,24.25133493,89.86454053,7.098227926,175.1742112,jute
73,43,42,26.58361011,78.00774772,6.310699968,154.8238864,jute
67,46,44,26.82489244,78.20392774,7.093328631,153.9199807,jute
84,37,42,25.49674786,81.13449097,6.691074249,169.9288234,jute
72,41,36,24.09874353,80.57226761,6.187746776,176.8604109,jute
71,56,37,23.18866654,86.20899734,6.491506245,176.103677,jute
64,53,38,26.24347471,78.51063754,6.855362875,183.4065252,jute
65,54,39,23.75091572,71.14782585,7.124571593,160.0889553,jute
60,58,37,26.13871511,79.1188943,6.067302109,171.4892533,jute
86,39,43,26.14576648,71.23690851,6.432051512,193.1007598,jute
90,50,44,26.91643698,73.48655995,6.253408852,171.4716375,jute
91,38,36,26.5232969,77.17331847,7.287318723,157.8548562,jute
87,48,38,23.81579631,80.94023552,7.161865733,190.312216,jute
72,41,36,26.50838667,86.84264005,6.065898283,152.9801697,jute
71,54,35,26.63952463,70.95705996,7.311077075,199.3355744,jute
82,46,41,23.3250131,79.79609448,6.581693772,187.3096148,jute
71,52,43,26.47549543,73.96164569,6.732826127,180.2513601,jute
80,43,43,23.78756036,74.36794079,6.014572075,172.6442654,jute
77,55,43,25.49941707,75.99987588,6.663559451,193.7141828,jute
95,57,41,23.24925555,73.65346838,6.434610995,184.7674863,jute
63,47,35,26.98582182,89.05587886,7.432768147,193.8778713,jute
93,43,38,23.61475336,86.14290267,6.987332927,150.2355238,jute
87,44,43,23.87484465,86.79261344,6.718725189,177.5147313,jute
88,52,39,23.92887902,88.07112278,6.880204617,154.6608736,jute
90,39,37,24.81441246,81.68688879,6.86106911,190.7886386,jute
90,39,43,24.44743944,82.286484,6.7693455,190.9684885,jute
84,38,43,26.57421679,73.81994896,7.26158085,159.3223075,jute
91,21,26,26.33377983,57.36469955,7.261313694,191.6549412,coffee
107,21,26,26.45288458,55.32222678,7.235070264,144.6861336,coffee
83,38,35,25.70822684,52.88667115,7.18915558,136.7325092,coffee
108,24,31,24.12832546,56.18107663,6.431899748,147.2757818,coffee
116,28,34,23.44372334,60.39523266,6.42321105,122.2103248,coffee
116,23,25,23.4123707,52.26994674,6.869720196,139.3670753,coffee
109,31,27,23.05951896,50.40609436,6.973839707,164.4971875,coffee
89,25,34,23.07895447,63.65861483,7.184801627,129.8765443,coffee
118,18,32,27.6496114,51.11044023,6.351823783,122.8392822,coffee
111,32,34,25.46743689,69.35161206,6.392048018,171.3764462,coffee
84,36,28,26.7350622,55.55164819,6.119892347,140.6305213,coffee
85,33,25,26.20811417,52.50987966,6.910823945,189.0944824,coffee
99,15,27,27.0424167,57.27927475,6.501157208,165.6872119,coffee
81,30,31,24.65090184,51.93952357,7.027585559,135.1386537,coffee
95,39,29,27.35152643,55.99375012,7.13411409,148.9812525,coffee
81,34,30,25.17787724,62.26244581,6.647765997,135.0119649,coffee
80,15,28,23.11438731,68.00096043,6.703270635,161.8944624,coffee
104,20,26,27.22783677,52.95261751,7.493191968,175.7260273,coffee
109,29,28,23.26316991,60.5160021,6.724688503,194.1755471,coffee
100,32,26,25.234661,57.53161469,6.043485685,124.2261737,coffee
100,24,28,25.59535262,57.72920846,7.101661011,195.7733251,coffee
83,21,28,25.5674832,60.49244602,7.466900683,190.2257843,coffee
120,23,28,25.67324193,51.29043632,6.877799264,196.2736367,coffee
104,26,30,24.40726724,62.65692638,6.410992833,148.6977358,coffee
108,33,31,23.69287069,66.76090123,7.393825704,144.6576424,coffee
91,25,26,24.53460016,66.99765375,7.482414225,180.5059257,coffee
86,26,27,27.13140403,52.89368299,6.081172981,192.4280381,coffee
98,18,27,27.56088634,68.49299897,6.516312148,167.4358075,coffee
111,27,31,23.59302313,55.27564977,6.043330951,191.3980675,coffee
84,39,35,23.17714381,52.13864034,6.959404135,117.3113562,coffee
98,27,27,24.71384065,51.29142534,7.238109556,197.6439711,coffee
118,21,34,24.38534644,64.72543073,7.234258375,119.6324109,coffee
103,27,31,27.15998538,51.59100753,6.691541233,126.1752206,coffee
82,24,33,26.53543168,67.09608099,6.809593554,120.6494434,coffee
86,31,35,27.01207284,60.76645256,6.485761419,191.4508931,coffee
88,35,35,27.55906475,58.45742907,6.784460602,117.9389993,coffee
84,27,29,23.32293161,53.00366334,7.167092586,168.2644287,coffee
120,40,33,24.23850608,54.30329632,6.73410539,115.1564012,coffee
106,40,30,23.42611644,64.10651528,6.779984384,122.6847408,coffee
113,21,33,26.02241444,55.83288958,7.277422738,176.9020924,coffee
117,34,25,24.83846178,56.7685316,7.21270048,124.4135035,coffee
80,30,25,26.24092174,65.64381357,7.487266991,148.3771202,coffee
88,21,27,24.43011925,66.02411187,7.231166546,181.6368274,coffee
113,33,34,26.00373964,62.1445102,6.559817161,153.477776,coffee
87,23,28,26.22367404,62.26594559,6.979590627,193.7461968,coffee
113,15,29,27.09617155,63.55324262,6.779230041,190.2440566,coffee
98,29,30,25.64004392,61.03273481,6.217974349,199.4735636,coffee
97,29,27,27.74576987,54.36976075,7.205078785,139.8619431,coffee
85,35,32,26.24928198,54.28617819,6.854011265,133.1120232,coffee
82,29,35,26.67377159,52.24226285,6.246872394,156.1543898,coffee
103,33,25,27.10210397,55.7497332,6.911066044,139.5013171,coffee
112,17,28,27.62975458,61.26002598,6.777417989,196.6492664,coffee
99,19,33,27.5364547,55.51673151,6.273741983,130.6377143,coffee
120,20,34,23.56960509,50.56339727,6.906124587,130.3797119,coffee
114,27,28,24.99451759,57.93250202,7.162802357,192.8736822,coffee
100,40,35,27.56441788,54.41094079,6.955787351,177.816092,coffee
108,35,25,23.98143338,61.10935084,6.971963169,161.5279095,coffee
115,31,30,24.22984659,67.37768353,6.840927967,122.4073418,coffee
87,28,30,25.60153969,68.66257977,6.536676653,168.8383605,coffee
82,24,26,24.31274458,53.57285558,6.089443603,184.4103931,coffee
94,26,27,26.36629861,52.25738495,7.456460375,177.3176161,coffee
87,28,35,26.5602777,57.1621814,6.759211911,152.0616227,coffee
118,40,35,26.35034208,58.50650238,7.460174812,121.5586297,coffee
87,38,29,25.20406808,57.88370456,6.652642579,156.1457255,coffee
92,40,30,23.35723208,55.18792166,6.026287448,171.6976946,coffee
97,22,26,23.60567546,59.68849145,6.074190142,185.1568059,coffee
99,40,32,24.18471151,69.94807345,7.045543056,163.2708732,coffee
89,28,33,26.44414097,53.83876189,6.993236001,175.3723314,coffee
112,39,29,26.12492233,63.37479229,6.726528895,147.8035305,coffee
111,28,26,27.77363343,64.47858698,6.937352845,192.7121236,coffee
114,20,26,25.55656667,62.67087838,7.27905689,193.5866233,coffee
117,26,30,27.92374437,67.96910852,7.079850922,115.2325531,coffee
111,29,31,26.05968403,52.31098539,6.136286518,161.3432535,coffee
119,30,28,26.35770906,64.57578034,6.505203696,163.6269496,coffee
116,40,33,24.91370487,54.15319242,7.042089492,129.5481144,coffee
95,37,35,27.31317116,68.4233391,6.348337519,192.4288139,coffee
86,40,33,26.1387869,52.26311691,7.432322234,136.3027766,coffee
117,37,32,23.1069385,67.06230539,6.787658922,162.5769606,coffee
105,18,35,23.52648086,68.44030686,6.743417121,171.8839938,coffee
109,23,25,25.11711046,68.48030408,7.00733163,194.8773479,coffee
80,18,31,24.02952505,58.84880599,7.303033217,134.6803969,coffee
101,31,26,26.70897548,69.71184111,6.861235184,158.8608887,coffee
103,33,33,26.71717393,50.50148528,7.131435858,126.8073984,coffee
93,26,27,24.59245684,56.46829641,7.288211994,137.7044047,coffee
104,35,28,27.51006055,50.66687215,6.983732393,143.9955548,coffee
116,36,25,27.57847581,58.52534263,6.172090205,156.6810374,coffee
107,38,29,26.65069302,57.56695719,6.35118177,145.105065,coffee
101,33,33,26.97251562,62.0183627,6.908671379,142.8610793,coffee
107,31,31,23.17124551,52.97841162,6.766184468,153.1201644,coffee
99,16,30,23.52652084,65.44340921,6.392791654,186.1728203,coffee
103,40,30,27.30901814,55.196224,6.348316257,141.4831644,coffee
118,31,34,27.54823036,62.88179198,6.123796057,181.4170812,coffee
106,21,35,25.627355,57.04151119,7.428523634,188.5506536,coffee
116,38,34,23.29250318,50.04557009,6.020947179,183.468585,coffee
97,35,26,24.91461008,53.74144743,6.334610249,166.2549307,coffee
107,34,32,26.77463708,66.4132686,6.78006386,177.7745075,coffee
99,15,27,27.41711238,56.63636248,6.086922359,127.92461,coffee
118,33,30,24.13179691,67.22512329,6.362607851,173.3228386,coffee
117,32,34,26.2724184,52.12739421,6.758792552,127.1752928,coffee
104,18,30,23.60301571,60.39647474,6.779832611,140.9370415,coffee
123,66,58,22.68810756,82.5350423,6.765446192,134.6628783,broccoli
143,46,43,17.45572789,84.88625002,6.353826725,137.439128,cabbage
33,56,54,15.01902713,77.25067876,6.847864492,107.4530683,peas
85,53,47,28.27805737,71.81950844,6.214822019,177.7266662,okra
112,60,64,20.12697027,76.2867215,6.459044952,139.8083252,capsicum
98,58,61,20.69429002,73.73424984,6.752595931,142.3842485,capsicum
95,49,51,30.57772685,71.46798734,6.135821543,222.8601411,okra
78,36,45,17.89099461,71.68241447,6.571258686,106.3232549,lettuce
92,54,46,20.61587674,64.01061054,7.08941754,140.8815888,tomato
43,63,46,12.13376182,80.69389118,6.438270418,86.8882662,peas
86,69,64,20.82706087,61.43432735,6.906161712,137.1365039,tomato
102,51,67,20.87830096,71.2266362,6.579359466,156.334872,capsicum
94,53,56,21.70058505,67.22556196,6.6861466,149.6292069,chilli
114,57,53,28.84100857,71.54607742,6.266467542,172.2255345,brinjal
124,57,53,18.18358503,82.33530651,6.682091829,124.9171536,cabbage
72,27,48,23.3028789,75.83338982,6.254090081,127.4504883,onion
93,45,74,23.85334394,76.2846083,6.403959209,192.0042593,cucumber
98,50,112,16.77459649,79.47469324,5.381998356,120.4311723,potato
66,45,45,18.6725259,69.16015121,6.598497643,117.1529779,garlic
113,56,62,16.29286743,83.05527634,6.56026902,122.7551088,broccoli
130,60,66,19.03598955,82.10481901,6.424108919,124.0289919,cauliflower
76,54,57,17.39892803,69.06790313,6.919643491,84.5116751,garlic
77,53,63,16.14457142,68.77119517,6.864790249,107.5117188,beetroot
79,49,66,27.65634008,68.70857639,6.240194959,196.3596309,pumpkin
69,50,55,18.05497527,71.00187945,6.486737002,105.3093408,beetroot
106,59,52,22.81533256,63.74443212,6.777208106,135.3774466,tomato
86,55,63,26.24337828,68.91637933,6.419208084,144.0321853,chilli
81,49,54,26.46735495,70.94181641,6.473151997,141.168644,okra
92,41,70,26.93795616,76.03217238,6.632014222,160.5447097,cucumber
110,43,47,23.28758817,72.56892975,6.654514306,236.3182873,tomato
117,54,66,19.88557703,83.94922095,6.767982466,114.4486066,cauliflower
79,51,53,29.92500577,67.09528257,6.839329211,195.3495869,okra
94,63,43,24.7402309,70.04690463,6.389998048,150.4073553,brinjal
79,63,44,25.29249065,74.93790698,5.984576029,175.2945218,okra
64,44,64,28.18196854,73.45201714,6.06973062,172.8319285,pumpkin
80,48,54,17.25035589,63.84582472,5.892181046,95.1508803,carrot
65,51,56,18.56185699,71.23595444,6.773640614,124.8378741,garlic
104,58,62,18.6404465,71.88259319,6.479061451,150.4953496,capsicum
75,45,63,30.19936846,73.36842416,6.979314787,149.4885658,pumpkin
76,36,42,19.75068328,61.9811185,6.652011193,121.2365963,onion
106,62,98,16.80255413,72.48272309,5.280720988,119.5030954,potato
70,45,63,17.55212115,67.67966801,6.569955399,113.1834601,beetroot
87,48,56,24.91989359,70.96850996,6.515086728,95.9705128,onion
96,63,56,25.73566129,72.28911586,5.749933442,135.9809332,brinjal
69,37,55,18.76406741,58.63008665,6.374917994,105.1276501,radish
76,31,59,17.67151603,70.79034788,6.390977082,113.6961188,spinach
104,56,50,26.69341996,82.04622621,5.647976677,149.418949,brinjal
88,42,48,15.14796377,69.57549287,6.807330943,102.4201817,spinach
99,66,55,19.8467895,77.61562039,6.661673013,114.0688461,tomato
55,50,47,15.87348263,65.78703599,6.356574214,109.4241705,garlic
68,36,47,15.04399549,58.83482877,6.022875727,91.1560902,radish
94,38,48,19.94174118,66.78728087,6.65998838,95.7553409,onion
35,54,47,18.47943308,72.30831445,6.763923562,123.542842,beans
81,44,42,14.71757356,61.89737474,6.752516821,111.7221278,onion
89,56,58,27.50732944,62.79411313,6.235824216,171.4639161,okra
72,32,45,16.90607931,76.29247211,6.565216544,119.5986475,lettuce
116,54,59,20.0946197,67.32853877,6.334324948,166.6158164,capsicum
77,45,48,14.94962913,67.22084151,6.423672712,113.5903972,garlic
86,57,69,25.56299448,64.54285895,6.783905146,135.2498068,chilli
126,60,44,17.71044812,78.29447548,6.511102529,108.9757619,cabbage
31,56,54,20.36564493,75.66161188,6.805677948,114.9692921,beans
126,53,54,18.19562659,86.41573419,6.435929794,122.1690016,cauliflower
84,56,51,15.31748055,70.15401263,6.88857061,126.4373732,garlic
69,63,64,28.75434465,73.96797395,6.098435803,187.8991594,pumpkin
84,45,67,21.24768749,60.19639813,6.523095365,105.2036421,beetroot
107,55,56,19.8863184,81.96451627,6.783422125,109.1020033,broccoli
78,39,56,26.62692249,76.65350422,6.613758464,154.2800059,okra
59,33,54,18.64330532,69.59485121,6.207494384,106.647797,radish
97,49,106,18.2665515,72.65862257,5.614059355,129.1587862,potato
36,60,50,19.32332907,69.8893849,6.50089565,137.0800446,beans
40,63,51,20.34715722,71.19771528,6.480519316,148.2436147,beans
116,48,53,17.50258704,83.26462383,6.493853518,101.5731345,cabbage
33,65,50,15.40650766,70.90489947,5.519399937,113.4054563,peas
79,51,64,26.9884342,70.74929132,6.301002772,175.0205269,pumpkin
98,43,66,24.78968753,81.641674,6.693433554,189.1337602,cucumber
114,49,51,16.26915715,79.29716768,6.406830483,106.9530487,cabbage
70,45,50,17.54667559,70.59659088,6.386685119,130.6212754,garlic
93,50,63,27.27521162,79.03507922,6.598882847,149.6206044,cucumber
134,54,51,19.63793073,83.48842189,6.477831839,119.3625522,cabbage
141,57,58,16.4605858,79.48011987,7.068523392,136.2844363,broccoli
102,48,43,20.38356779,64.59225998,7.006142491,162.0409939,tomato
66,34,46,16.11587963,65.80801673,6.546462422,120.0458538,spinach
40,54,50,21.16214215,71.45866306,6.192626211,133.8211515,beans
71,35,45,20.63164368,70.58697574,6.32071621,115.6800401,radish
77,59,50,19.1963443,64.09786826,6.691984416,103.6833096,garlic
41,72,51,23.49771046,76.1480213,6.431129421,142.7342034,beans
84,41,41,17.01077802,67.34798857,6.851701882,100.1255887,lettuce
73,57,79,17.72600902,65.92241451,6.214773031,115.1398003,carrot
78,39,55,21.78067017,56.23844546,6.631180155,122.9210429,onion
68,43,51,16.73953585,61.71809982,6.742836071,126.7412229,garlic
64,42,48,18.53760987,61.9578158,6.128053926,101.8758659,radish
82,42,44,15.71936754,80.0712258,6.527805834,106.0720931,lettuce
89,36,49,20.04406458,64.86040675,6.629656087,118.1857778,onion
76,40,53,15.66843555,58.81527619,6.38989263,101.6893136,onion
131,59,54,16.46348936,79.9281308,6.05356468,112.9584149,broccoli
119,59,68,18.99276329,77.68210432,6.246270857,117.8083665,broccoli
127,56,63,15.85961687,88.87616245,6.275916835,127.631628,cauliflower
102,69,66,18.77534506,67.32897034,6.65493677,132.9654614,capsicum
65,44,44,20.54496666,61.7593167,6.829331036,105.0648748,radish
71,63,57,17.12961334,64.5008951,6.81946913,105.5266905,beetroot
72,51,51,26.63965305,66.86245186,6.69517583,189.8289102,okra
93,42,46,26.00381074,64.98286059,6.418905514,216.1217824,okra
88,52,65,18.97207258,61.81078404,6.570672763,104.3465042,carrot
40,58,56,16.27291115,78.4124717,6.387138652,98.3260653,peas
72,48,48,23.65147556,74.08526421,6.69966218,113.5256953,onion
68,43,52,17.68292462,64.32792375,6.623094198,91.2245345,spinach
132,61,71,20.05021831,79.38440645,6.506828345,124.4315516,cauliflower
78,43,51,17.744092,66.72378426,6.340794829,136.1401071,onion
117,59,62,22.18639586,75.95246632,6.789845261,136.6772187,cauliflower
110,64,54,26.84038309,68.57400705,6.229301113,127.2390287,brinjal
100,40,61,23.62446952,76.41070699,6.433591225,181.8218721,cucumber
30,60,50,22.78015533,75.43308172,6.184259266,111.3326101,beans
82,54,59,18.61437765,69.43309143,6.343520996,160.4349012,pumpkin
71,36,53,13.85761028,77.33284225,6.688011596,110.2460208,lettuce
96,46,58,22.97991758,77.11784708,6.251573655,190.8057589,cucumber
109,40,51,14.65279584,82.3813768,6.347310357,128.1497133,cabbage
106,55,55,27.27442329,62.27458061,6.178600221,115.7623029,chilli
74,45,39,25.15208378,72.71411668,6.007092792,150.3770855,okra
128,54,46,17.05690675,84.73331597,6.358137236,132.8757366,cabbage
76,43,50,18.32689549,68.51539849,6.446042311,123.6542933,garlic
127,53,67,12.43407914,81.65140643,6.785223994,108.6335848,broccoli
82,54,63,30.54942947,71.66764269,6.662220481,168.3119805,pumpkin
106,55,56,25.62005448,65.10055566,6.513512916,141.8832288,chilli
75,44,86,21.79457739,68.62677491,6.555882661,112.1034413,carrot
135,47,49,16.88907865,80.1933621,6.439004997,110.9006152,cabbage
55,41,44,17.44337949,66.5117427,6.370222782,103.366509,radish
76,40,79,18.59631693,70.55464067,6.564529581,114.4114381,carrot
91,49,44,21.1642335,66.40213804,6.632296868,109.2407125,spinach
90,57,59,28.3868991,71.82281588,6.485802851,126.6434637,chilli
110,51,45,16.38784874,78.01673842,6.530227248,130.3014134,cabbage
125,54,57,17.56409819,81.06436806,6.963779643,129.5387154,broccoli
127,65,59,23.35925739,79.58194456,6.936123887,124.2636075,broccoli
86,50,60,23.84297452,77.29882188,6.3998294,187.2078679,cucumber
98,59,61,24.95086597,77.40881072,6.327220058,150.7100469,brinjal
71,27,49,17.34797501,69.56146478,6.561523693,106.1553793,spinach
110,65,61,16.29103415,72.07300984,6.64609201,157.9122125,capsicum
74,57,60,20.27411772,64.35487977,6.44867687,127.8132085,beetroot
83,49,56,16.4383901,66.0469051,5.986804392,101.3009679,beetroot
73,48,48,17.33752138,69.1169604,6.072456225,122.4460577,garlic
61,42,46,18.45260842,67.59930892,6.353731491,104.4831033,radish
24,63,51,11.98313396,71.88100418,6.884349183,126.9693247,peas
121,51,48,19.23479516,75.59638409,6.234300595,118.7609429,cabbage
85,46,50,16.49258471,71.37109612,6.36531843,108.8288733,garlic
65,40,54,14.61005312,71.28092959,6.804326551,121.4490212,spinach
60,41,51,17.65955242,70.54098215,6.043439406,117.3228201,radish
93,52,61,21.73480875,76.05054964,6.152553847,208.3756735,brinjal
120,64,61,16.0309319,81.97618116,6.696000695,122.740864,cauliflower
110,61,60,20.4632624,72.3251657,6.496918276,154.0121308,capsicum
73,36,55,18.995674,66.38540615,6.308975484,126.353986,onion
99,54,88,18.57361462,78.66580883,5.647735379,124.3375297,potato
70,50,48,17.33700122,68.3214493,6.510130736,119.1340885,garlic
80,45,58,29.10581046,68.25363198,6.621246312,184.0139739,okra
122,59,59,20.44056579,77.69328349,6.30937019,137.4356347,cauliflower
95,52,75,25.35301495,66.3626377,6.235972108,111.7956738,chilli
103,49,58,17.03132973,82.92280362,6.147967047,112.6036631,cabbage
89,40,93,17.93162098,78.9733578,5.427629183,125.2808309,potato
92,58,61,26.35107246,64.62482567,5.932904646,148.8466002,brinjal
75,55,51,19.17104307,61.31467093,6.592763435,101.1802988,garlic
99,70,48,28.622335,71.10272412,6.457875462,151.4364267,brinjal
75,51,48,17.03966083,65.62880307,6.49415151,81.4068518,garlic
124,61,65,19.05379585,81.23651112,6.450451081,131.1218896,cauliflower
66,37,51,15.60688414,62.02596089,6.069013104,118.6519634,spinach
99,56,92,17.94751726,85.08320254,5.311909883,147.1867284,potato
97,51,57,22.91140771,65.98230927,6.1200268,153.8938624,chilli
70,48,48,19.89310272,71.28363408,6.501364461,91.6690287,beetroot
39,60,47,24.48594683,74.11214402,6.307891121,140.736421,beans
84,36,53,16.32444643,65.45883892,6.270345885,108.2014636,lettuce
104,65,74,18.19985753,71.58475006,6.163907903,173.8803735,capsicum
83,35,47,22.16714407,66.50866739,6.84539277,114.0054572,onion
79,41,49,17.07595194,68.18855584,6.288830684,110.7408161,lettuce
94,52,58,23.2094329,74.37185638,6.866302626,126.6268477,chilli
121,56,61,15.00548471,87.12375831,6.333644425,133.6628418,cauliflower
77,58,66,17.53857806,69.89181426,6.420849139,134.6577178,beetroot
127,60,62,15.73895909,82.78949042,6.528439421,127.7800722,broccoli
70,51,73,13.52353753,59.51719939,6.148283706,115.492239,carrot
45,57,57,16.55686992,73.99596182,6.758297466,102.1826894,peas
93,58,59,25.96041131,76.07074572,6.574745839,219.1967451,cucumber
29,70,51,14.21552011,77.00042506,6.573037211,113.3628314,peas
78,38,49,18.29551181,64.95270131,6.652591778,128.3640148,spinach
82,49,50,17.50416795,70.2795055,6.330986408,121.9248832,garlic
103,61,61,22.1196569,72.95057063,6.157851475,135.9229934,capsicum
84,49,56,21.61123506,84.39788376,6.475785636,190.6641464,cucumber
131,58,60,18.8157581,74.9688503,6.642646175,107.5124085,broccoli
108,57,51,21.49319656,69.58365688,6.470706999,163.6122018,chilli
81,39,50,17.73814839,72.51295913,6.381039398,100.3304041,spinach
99,58,58,26.13873961,78.77038767,6.898027409,138.0128747,cucumber
76,41,56,17.40903837,68.83135353,6.40035199,97.5520856,beetroot
68,48,50,17.3011501,71.61223267,6.554368371,120.8942286,garlic
93,61,55,25.42496353,72.1255221,6.597046449,125.4459301,chilli
108,60,54,16.48841734,73.72403877,6.434789442,140.7273744,capsicum
125,63,71,17.03646806,83.29783442,6.049034302,96.2965255,cauliflower
84,40,47,19.67117059,67.64654816,6.425997794,116.1180591,onion
34,61,52,13.39640301,88.12147867,6.44302686,107.2305662,peas
73,37,55,20.33981123,62.24688809,6.683845787,109.9778387,onion
94,51,56,18.37978915,62.96268113,6.284466734,134.6638212,tomato
66,50,82,15.49015466,68.7388419,6.534478884,110.1499919,carrot
81,71,58,24.42001662,70.46065594,6.677352745,137.8916977,chilli
71,36,50,18.86988208,66.42405328,6.734442048,113.6766738,spinach
145,63,60,20.36313543,91.37461621,6.717686661,136.3857572,cauliflower
57,44,47,17.70072811,62.65208817,6.296908515,106.0601487,radish
127,47,48,19.63709743,79.81264618,6.253035482,140.2501475,broccoli
106,67,63,24.29892944,81.94075967,6.279432593,172.9570333,brinjal
93,45,108,17.55757548,82.99096829,5.297952813,124.1849124,potato
98,41,59,24.37435282,81.31223526,6.567770125,138.510273,cucumber
72,51,74,17.15152733,65.72066829,6.382377184,91.7939156,carrot
89,46,49,13.6344353,65.56871205,6.759398909,119.6569791,onion
36,52,50,22.96541624,71.38123868,6.678469361,141.4852167,beans
34,61,53,15.21847766,76.67254055,6.581195399,115.7592769,peas
94,50,63,21.54843582,78.01093731,6.694057126,170.3213311,pumpkin
107,64,48,24.40844032,72.06390463,6.746618048,187.4198246,tomato
78,37,53,12.6262461,70.99058607,6.645927855,118.8850546,lettuce
99,38,54,18.73882625,73.34836274,6.609979474,116.5030053,tomato
69,24,50,25.40153354,72.95578541,6.541931883,112.6254572,onion
89,48,93,17.71954305,78.2265997,5.658907826,118.9425183,potato
85,51,55,24.96349472,83.30110436,6.506778857,183.1594862,cucumber
113,56,58,19.01107775,77.96794711,6.30770942,131.1281137,broccoli
91,51,64,22.43971224,70.94107724,6.360209041,133.0953986,chilli
106,53,46,19.57906686,89.97006141,6.246668682,113.4053144,cabbage
69,53,79,21.69721767,67.29774422,6.467163701,111.1768105,carrot
109,63,60,22.04664757,68.79763863,6.338098023,152.8800636,capsicum
95,54,46,27.38797209,72.58170887,6.25925792,213.8469314,okra
86,40,114,17.68601448,75.32370905,5.811971406,110.9157669,potato
106,53,61,28.92439188,73.79454306,6.488596157,145.7337845,brinjal
106,53,43,24.57605674,62.22429781,6.611213384,146.1734858,chilli
126,57,60,16.63323793,86.43469768,6.85581623,123.3993161,broccoli
67,48,44,18.80285932,65.42451196,6.777786304,114.6823113,beetroot
70,52,68,18.11796844,69.78749,6.2143627,112.0455653,carrot
94,56,92,15.88730806,71.77348331,5.681802985,100.7935597,potato
83,46,49,18.92266143,66.25657058,6.61608014,116.6647863,garlic
108,53,53,15.79352636,85.58142172,6.273684454,123.0379829,cabbage
79,45,56,13.82586151,66.82350728,6.228040613,110.9504351,beetroot
79,48,58,18.62871123,65.59115176,6.593754851,105.0242184,onion
70,52,56,16.99969464,70.12808973,6.242478486,139.3492348,garlic
37,66,48,18.65581453,74.44868647,6.642322331,141.0750283,beans
74,44,53,16.24691511,67.64194637,6.141354785,111.2780648,lettuce
128,44,54,19.30689788,77.50982078,6.216499436,132.2119376,cabbage
60,50,60,25.79526405,75.96476445,6.686861243,185.9575238,pumpkin
75,34,48,20.74020371,72.79719829,6.591930776,108.9549833,spinach
33,62,46,14.45984869,81.11119052,6.316925113,119.3762974,peas
102,55,61,29.30723454,72.55954893,6.498835464,124.9760053,brinjal
90,50,63,30.76342706,81.30894443,6.589959992,169.880676,cucumber
64,31,47,17.48247118,66.01179005,6.313673716,115.2970371,radish
97,67,63,24.89415833,76.00729941,6.050728748,135.9239371,brinjal
83,49,50,28.15134708,70.27081928,6.654542947,156.6103874,okra
34,56,42,12.28511514,78.79286931,6.581314875,111.7825748,peas
96,51,95,19.88363419,74.42157079,5.443938507,113.4040341,potato
87,45,50,13.39157613,66.55596311,7.275756891,107.23206,spinach
78,50,60,14.22827076,66.50975088,6.329662098,102.0912837,beetroot
82,39,56,16.65697559,67.78088656,6.369396754,110.0883522,spinach
28,60,53,11.69754668,82.41998881,6.405617213,125.0913574,peas
66,51,53,24.67030562,74.00366932,6.254418932,212.1071192,pumpkin
114,50,57,15.14133939,76.12989894,6.432952168,120.6106524,cabbage
102,48,51,25.98911647,64.95295852,6.425075986,163.6381371,chilli
75,47,73,18.15715406,59.48506362,6.414542029,98.2433453,carrot
30,64,48,25.97286825,74.0045171,6.378342203,139.846916,beans
69,55,57,22.28703459,63.80210206,6.81521238,192.3332795,pumpkin
91,57,48,27.50219891,63.73966781,6.208537274,112.5993872,brinjal
120,65,70,17.19640995,84.72544931,6.21157693,134.0567996,cauliflower
125,57,60,18.24300602,78.17698257,6.400324554,125.9284914,broccoli
99,61,60,17.79356631,64.74046468,6.459186648,152.0314325,capsicum
105,53,57,20.49003703,70.43294894,6.453296829,169.1945515,tomato
71,56,62,19.65389212,72.90441834,6.631486045,121.1406641,beetroot
95,63,55,19.30563806,66.42348145,6.703879325,121.7408342,tomato
59,44,52,17.36033547,74.40363197,6.689104009,121.1947443,radish
86,51,63,24.4296265,77.14552855,6.435736898,185.5510503,pumpkin
66,34,53,17.20334597,58.03044139,6.464962403,96.5967094,radish
122,52,52,17.1139329,84.97072967,6.496449791,105.1480509,cabbage
113,49,101,17.74039226,78.06231619,5.171117474,98.3992368,potato
88,38,45,16.86557242,60.13457364,6.911241426,103.4518745,onion
75,48,50,27.17620749,79.88937792,6.61606281,192.1827104,pumpkin
31,47,51,14.14457669,80.22330411,6.443368132,104.8348676,peas
72,48,60,15.71441861,64.9325219,6.053764008,98.9242772,beetroot
65,47,75,17.09090456,67.12538689,6.277150111,109.029458,carrot
65,56,46,14.40803453,68.95150063,6.436348003,96.6846876,garlic
69,58,52,19.43666309,67.59520949,6.975207954,114.0903752,beetroot
82,54,63,20.23395886,67.62960242,6.032756481,109.1324881,beetroot
123,56,51,15.84052736,73.91280544,6.47467982,117.818749,cauliflower
61,48,76,18.89843744,65.96077323,6.308610253,80.1400718,carrot
32,69,46,21.20424746,69.83351695,6.478246194,131.2531575,beans
95,47,47,16.6411477,68.56354499,6.146312127,124.8475157,onion
73,47,51,18.67694621,68.59554642,6.121221266,115.4392885,beetroot
26,64,48,20.91072292,71.86850206,6.510076925,153.4239509,beans
119,59,53,13.00387797,82.80183853,6.652226339,128.1448017,cauliflower
32,54,51,14.3742142,79.55369845,6.243187028,90.7858256,peas
37,69,52,17.69621821,80.16007121,6.765541862,106.1178206,peas
112,57,49,25.87787994,70.57837317,6.853789155,141.687962,tomato
75,39,47,24.3574026,69.30697906,6.560094872,129.3331072,onion
76,32,45,14.37566106,69.34664671,6.156212652,112.441784,lettuce
99,53,47,20.55807167,73.77695613,6.650275156,115.5611189,tomato
97,55,111,16.15858828,80.38960028,5.710351823,115.5365474,potato
91,64,70,21.78553673,67.6490053,6.375221527,133.2221477,capsicum
62,33,37,15.92291829,72.45119278,6.199291643,107.9680537,radish
40,63,47,17.05794608,70.01913961,6.423913782,135.3060655,beans
70,46,47,15.26840814,64.85872832,6.987240778,118.8278617,garlic
107,65,60,27.2377726,78.55343893,6.314392884,155.6097514,brinjal
128,47,47,17.39881734,80.25312106,6.386773477,145.1966615,cabbage
100,60,52,22.81041588,69.34928473,6.529098789,154.8789256,tomato
74,46,46,15.47610999,62.65572158,6.933690698,97.1543811,lettuce
129,53,67,20.86317781,79.10887898,6.548417505,132.7073391,broccoli
91,57,79,18.14407372,67.15116412,6.062020385,110.9297662,carrot
107,52,66,27.14401256,69.18108626,5.738724561,147.3917176,brinjal
99,45,49,22.11849668,65.69793317,6.384633337,165.1573202,tomato
78,54,59,19.95299541,59.8462139,6.235922967,111.9664568,beetroot
44,65,54,22.92481403,67.53069196,6.489627224,154.5573269,beans
94,53,65,24.50380787,70.13069974,6.294688805,185.8707506,cucumber
77,43,65,12.35966236,71.33622181,6.733577934,104.8111858,beetroot
100,50,49,22.98673033,68.95949101,6.871369342,109.2884422,chilli
34,67,43,15.07277844,71.31541134,6.29040953,95.4481144,peas
94,48,56,27.61339155,77.88634033,6.395628651,194.1446275,okra
105,64,62,23.62847813,68.42365378,6.727690766,120.6793696,tomato
72,57,50,20.82906071,72.35758112,6.389352677,180.1545579,pumpkin
71,48,44,17.01838707,63.47605045,6.468545162,97.1229041,garlic
108,63,66,18.15730011,79.00916764,5.898208564,138.4685038,capsicum
84,47,59,31.66779309,68.52831015,6.511427524,194.9856511,okra
77,50,55,27.51986892,68.97800447,6.474503336,208.9388829,pumpkin
107,58,55,24.5617811,80.19924838,6.200204846,164.07834,brinjal
59,43,48,17.22701022,64.7453417,6.107583398,113.8406983,radish
67,41,49,21.66148765,69.97278275,6.057916034,112.9796657,radish
124,60,58,17.6552146,75.65901596,6.589119276,132.7712718,broccoli
64,39,46,19.88323803,68.30607225,6.256389016,101.030849,radish
105,53,53,24.74694213,74.12708174,6.744052891,172.6369702,tomato
71,47,50,16.87567532,62.31176601,6.553757986,122.880399,garlic
83,49,90,16.34461602,78.7195766,5.917600686,133.7747491,potato
127,49,48,17.03369884,84.18847646,6.163837437,133.3718603,cabbage
79,54,51,27.98067116,75.51585589,6.496121719,208.9312658,okra
109,46,59,26.28609754,75.39844795,6.407857275,160.4862837,brinjal
79,52,63,13.95213678,61.78617547,6.751207287,91.9366499,beetroot
124,66,61,18.41906846,77.63349931,6.558462006,137.425321,cauliflower
75,53,46,17.08320327,69.39745421,6.58552487,116.0913419,garlic
97,48,58,27.71579765,80.21427812,6.235675,201.6422463,cucumber
87,50,76,19.38544551,62.92267801,6.725628665,112.4279456,carrot
101,60,57,21.98508628,70.44661225,6.108314267,161.4058984,brinjal
72,36,54,21.62104496,72.85977643,6.326442596,106.0186547,radish
103,63,65,28.43638942,76.22947322,6.4616591,144.3284388,brinjal
119,42,45,15.49406394,82.82906932,6.413868867,111.3391494,cabbage
83,34,53,14.09969494,72.42429031,6.676947904,102.0860548,lettuce
117,50,42,16.55048503,81.79918153,6.924158618,106.6563957,cabbage
99,55,97,18.40108847,79.28679122,5.299572864,134.8806352,potato
96,52,55,24.30281479,65.68419297,6.275908113,133.2695648,chilli
76,33,60,15.05830034,74.62446481,6.692303819,108.3248585,lettuce
31,70,45,19.46828609,64.96016447,6.388551172,132.4441649,beans
123,45,45,18.68815218,77.24235243,6.728534591,109.1925512,cabbage
69,56,60,19.13049425,74.0569904,5.910383964,125.3464852,beetroot
70,31,49,18.06875062,68.64235773,6.940533101,107.162614,spinach
92,52,60,24.21442497,74.05445786,6.210414125,114.5669242,brinjal
81,42,46,17.75784914,73.46224148,6.488375855,115.4006561,garlic
110,45,49,15.92636002,84.72820826,6.697449231,113.0393611,cabbage
69,53,53,19.25022109,75.12559887,6.641651958,117.6547798,beetroot
53,37,43,18.82416693,63.5477436,6.408265987,107.762763,radish
85,52,62,26.01281399,67.51832832,6.249026761,180.6428629,okra
98,50,98,19.44581868,86.84209201,5.332752464,99.4529553,potato
63,44,73,16.07092441,70.02386221,6.117931949,135.9806728,carrot
38,53,49,21.16121042,73.02390859,6.220187439,158.7792118,beans
88,47,46,19.5669313,70.83306488,6.693918825,132.6713895,garlic
84,59,117,17.08081696,76.44919376,5.585759617,125.0168518,potato
85,45,57,28.19460038,65.73740787,5.297710298,160.2812293,brinjal
67,32,49,15.53384562,70.33093854,6.479147316,96.7666835,lettuce
71,38,49,16.1040413,72.50869568,6.639558027,107.9284838,lettuce
38,59,51,14.42996563,82.49370915,6.669248524,112.3143421,peas
103,66,57,23.62554536,72.13063007,6.863460059,132.8005304,chilli
65,52,85,22.54289949,66.38241031,6.422857363,116.8371243,carrot
113,47,44,17.65925185,85.11574601,6.491554573,140.0939092,cabbage
99,53,53,22.99425878,75.01623149,6.134614639,195.0683893,cucumber
85,51,99,18.86893725,78.47832147,5.208079318,137.9485725,potato
130,67,71,19.68621066,86.65135431,6.354995917,111.1230102,cauliflower
68,44,82,18.67710575,64.24829769,6.354156244,97.6909678,carrot
64,37,45,16.9026951,67.27522584,6.481794392,120.0561687,lettuce
107,51,54,16.36885731,71.58314457,6.439789629,125.2408626,cabbage
96,40,53,23.58832028,62.54211659,6.26793354,152.144863,chilli
86,31,56,15.01252404,72.13018482,6.725341027,103.6355035,onion
68,41,50,19.86106664,65.35663521,6.156203388,109.8571901,radish
124,55,59,13.32813861,83.71615827,6.469565687,120.9655552,broccoli
94,52,36,18.21202234,76.83437134,6.993490314,133.774099,tomato
76,37,53,16.47063434,72.2260307,6.88958749,117.9476737,lettuce
72,44,46,18.68490176,62.89051547,6.527726759,109.1121826,radish
58,43,48,19.8355443,72.84066438,6.138767885,119.51915,radish
66,41,62,15.28910499,65.16391617,6.788314784,103.6894439,carrot
82,48,54,18.54105845,70.62146065,6.340935791,100.6569554,lettuce
63,51,59,21.35536818,71.71058213,6.342388702,114.4735299,beetroot
46,52,51,25.91713677,74.39635904,6.543918428,125.4727453,beans
42,58,39,23.0759066,77.0986125,6.731180451,130.0596277,beans
70,44,50,17.04689715,62.78164222,6.376601247,90.3034386,spinach
68,58,81,17.52688943,72.54248059,6.023426622,100.1058301,carrot
69,58,48,15.99339634,66.56347349,6.174887443,127.2066136,garlic
30,61,55,19.07671184,71.39940867,6.066876351,134.1019849,beans
79,50,63,26.75091172,78.67028042,6.590564899,169.2081756,cucumber
110,62,61,25.32175544,73.48024446,6.162880196,158.240501,brinjal
37,55,58,25.86210366,74.41638971,6.840251676,140.9718703,beans
121,51,58,20.41321631,75.89132857,6.236227658,126.5152128,cauliflower
72,50,42,14.15356743,67.01931031,5.920396075,110.5545392,radish
77,46,48,15.18899327,74.13592319,6.055449318,107.1577754,lettuce
69,51,43,16.50237666,70.65309353,7.150619969,115.7310658,garlic
79,43,80,15.99556596,64.99025905,5.933303702,103.9831742,carrot
91,62,59,23.19152087,77.46327916,6.429839686,213.4672789,cucumber
102,51,55,27.04255981,73.28671417,6.250417942,132.0873273,brinjal
68,51,52,32.12844027,72.6323795,6.563947943,176.0905471,okra
117,57,69,22.78368116,71.38140117,6.037341306,149.7102254,capsicum
71,30,48,12.02537954,68.51363812,6.119819618,114.6099221,lettuce
91,39,50,22.12464327,68.93286453,6.690627327,124.3068625,onion
103,46,61,28.85771542,66.10347147,6.024221698,155.923922,brinjal
91,51,54,27.67170117,76.80772668,6.401757689,181.1572809,okra
83,39,45,20.97307785,63.28384084,6.737535878,113.0307405,onion
73,37,48,19.15869352,73.64810751,6.442964065,111.1872054,spinach
134,63,46,16.94106607,79.7526316,6.619840238,93.5021953,cauliflower
81,47,79,17.61899379,69.29622811,6.013077153,111.0225134,carrot
70,42,54,28.48574707,73.01892455,6.467780655,169.8181239,pumpkin
75,55,55,15.34118979,62.83417774,6.207334367,117.1438795,beetroot
125,36,50,17.49173176,85.69708056,6.19722081,121.0282459,cabbage
72,39,65,24.06238759,68.58202615,6.399233533,185.4447345,pumpkin
96,60,49,22.66242221,75.48622387,6.465434111,133.1829898,capsicum
103,48,57,23.92038694,69.56941462,6.15880671,167.2402491,brinjal
99,47,55,25.97826573,78.54940992,7.029543389,176.3170837,cucumber
57,38,49,14.2321541,72.57233975,6.626596687,118.048246,lettuce
83,45,51,27.56842575,67.28895417,6.693956852,167.5545955,okra
98,47,43,24.31544387,79.5470832,6.080429728,154.0742309,tomato
39,56,49,23.71693518,69.43271438,6.357662144,148.8750207,beans
87,38,45,13.5445538,65.12338672,6.457773952,105.1923071,onion
97,57,48,23.29836629,77.66369457,6.467371955,150.0427931,tomato
113,59,100,16.86987319,79.83988857,5.296685389,150.2008087,potato
78,50,54,15.82278779,72.01279196,6.368785135,98.6000516,lettuce
136,65,65,16.06768655,81.6824463,6.424883513,112.9327835,cauliflower
119,53,44,16.41935045,84.78215103,6.569820422,116.4723966,cabbage
33,61,43,17.69573399,82.76211857,6.449828695,105.1436497,peas
114,60,55,27.98033248,71.1314757,6.357961005,141.4066073,brinjal
32,65,52,12.37169349,73.339192,6.134924391,112.2553013,peas
135,59,57,17.30627202,85.43349293,6.59129526,128.495404,broccoli
20,57,58,13.04787488,76.03755106,6.429310168,96.5492363,peas
86,53,49,23.22777445,72.06088357,6.52699598,179.1028874,chilli
78,42,63,24.61222693,72.04867873,6.476781375,154.5690296,pumpkin
29,64,50,8.9567904,79.71341166,6.597957177,110.2414536,peas
80,51,63,16.07990741,67.50916427,6.323343094,96.4375553,carrot
59,41,47,16.60611708,67.70162929,6.385899384,92.7637705,radish
95,59,57,17.51093422,69.23889507,6.363291936,148.275736,capsicum
103,60,66,28.54378484,71.55674976,6.083527084,148.9934319,brinjal
78,46,52,16.14252737,64.99639854,6.63039879,123.826564,beetroot
75,55,53,21.2697257,71.60705875,6.482341505,108.2152449,beetroot
92,58,49,24.28395983,69.25489273,6.128848802,149.1240075,chilli
81,46,44,27.91741728,66.10198925,6.589361513,181.1000587,okra
112,43,47,17.27213993,84.38011786,6.288515389,115.0440261,cabbage
62,41,48,15.82273031,79.20549196,6.178208204,83.388691,radish
72,46,87,16.28645581,65.77781288,6.351097258,95.5742057,carrot
109,41,74,19.40147987,72.53248521,5.432570379,102.4483046,potato
35,62,51,23.14385484,73.73499044,6.057025829,149.5530524,beans
117,55,57,15.26876519,78.10351262,6.675856979,109.3115626,cauliflower
30,65,55,19.52781913,70.03650842,6.367017123,179.4857931,beans
95,42,55,27.91340637,74.06778606,6.133546021,149.5985949,brinjal
87,47,48,28.57512781,67.34379747,6.328401913,162.8077297,okra
39,68,51,21.36203207,65.18151217,6.479216619,152.3513478,beans
95,46,68,28.08012364,75.04091534,5.966347348,172.2865474,cucumber
98,59,62,22.53461473,72.57701409,6.466156761,151.2729819,capsicum
108,48,100,18.31257421,69.83306053,5.425846785,109.7702363,potato
44,58,56,14.35114817,73.900997,6.962010048,121.8885302,peas
82,50,46,22.78561833,65.45987962,6.07630889,176.6412192,tomato
114,57,58,18.34198473,69.03068795,6.505396278,150.1134027,capsicum
119,59,57,20.41654948,80.09870633,6.299319571,148.3109261,broccoli
80,57,50,19.25620594,65.27689773,6.573066364,125.9544109,garlic
125,55,57,16.46034703,76.69580926,6.317306968,123.1233661,cabbage
72,38,49,15.34255037,66.37275782,6.363362926,108.8285517,lettuce
51,34,47,17.9930383,67.41986523,6.269577829,114.8971527,radish
83,51,82,20.21180085,65.74421005,6.095945689,110.9377168,carrot
74,46,48,20.86608089,69.04128736,6.473138252,132.1621241,onion
121,51,58,18.60731473,82.76254237,6.588262116,107.6097132,cabbage
96,45,68,24.72918024,77.83482925,6.439005524,168.1743042,cucumber
86,42,65,27.68784264,65.13586701,7.177698575,178.7250943,pumpkin
86,46,87,19.55031099,70.21216034,6.358506114,107.0176566,carrot
92,42,48,22.09086321,66.66472204,6.734624928,125.5446329,onion
88,37,103,21.73949928,77.97571635,5.751547232,121.2274404,potato
81,50,55,26.78301219,67.96852835,6.450747459,144.138472,okra
78,35,55,19.63885651,59.30932182,6.669484335,111.9700772,onion
86,36,51,27.30368521,71.70029378,6.326276127,196.1409283,okra
76,49,69,20.09741425,74.62162845,6.179109629,102.653997,carrot
101,54,58,26.98301129,71.96284575,6.292094322,182.6413386,brinjal
61,37,58,16.46586509,65.58464681,6.488009665,95.4223264,spinach
101,55,64,17.92458438,74.25910506,6.536897227,136.8053449,capsicum
81,49,46,17.77200689,66.64006511,6.988236138,95.2935833,garlic
76,49,78,12.93550783,70.72827796,6.331544476,107.3303012,carrot
114,64,64,18.76840414,78.02228591,6.562387047,110.8033258,cauliflower
80,47,67,17.09997428,73.02859687,6.166166228,114.3014434,carrot
97,43,52,14.5968268,65.8293048,6.34244325,110.687286,onion
44,66,52,26.76872668,68.09054353,6.97190628,125.5217888,beans
125,54,49,17.57928479,80.71568228,6.40289719,127.6725928,broccoli
44,66,42,22.55998742,74.94705338,6.654715083,130.5614935,beans
58,43,46,14.50810131,70.0448104,6.774731709,117.9382723,onion
60,53,76,19.01653728,83.70495083,5.778971765,130.6963598,carrot
30,60,53,16.40715611,72.04286294,6.438501165,115.3604433,peas
37,63,51,15.99083038,80.3022477,6.426235953,104.4457246,peas
84,55,62,24.53153336,77.43388145,6.699580452,194.6709563,cucumber
129,49,48,17.22763699,78.65942839,6.817907744,100.7080677,cabbage
78,48,53,32.99686097,71.08797709,6.118604508,188.0453615,okra
107,52,53,15.95484227,84.32810627,6.452088453,113.5338977,cabbage
64,29,51,18.69923066,68.53399768,5.556673457,94.8123627,radish
75,56,69,19.08695876,68.79924173,6.36600502,125.268242,carrot
111,62,61,15.89735637,78.31112289,6.493825589,129.1969738,broccoli
100,63,62,28.13954291,67.20120989,5.505156841,165.4442555,brinjal
104,45,65,24.90418939,72.65655038,6.48103414,205.8151685,cucumber
102,41,55,22.38591721,76.9006188,6.288434696,182.2820298,cucumber
32,62,45,11.58112934,82.97130757,6.681791997,110.7906993,peas
69,48,83,18.38821526,65.87514282,6.420969163,96.7724942,carrot
72,47,51,18.07059078,65.10866082,5.956112806,98.0855755,garlic
126,59,57,16.34777602,79.2519436,6.162361009,124.0895426,cauliflower
70,39,49,16.16063915,82.09803711,6.592712973,85.5691692,lettuce
114,62,54,25.37938459,69.54270742,5.987063302,167.6200121,brinjal
87,46,48,25.19426769,71.56744404,6.622420124,193.7058017,okra
35,55,48,14.00436718,72.49965907,6.384366758,114.6521585,peas
73,56,49,16.28108055,70.71749268,6.423833042,117.4460108,garlic
68,50,59,21.34408355,69.98887192,6.040090532,94.8213339,beetroot
38,51,58,20.06432519,71.10533371,6.582653315,131.5197507,beans
112,50,123,18.58997676,78.76819647,5.407265061,122.0031136,potato
75,45,45,20.69909263,70.88089607,6.630244218,102.7121235,beetroot
104,47,57,23.97205354,66.66605488,6.72131408,153.1852123,chilli
101,41,93,18.4796729,71.62802507,5.632142421,119.705433,potato
73,45,50,19.97209904,66.68842113,6.531038137,132.376474,onion
108,52,61,27.34306234,78.11212544,6.46625119,163.6952398,brinjal
41,59,48,23.41408225,73.09007196,6.757609696,159.3720333,beans
128,59,59,18.96542552,80.34587496,6.286856853,132.3189095,broccoli
60,50,44,18.34237429,63.42822981,6.203762015,129.259214,garlic
64,42,54,16.79774689,72.66366608,6.183309148,92.0629262,spinach
79,42,42,16.61969759,63.22429997,6.528588619,145.987725,onion
68,38,48,20.54017605,73.1800286,6.229468764,102.4296379,radish
68,45,63,24.89098292,68.58470765,6.339204164,193.9790614,pumpkin
86,33,52,18.96247318,75.03539106,6.708236361,117.0523388,lettuce
122,56,47,14.18517094,84.47884578,6.272927522,105.7240001,cabbage
75,55,52,20.2277248,56.80014279,6.423885495,125.6856251,garlic
94,55,59,27.45812729,79.40466187,6.385415058,174.5737004,cucumber
101,51,62,22.83555367,78.2009108,6.419876887,194.5788239,cucumber
94,46,56,24.29877349,75.83597254,6.48891646,175.5622346,cucumber
98,64,50,24.73448994,74.38576455,6.009714246,145.7525402,brinjal
120,46,53,17.63145942,83.96807539,6.294793031,94.159885,cabbage
68,43,40,19.29178084,63.60382099,6.913070915,111.9355945,spinach
107,60,68,22.94282472,66.81896552,6.162489367,158.6836473,capsicum
82,53,68,24.82663383,66.85654393,6.373627561,184.1770709,pumpkin
76,53,54,18.52131231,73.27016328,6.643414241,110.6930498,beetroot
104,70,56,22.64387598,69.62777042,5.924368635,139.3371531,tomato
98,51,66,27.57983944,81.8782761,6.38171385,152.2140254,cucumber
83,42,54,30.25537259,64.2106301,6.595691561,163.7894274,okra
70,49,61,16.02169096,66.34475953,6.52815917,110.5601808,beetroot
71,38,47,16.5261973,67.77641413,6.280352301,112.4801315,radish
84,48,56,27.01687612,66.34909696,6.296630623,192.3806589,okra
76,45,70,20.37346924,73.74534162,6.240472391,110.552033,carrot
78,57,60,18.2880618,68.07247391,6.945506028,105.5734028,beetroot
101,47,101,15.97931057,74.11354385,5.860124172,110.1465858,potato
103,52,61,19.29763904,74.66133814,6.841921115,138.2014186,capsicum
77,48,61,27.09787533,75.33271773,6.820698742,181.5601484,pumpkin
91,50,57,26.62121183,72.68440789,6.185858666,159.3380458,chilli
44,62,56,15.21388522,70.63232368,6.826208691,111.6221149,peas
75,60,49,27.88409892,74.3523067,6.592469034,198.9177631,okra
89,40,56,23.21608324,84.81640831,6.271222577,173.0816134,cucumber
73,33,47,17.514112,74.75976111,6.449945833,118.2009761,lettuce
68,50,65,17.3040209,58.98986594,6.452704916,108.1256732,beetroot
118,60,57,15.13391919,90.76655302,6.204608355,127.6415502,broccoli
115,57,53,26.69512323,72.3467908,6.306700685,153.4483931,brinjal
94,60,59,21.94774602,70.58663692,6.883299469,125.2107153,tomato
78,37,40,22.24373077,63.7090279,6.547849373,151.11124,onion
77,48,55,24.14378306,71.14184934,5.599728724,165.9742086,pumpkin
117,37,116,18.3165262,77.61314755,5.336524274,125.9870417,potato
110,64,69,19.41996581,74.77126084,6.343258654,167.8571248,capsicum
77,45,47,18.15078111,76.44199946,6.770634252,102.0782256,lettuce
120,62,60,15.06416364,83.83664526,6.224964396,136.2704342,broccoli
85,44,86,16.53619012,82.21456719,5.215180333,159.485731,potato
69,51,53,18.28537682,74.41480742,6.61490933,120.9632866,garlic
84,48,56,17.27737888,67.74326335,6.047350445,103.8173793,carrot
83,57,55,18.22253704,70.69699323,6.879086866,118.6218836,beetroot
73,39,52,16.23200229,68.52998857,6.504627646,94.1540787,spinach
83,45,66,25.66175463,78.31829414,6.489706104,193.9264572,cucumber
126,62,56,14.67783317,84.01300826,5.984149212,121.1917941,cauliflower
89,58,57,22.3802198,73.67614245,6.573338009,150.9472904,chilli
82,44,65,22.21171269,71.0566332,6.697587252,112.0351721,beetroot
64,37,42,19.38784647,70.86635736,6.167434317,126.0066289,spinach
92,59,60,26.96646557,77.4371904,6.463215124,166.8675186,pumpkin
93,51,50,19.84002308,70.24260814,6.250714965,146.7614206,tomato
115,59,64,20.54929703,78.66665304,6.264333074,140.787847,capsicum
107,53,63,20.76685731,72.85667576,6.204675937,152.4040329,capsicum
35,60,45,14.15517078,83.58704071,6.611242079,110.3727611,peas
44,50,50,20.27826392,70.75611413,6.600629052,150.0415756,beans
76,52,75,17.84511308,63.21882495,6.662731887,131.6863597,carrot
59,50,69,25.11683966,71.09802631,6.573877923,168.8240836,pumpkin
112,53,68,26.62626428,74.74826318,6.639962258,129.9915555,brinjal
106,73,51,22.59286073,78.65594512,6.335028415,162.8944618,capsicum
124,56,61,19.02019746,79.70965581,6.541584716,139.8344597,broccoli
86,60,57,14.00002688,59.60725015,6.830470248,109.4352975,beetroot
46,59,51,21.8324749,68.71327669,6.905882303,132.0844788,beans
128,66,60,21.3561112,91.59379714,6.632771283,113.0880918,broccoli
52,52,44,22.5839877,80.46721222,6.290951287,136.0125745,beans
121,60,50,16.71494145,80.57021831,6.363921664,136.4741817,cabbage
89,52,54,28.6638369,83.74162483,6.194415247,145.7879329,okra
72,59,86,22.43756047,67.36381916,6.373906122,91.8002894,carrot
46,54,55,13.8275658,77.48130779,6.115867327,106.5825271,peas
81,50,56,18.44704753,62.06408376,6.862981658,98.6296311,garlic
131,57,44,15.78371373,76.96968856,6.353196028,125.5963005,cabbage
71,40,52,22.07931682,68.70576622,6.426594432,107.5861467,onion
115,60,63,14.77799446,78.32040732,6.462955367,114.3600196,broccoli
107,49,54,21.82820424,72.11185171,5.956541294,207.5693925,cucumber
75,59,66,19.81752696,71.18274808,6.674862523,123.905058,beetroot
26,65,46,12.44038665,81.96770524,6.029254138,91.7168263,peas
71,44,53,15.63077801,67.3691483,6.627683887,97.7846066,lettuce
87,41,102,19.57064745,84.73571077,5.362334721,136.1802125,potato
56,35,45,16.54241961,66.0731318,6.360650703,120.3880958,radish
87,47,55,18.59240089,70.86364166,6.727937531,98.458851,beetroot
89,55,45,27.5119433,73.17887701,6.53864352,139.4464546,okra
72,56,47,26.78435221,64.93844965,6.748188297,154.2103883,okra
79,35,43,14.40357052,59.10570333,6.470482745,106.3882363,spinach
102,55,58,29.19707622,75.20851383,6.458667054,124.507913,brinjal
108,56,59,29.33813905,68.22976798,6.684433637,144.2034932,brinjal
89,46,58,21.49381213,67.49920869,6.182261318,158.4220894,capsicum
41,71,54,18.34360533,74.31059468,6.295153292,95.7327066,peas
47,65,45,13.4363103,75.4524941,6.885636803,92.961474,peas
87,53,56,23.4539865,70.34008533,6.570298004,167.4884186,chilli
34,69,53,22.76271351,70.39952135,6.354208571,161.084714,beans
73,38,40,20.63988112,68.0048219,6.336582274,129.888685,onion
73,50,51,16.82167922,68.77047659,6.464000006,108.8687274,garlic
84,46,62,25.72533969,71.26365253,6.306951903,213.3120643,pumpkin
123,55,57,25.87375397,73.58319539,6.279065244,173.1137243,brinjal
92,51,48,27.91732559,72.07839847,6.239513992,191.578573,okra
35,56,45,24.38847143,67.20987075,6.276545892,123.4396155,beans
72,52,52,16.84531597,61.96002732,7.321940297,108.3062039,garlic
56,35,54,18.06572675,66.46888639,6.270877912,115.8705419,radish
69,56,69,25.90213993,76.99884168,6.235875732,201.5044308,pumpkin
101,63,61,20.66637052,71.95201062,6.204395395,127.5415141,capsicum
55,46,53,14.51410494,65.56972483,6.992045607,127.373557,spinach
94,50,56,25.28365016,70.22694614,6.342284977,177.7088115,okra
73,47,56,18.19005577,74.91331752,6.603438551,112.9094022,garlic
90,56,55,20.8424232,69.45261914,6.54820339,145.6777461,capsicum
107,43,54,23.80755935,77.72851447,6.407907907,194.7935094,cucumber
122,59,62,18.58179412,74.01787288,6.219689065,136.1529198,cauliflower
68,51,76,19.39033204,78.94384064,6.642192424,102.4413651,beetroot
60,51,46,20.05217488,71.3751601,6.379021956,101.9534821,radish
36,64,51,19.4135051,74.60267052,6.606477742,123.9400039,beans
83,45,53,28.94985533,74.92759228,6.813629676,196.014039,pumpkin
66,49,71,12.14110262,76.2118881,6.572192414,105.4843913,carrot
39,59,49,11.78653402,76.80122602,6.309133674,114.6014602,peas
80,41,48,20.80738082,66.6272309,6.624314378,114.455845,onion
120,44,62,17.92347744,87.38669201,6.593280599,107.2559168,broccoli
145,56,43,15.01631306,83.92746425,6.509452959,126.586606,cabbage
102,53,53,24.88829034,71.26301795,6.650618359,155.6008684,chilli
81,38,51,19.11379577,68.67384391,6.763519507,104.9018615,onion
109,55,58,25.09610126,68.84264598,6.197886504,146.1190276,brinjal
120,61,62,19.39685027,83.84079072,6.501746229,117.3656187,broccoli
117,69,45,17.71964414,86.68909984,6.476684834,120.1398671,broccoli
86,41,56,22.01954405,67.44617606,6.255140353,116.8646511,onion
38,60,52,12.38207221,84.23162173,6.748157026,93.8608666,peas
74,33,58,17.48055766,68.14148567,6.028322297,100.744767,radish
89,53,55,23.28609709,73.55807439,6.162607372,101.6471457,tomato
109,57,46,20.73940222,77.65578167,6.813850902,136.3504357,cauliflower
77,51,61,18.54388118,67.79232656,6.877820781,94.2480733,beetroot
140,56,52,14.51589212,86.30041382,6.414673871,121.9554832,broccoli
124,65,60,18.1825438,81.54567253,6.138154667,148.2571388,broccoli
107,48,48,20.64007473,83.7318393,6.1244765,113.2227119,cabbage
117,64,55,25.90194132,71.35855968,6.299255391,176.1180259,brinjal
91,56,48,24.87189526,64.95223505,6.46457282,153.1673905,chilli
95,51,53,28.00485494,66.76971433,6.590056509,148.1198194,chilli
67,51,52,16.4587641,74.08256038,6.421349638,128.3622275,garlic
106,62,57,21.46346188,68.29050798,6.657686725,140.4858792,capsicum
92,56,49,24.21055725,68.60240997,6.124238285,154.9354063,chilli
85,59,64,27.80511641,79.46084809,6.274501838,182.3633064,chilli
68,49,56,16.05532999,60.22971771,6.889903565,137.2278993,radish
115,46,95,17.57732309,72.62219796,5.224404416,104.9378885,potato
112,72,55,20.80137132,70.9102924,6.009081399,145.3440479,capsicum
77,58,69,16.84932526,69.01273478,6.14268328,119.8960235,beetroot
106,62,60,21.82704468,72.6419585,6.863759312,143.5192932,brinjal
109,73,51,28.51846648,76.58576348,5.907986349,168.1284001,brinjal
89,40,52,22.04604595,78.38218656,6.598078212,134.5224868,tomato
94,49,51,27.12452536,72.72795953,6.48789721,178.0338031,okra
75,53,60,29.27466292,71.70261868,6.453862139,191.8465909,pumpkin
108,45,52,15.57747799,83.85282517,6.126572439,130.1780906,cabbage
69,41,60,26.70307623,77.95839764,6.182409488,203.0938753,pumpkin
81,52,50,19.32461379,65.81533558,6.146384247,118.6759632,garlic
108,48,55,20.80585638,72.39489913,6.600098632,165.9384986,tomato
75,49,49,17.78276669,67.53571676,6.718266517,117.3078134,garlic
122,59,65,17.91008459,81.26721353,6.50690113,130.6518651,cabbage
98,52,43,20.20038948,67.69680615,6.817136668,148.5904572,tomato
99,51,57,24.97219875,73.20419441,6.74619376,180.2690073,cucumber
66,43,53,20.83812883,60.20163931,6.466804735,121.8048325,radish
91,42,51,26.37197866,70.53729167,6.50085415,190.428988,okra
66,42,45,17.58603082,63.8758989,6.805587618,99.9562357,spinach
75,56,77,16.78699322,69.82361678,6.185227422,101.6647956,carrot
78,56,78,17.80416951,77.08973888,6.522259281,116.8849331,carrot
35,55,51,18.89374791,68.22036511,6.66144941,124.7650515,beans
87,31,46,17.69257295,64.2403876,6.665894968,117.0926079,onion
87,43,48,27.91705644,67.6038431,6.75933304,162.9300904,okra
78,55,53,18.04005468,63.7279025,6.48726443,107.2858965,beetroot
25,64,44,13.32266189,83.86576956,6.14769605,91.6088212,peas
80,49,36,23.72602084,63.43223272,6.514976314,115.6231811,chilli
99,50,66,27.96536629,72.39971711,6.446815603,175.8874429,cucumber
69,39,45,19.11658991,75.16156431,6.630128124,124.8313184,lettuce
62,36,49,16.50736711,66.74100456,6.466252443,101.3883303,lettuce
75,45,49,17.57893012,67.36340211,6.320901427,102.3321794,garlic
61,38,54,14.17429729,75.10917907,6.420960281,109.4920173,radish
46,47,53,22.01281728,72.94985837,6.694585669,120.5438582,radish
41,66,55,19.50294783,67.11054154,6.223282427,160.017592,beans
83,49,55,20.26953723,69.7205719,6.627133829,115.0715434,garlic
134,58,54,17.12797721,78.76693711,6.233911119,126.2701693,cabbage
68,56,82,19.16708861,67.48193101,6.444964321,101.5172892,carrot
90,44,60,23.61918453,81.7039004,6.277231035,176.4480801,cucumber
74,51,41,23.98087361,70.43372009,6.87626551,158.3999478,pumpkin
102,51,55,20.98168192,72.24314149,6.785257171,151.2191575,capsicum
79,48,54,19.92218691,61.30766395,6.354604809,99.7336677,garlic
116,47,97,17.12747863,73.94097308,5.305216736,101.640896,potato
36,57,45,11.80825838,89.07349442,6.437112025,86.8931917,peas
84,49,65,21.6174923,84.13792841,6.580593555,170.8047077,cucumber
108,65,58,26.69198953,66.131054,6.126603589,95.5319938,tomato
116,58,60,17.13575791,91.76369586,6.290344082,139.1530936,broccoli
62,46,51,20.32656427,67.90105832,5.94291439,114.5089626,beetroot
78,50,77,18.44457971,73.11546325,6.061920905,101.8760583,carrot
117,56,46,21.21403802,88.37904796,6.24612314,122.2653885,broccoli
121,48,48,20.50151839,59.38052138,6.342273493,121.0216835,tomato
53,42,44,16.07571754,68.00089579,6.276218781,93.0550927,radish
114,50,62,17.5718646,83.51762159,6.672618172,128.1874039,cauliflower
130,63,62,18.00323806,83.65909156,6.901084777,121.5788689,cauliflower
82,43,56,19.69953777,67.185305,6.324403483,107.5967947,onion
102,51,87,16.37841519,82.21261141,5.488133454,130.2225105,potato
75,45,52,26.53303587,70.79669618,6.074537654,183.7398042,okra
101,66,53,21.69082836,70.46327334,6.24757331,188.7896276,capsicum
92,46,48,29.53806331,69.89044375,6.398978674,187.9752753,okra
91,62,88,18.46473107,80.53510752,5.624139729,117.2206851,potato
96,48,60,29.03088962,79.52693668,6.206657894,169.9960437,cucumber
106,61,53,24.23849182,79.19490007,5.97943969,179.8117485,brinjal
68,35,49,17.92915972,65.89173553,6.044085063,106.5717614,radish
90,50,55,20.74131086,62.24668284,6.520568892,113.4424072,tomato
70,47,67,20.44616613,66.9645824,6.388126242,103.1557836,carrot
32,50,48,15.2470516,85.22166739,6.200510509,104.881145,peas
88,39,45,19.51079911,65.02038942,6.364964345,117.8322199,onion
75,42,47,20.64668184,67.86772799,6.355210443,109.4861075,radish
76,43,77,17.6894819,60.36876977,6.084903747,105.0367336,carrot
64,51,42,20.57826367,70.62562626,6.180118751,129.5518222,radish
32,56,41,14.03909169,77.78897957,6.663369745,110.8268736,peas
119,53,63,16.40772639,78.19974601,6.139098934,119.2050819,cauliflower
97,51,55,27.78664642,60.66367404,6.705878057,99.6821032,tomato
82,51,48,24.91309811,78.37671182,6.420707631,208.6230424,okra
85,44,63,26.03891651,77.44595102,6.194027489,173.8962231,cucumber
103,50,55,28.46418928,73.99553278,6.33157027,183.9015385,okra
88,42,53,18.34644285,64.72720447,6.499325109,117.4472307,onion
62,41,44,21.42205762,70.09584205,6.500025002,101.0579868,spinach
131,45,47,17.69309134,85.13356204,6.349692223,112.8298777,cabbage
119,61,57,22.77686528,70.94936192,6.099083916,167.2854863,brinjal
96,55,55,22.72438261,67.76865355,6.781947007,141.70956,chilli
91,44,54,25.25346351,80.57807397,6.532061423,170.0693653,cucumber
73,37,49,22.34238572,73.77737365,5.881898869,114.6457798,radish
108,55,64,23.67985103,67.02635879,6.514127662,138.1261761,chilli
110,54,55,14.23071821,78.28195656,6.100694149,112.1997128,cabbage
127,59,65,17.76955153,80.46022845,6.63522713,135.51403,cauliflower
89,48,83,18.59883468,80.58878376,5.355044061,143.6098014,potato
41,65,49,11.4919547,74.0042545,6.568158379,114.106707,peas
121,64,51,16.52970547,85.68720601,6.496537577,125.0411339,cabbage
95,60,73,22.45466564,71.24110293,6.36219173,118.7538908,tomato
91,52,58,20.59068862,65.88889802,6.573106163,146.1241643,tomato
83,50,75,19.10811554,64.55318772,6.30750787,84.1713975,carrot
104,56,102,17.61143678,77.2146006,5.478519622,119.4416665,potato
88,50,52,28.30053479,77.17886392,6.579637486,169.4693663,cucumber
114,57,65,21.4149776,73.78271163,6.484701575,125.9294249,capsicum
106,66,63,20.66145112,77.40945018,5.927028925,180.7810997,capsicum
34,61,50,22.00450877,67.64262945,6.77711115,144.4279305,beans
100,61,59,21.18587131,69.80030067,6.29798721,154.3090877,capsicum
70,39,52,18.49709021,68.13757518,6.33944188,109.5851333,garlic
114,56,60,26.1023958,69.99286323,5.788260336,155.8135411,brinjal
70,33,46,15.33998626,62.52390275,6.450661211,121.0922884,lettuce
103,57,87,20.50885858,79.67607604,5.288496443,119.1634638,potato
71,64,63,31.92321825,77.58173633,6.560450518,186.0281414,pumpkin
79,41,42,15.3354546,69.54979639,6.38456374,94.3519619,lettuce
86,48,46,28.6755322,69.81965108,6.763351126,154.6141779,okra
42,63,46,16.40449801,82.82614289,6.567263173,99.1980773,peas
82,42,45,18.45914528,65.10254547,7.34444206,116.1886354,garlic
100,61,65,25.5545586,76.26068786,6.635785024,133.5062235,brinjal
117,49,42,17.77138213,84.28822977,6.387561797,133.4922403,cabbage
28,53,53,11.43054447,76.67590266,6.613676099,109.2060088,peas
83,46,57,22.62408811,65.18545422,6.685552491,116.7451071,beetroot
68,50,57,28.94716484,77.24464919,6.716017496,186.1226911,pumpkin
80,49,55,16.15589391,74.34271669,6.738984515,133.323009,beetroot
26,64,57,20.90287502,67.44375397,5.885457642,125.2885273,beans
102,54,53,17.48731864,79.84780897,6.699460945,102.6879587,cauliflower
107,63,68,20.21795067,77.91792705,6.268195235,169.9296962,capsicum
83,43,55,21.22945597,67.03496938,6.63451474,148.498229,onion
28,61,39,14.96506742,80.64137222,6.686886531,105.2594378,peas
79,54,58,22.90880428,77.09776091,6.476164727,214.6064363,pumpkin
27,60,52,23.29040756,76.26169889,6.306299455,132.0108986,beans
97,57,42,16.60002151,80.28302232,6.517710654,100.8225078,cabbage
60,55,72,18.85097987,72.78898769,5.957081576,101.486708,carrot
134,61,56,18.79800952,88.83019556,6.729176618,131.5703184,broccoli
30,55,50,11.87392745,79.68498951,6.711709986,116.4121666,peas
116,48,56,17.83653659,77.55416817,6.449300956,125.978661,cabbage
74,56,65,15.20576363,65.66560269,6.559594713,91.7678471,carrot
121,70,54,19.54359235,83.42501115,6.815379813,116.993731,cauliflower
132,47,49,17.0870341,85.39372353,5.950622133,112.7195965,cabbage
105,64,56,26.72623126,73.24443996,5.633105212,186.274952,brinjal
72,50,58,28.30281478,70.82925816,6.27636791,197.9702341,okra
90,45,112,19.63696518,80.43655248,5.172306171,115.2538733,potato
39,57,46,16.03707486,72.84199972,6.424605048,113.9437283,peas
112,54,56,13.92755899,82.18997387,6.437732039,104.9252732,cauliflower
59,38,50,17.89498986,67.42048575,6.610760218,122.2740977,spinach
79,56,52,24.63213574,70.33553209,6.821026174,117.3916127,chilli
79,45,43,27.57009032,73.54299987,6.540532,184.8175351,okra
31,58,56,24.16951365,72.90962032,6.277538807,125.5883066,beans
127,47,53,18.34083084,82.54207201,6.444312947,129.4270064,broccoli
74,44,44,29.99194736,69.2069526,6.424835137,172.3847319,okra
91,51,57,23.05693396,73.87416065,6.9457264,175.0531923,pumpkin
80,40,46,19.05178143,70.4630846,6.740776887,117.9083059,onion
87,58,39,28.82723252,80.54234692,6.456406844,213.0114593,okra
83,53,74,17.16418091,59.89676851,6.032286895,132.937029,carrot
35,65,58,15.4584739,77.66731291,6.844333757,83.6962561,peas
78,51,61,25.57658331,71.65630866,6.253238455,164.2380874,chilli
123,59,48,15.72854911,79.39164445,6.182073393,110.5828571,cabbage
89,36,65,29.08064796,75.78729102,6.236512073,164.9227577,cucumber
105,59,50,26.35683864,66.80193985,6.191074244,137.4193796,chilli
104,51,109,20.49821167,82.05748026,4.947737731,100.8063455,potato
95,56,106,20.77006099,80.33571274,5.392212373,128.8598225,potato
73,54,63,16.03379371,63.95763759,6.436406396,118.8420455,beetroot
70,36,46,17.22691677,65.4578356,6.652080627,114.3244246,spinach
128,48,49,17.03808263,74.32130738,6.397232451,111.7232667,cabbage
69,43,49,16.26710446,71.62713707,6.601462567,109.1617776,garlic
106,64,59,20.4049025,77.61891792,5.705824047,128.3490063,cauliflower
71,32,56,17.00465495,62.92745278,6.557935216,110.8204588,spinach
75,54,41,18.17068791,67.71981423,6.681354707,107.7475807,garlic
73,37,52,25.00971351,69.57868612,6.260823388,126.66904,onion
37,61,53,19.37264708,70.63863807,6.443569342,146.8347037,beans
107,52,90,17.92843297,77.98558984,5.152490593,142.5509745,potato
78,50,61,21.35025988,67.8491282,6.689181751,134.6181136,beetroot
36,55,44,9.87026944,82.88721874,6.400057372,111.8857494,peas
67,41,48,15.80669218,78.45112093,6.325188984,110.7195543,lettuce
57,46,52,14.75216431,71.0525692,6.530620293,111.4925135,radish
86,50,59,21.04668555,72.23120403,6.366964027,134.1714767,chilli
35,53,51,13.08463088,82.18685086,6.693389427,104.0515286,peas
132,56,52,24.5682364,85.13321695,6.43324906,135.4283753,broccoli
95,51,48,23.60406714,81.54831911,6.371693528,177.0558944,cucumber
63,42,53,15.13053006,66.01920965,6.50201669,109.9074962,lettuce
70,42,52,19.28460247,61.22297642,6.851651635,103.1636124,spinach
82,42,45,22.35712435,68.77733385,6.563164943,121.5671051,spinach
103,67,54,25.91160914,56.90127448,6.746570751,142.1761767,tomato
72,50,52,15.96941525,70.49294359,6.909280448,107.9262398,garlic
30,68,50,23.65542188,66.00545801,6.798553621,159.5165309,beans
79,38,55,22.84257939,64.90848933,6.581410457,105.425149,onion
92,40,46,23.64866118,62.72412601,6.605026617,112.1554673,spinach
45,66,54,13.7606822,84.05712294,6.445498592,109.624863,peas
75,39,41,17.91586061,66.36287025,6.39518232,122.2853231,onion
88,50,56,27.31810869,82.10757847,6.449894385,212.3757528,cucumber
119,61,56,17.19127601,79.25488346,6.141832178,126.7500376,cauliflower
85,54,52,27.88069138,65.19333657,6.238055033,183.7560068,okra
64,30,47,14.73215408,66.30067461,6.725624924,99.3110136,spinach
112,51,100,15.96021579,80.98501426,5.693645254,152.4488208,potato
91,52,68,23.50685789,70.94052845,6.501595385,112.276122,chilli
124,56,44,18.02032416,86.77003005,6.044282483,123.8358219,cabbage
82,45,64,27.76084052,79.40816018,6.395554247,158.0477804,pumpkin
57,39,55,16.21250796,66.44814012,6.555966624,75.2058334,spinach
82,42,42,25.99737069,68.31124438,6.20907638,190.364379,okra
124,57,61,21.15961391,82.9542645,7.041739817,114.2246962,broccoli
85,40,55,23.28402382,70.39239662,6.612332041,118.6693638,spinach
81,38,51,27.45431091,75.88070033,6.180318156,167.617541,okra
111,61,59,18.2938706,79.91147372,7.269215093,141.3213908,cauliflower
76,43,54,20.26522066,73.91012032,6.271662177,117.0951081,onion
64,50,45,15.67627047,73.03281094,6.42783546,106.5196352,lettuce
107,63,52,20.23436504,69.57566467,6.302664735,164.1539666,capsicum
106,43,93,20.87104703,77.2372704,5.565229862,133.051016,potato
72,53,50,28.94997132,76.20884462,6.524358528,175.4611507,pumpkin
77,62,58,27.93696297,73.02949243,6.273830719,188.6470543,okra
69,28,48,17.54456077,70.86197239,6.250230393,91.7565585,spinach
122,63,51,18.44630611,84.20754389,6.670057552,101.7589676,cauliflower
103,62,64,27.46927509,68.05678477,6.114753471,171.5057315,brinjal
23,55,52,23.61097113,69.28602108,6.423625134,131.0392841,beans
69,41,52,14.27895226,71.71008912,6.460874042,103.3791458,lettuce
102,61,56,24.30728056,69.66036939,6.056372429,156.4705644,brinjal
98,49,90,17.33507662,74.46078914,5.448116182,145.6756272,potato
74,35,55,13.87551937,71.45650781,6.573289306,126.2414187,lettuce
75,39,48,17.37921802,61.80879377,6.666063691,109.5159931,spinach
70,52,60,16.83076454,67.87576427,6.072579146,98.7619235,carrot
96,52,43,20.05545828,64.44712077,7.025681133,163.3919598,tomato
80,41,63,25.41568986,74.82983084,6.694232923,212.1583012,pumpkin
57,45,44,14.36189797,75.47410875,5.951545588,112.2094328,radish
107,50,107,17.87892513,78.31454076,4.900539795,133.7449151,potato
81,54,85,16.79203875,67.08180538,5.890128959,105.2903467,carrot
125,62,70,19.12152254,83.60147316,6.560572796,119.1982624,broccoli
87,53,73,15.94726158,72.92000229,6.058823644,129.5416227,carrot
109,55,51,17.07474145,83.82070268,6.439427975,117.9228891,broccoli
130,66,65,18.5026333,81.07479623,6.355895106,142.6524163,cauliflower
35,53,51,17.70267397,76.18781814,6.511659342,132.1866064,beans
119,60,60,18.52777699,76.18154101,6.527709095,107.8824331,broccoli
115,67,60,18.47427049,67.081895,6.421445858,142.5019345,capsicum
72,49,74,14.53759739,73.97975291,6.310331408,115.3160256,carrot
106,53,51,24.52125719,76.76759734,6.485004749,154.374085,brinjal
100,45,102,15.66615653,79.32352093,5.750058688,90.0939654,potato
132,58,52,15.68027847,89.94824445,6.29380582,115.9783466,cabbage
110,76,59,26.7866141,69.04777167,6.254375349,158.2848892,brinjal
28,57,39,20.37178134,68.12748561,6.654357158,129.8987864,beans
80,42,60,16.0878166,74.30904947,6.137271768,100.1004718,lettuce
114,62,52,15.95830599,72.59523505,6.357214707,135.3458139,capsicum
83,55,55,18.18813968,65.32656734,6.151367891,109.5195535,garlic
74,52,53,24.14403407,71.53601171,6.974471823,177.7237492,pumpkin
77,35,50,15.06865229,60.92379879,6.691686602,105.3935031,spinach
123,60,67,19.29216648,84.80502256,6.680767581,123.1542947,broccoli
80,49,55,35.05811038,67.0220542,6.489965443,165.8489543,okra
33,68,54,14.73852756,71.97667038,6.487522442,102.9210152,peas
112,58,58,19.25322727,82.18225552,6.655851785,133.4412816,cauliflower
89,48,117,18.96126429,75.71528404,5.671774834,140.9903315,potato
73,36,50,18.58883796,69.49461362,6.234356085,125.3766008,radish
35,67,46,24.50205124,68.87331171,6.288093197,152.2789193,beans
65,35,56,20.04007301,66.54747341,6.8136005,114.0945901,spinach
54,49,63,20.41198903,71.10962941,6.416667745,128.2520747,carrot
134,61,67,18.57745601,77.37153353,6.166717911,106.381853,cauliflower
31,52,47,21.40348617,73.07365309,6.562737755,127.5772915,beans
98,55,51,26.81887706,76.89331291,6.328348598,189.17988,cucumber
37,55,47,21.55966451,65.86350123,6.077991419,130.988781,beans
112,56,64,17.60615638,80.14167569,6.511089699,104.0515108,cauliflower
82,40,54,19.58788463,69.5618594,6.479355649,123.9804352,onion
76,49,52,25.58448121,75.23645116,6.230055816,170.3403215,okra
102,52,63,19.7030616,63.37421849,6.325748526,164.7172457,capsicum
79,51,71,18.80788083,67.43503272,6.285874511,101.0690796,beetroot
101,60,58,22.55971006,66.04762772,6.641440507,187.0506124,tomato
105,57,50,21.47969437,67.53499533,6.323190573,161.2400524,tomato
131,47,61,18.43713778,88.67523233,6.117853004,143.6862396,broccoli
81,58,66,18.87933944,71.6155656,6.278516269,119.3155231,beetroot
101,47,101,19.61044762,73.8939388,5.539890902,109.4981878,potato
84,56,67,26.72844746,72.12874035,6.718204271,194.641619,pumpkin
96,40,50,23.03885117,60.50043174,6.210646052,110.2874529,chilli
80,45,66,26.3551112,69.30837867,6.665710273,197.8637669,pumpkin
129,54,52,17.85658731,78.38281925,6.69765443,134.7744255,broccoli
32,68,49,12.18534688,80.23478113,6.39884037,95.3073527,peas
33,65,45,20.06554855,67.96757397,6.521243241,123.6816048,beans
115,44,90,14.76991483,75.44415301,5.103073062,144.6302274,potato
94,51,54,25.5606611,80.43810418,5.911156567,184.0169019,cucumber
86,35,52,21.51641048,72.24083963,7.051932008,125.8862395,onion
113,60,54,24.17904607,68.99835949,5.96759354,156.8758351,capsicum
67,39,55,19.94092527,69.65348812,6.313652946,117.8878531,radish
135,60,60,15.10556444,80.76302437,6.439671274,115.0502782,broccoli
67,46,56,16.37237272,68.72187257,6.556635688,125.5749981,garlic
37,61,49,15.61851726,82.92931442,6.118584398,102.8363357,peas
84,58,61,23.1861132,76.23260429,6.327721596,214.0918419,cucumber
68,46,45,14.76439877,69.52311229,6.395647966,113.8554976,spinach
118,54,47,14.59013435,88.99833562,6.676290816,104.4928477,cabbage
71,43,60,16.36483683,63.77991698,6.319930356,139.8237671,beetroot
102,69,62,24.27301279,71.87518604,6.205405062,158.5073462,brinjal
83,44,45,30.60518079,72.55064776,6.289882587,190.1937846,okra
76,50,51,25.64671011,75.71236244,6.045903772,168.4377308,okra
76,52,54,18.72003293,67.0873946,6.570612441,101.307378,beetroot
35,62,50,24.97410661,73.38248138,6.484477825,155.6328587,beans
57,37,49,15.66911695,73.88264796,5.968679657,126.1532411,radish
32,61,49,15.87791436,71.88090368,6.126434118,112.1704533,peas
130,60,60,16.58651364,88.96553462,7.210648432,121.6569833,broccoli
87,58,99,19.67594375,79.37090139,5.637025966,128.5465092,potato
69,54,81,18.90245064,72.73397467,6.005489783,130.0066893,carrot
111,57,53,16.33543397,80.08202813,6.459315109,125.5582175,cabbage
36,64,53,13.04974944,75.86802512,6.659975739,118.582839,peas
119,42,48,18.33557475,84.30082006,6.500133144,120.5972842,cabbage
84,49,54,21.97167156,69.35590357,6.441931624,140.1581857,chilli
79,44,40,15.1731224,75.79880154,6.568617084,95.6418194,lettuce
36,61,51,23.22282639,72.22068255,6.499847879,157.9494068,beans
80,41,51,17.14848879,69.8019829,6.534560427,116.6712974,spinach
96,43,49,22.64022292,64.8161185,6.547972386,137.5916059,chilli
83,42,55,20.28555689,68.86963455,6.691597119,171.7221012,pumpkin
135,46,67,16.91142341,81.68756396,6.368159166,143.5146573,broccoli
84,50,51,18.73463878,65.21482568,6.716317789,118.3542766,beetroot
130,50,72,15.55088612,86.09954573,6.251307071,117.5721344,broccoli
83,49,55,30.54885685,71.31330538,6.619696975,187.1532273,okra
78,53,66,19.7672491,67.35805512,6.219274711,130.0135752,beetroot
92,51,56,22.83587733,69.59617656,6.169980703,136.418711,chilli
124,57,53,14.74537955,86.20779047,6.200387875,115.3923447,cabbage
103,57,59,21.58565769,64.47825782,6.086122081,140.4467642,capsicum
134,46,40,18.51127053,79.2614807,6.55812512,96.3587542,cabbage
83,44,54,21.36153143,67.99101519,6.295499454,111.4762241,garlic
34,64,47,15.65829807,68.43568574,6.245049667,121.7511169,peas
81,36,49,17.57198563,76.6918708,6.369060177,133.5162078,lettuce
108,54,102,18.15630166,77.74962749,5.273810623,115.7898738,potato
91,50,62,22.82187777,67.35119898,6.65398023,142.4269387,tomato
85,51,56,19.59849292,70.26295402,6.508960824,113.1955443,beetroot
105,51,113,18.18783675,76.28237784,5.536689251,128.1494704,potato
120,62,63,17.79904856,81.77043719,6.602637521,122.2271663,cauliflower
66,51,52,26.09928455,66.30849237,6.615318021,161.5128533,pumpkin
78,40,48,18.04999226,68.67461869,6.58838813,103.6440138,onion
38,68,52,14.20676399,74.054238,6.629206316,135.8761956,peas
60,36,47,16.81100456,62.88140861,6.018949976,100.0481555,radish
90,49,50,27.6298047,76.84851682,6.152082397,192.1568068,okra
129,59,68,17.03176301,85.82107695,6.490314276,117.6997908,cauliflower
82,42,42,22.68511494,66.06775579,6.529358602,144.1833094,onion
86,35,52,17.82659773,73.03047623,6.701514031,107.1809087,spinach
71,42,42,18.36994115,69.81102541,7.026832452,100.7501744,spinach
95,47,46,16.04002761,75.01457713,6.695915119,115.3080351,lettuce
93,60,99,15.85383735,78.51241766,5.295684503,132.6096532,potato
72,53,51,17.22735505,59.17882251,6.947441033,93.857484,spinach
113,69,56,19.06725285,76.18175438,6.452368703,128.4964935,broccoli
94,69,64,28.18172334,70.14824195,6.155017784,124.2032673,brinjal
128,43,53,17.0214096,78.18424232,6.318592737,128.2358215,cabbage
63,43,42,16.29960451,61.44701736,6.23510082,124.53713,radish
136,66,65,19.0927979,80.56582989,6.137459208,122.5875347,broccoli
87,56,54,23.65225236,73.35436855,6.32372237,119.7559212,chilli
115,51,63,24.52645973,66.33893123,6.265560213,168.1704922,brinjal
93,47,81,17.32154052,68.30448269,5.024829153,131.4062198,potato
68,44,44,13.78247021,73.4694414,6.900711062,105.7688828,lettuce
123,58,59,27.99116303,78.81269044,5.708591283,117.8452416,brinjal
67,37,53,16.23713173,69.17423173,6.228683639,126.9964497,onion
103,48,53,27.48730355,77.18049334,6.307848966,212.1515661,cucumber
96,43,57,27.68356155,73.79511988,5.667057671,175.4578798,cucumber
76,37,52,17.09317945,76.63007842,6.741536753,115.8952882,lettuce
66,54,61,28.6251226,73.29863294,6.535747659,145.4797876,pumpkin
79,52,72,16.3228284,64.45327631,6.433704334,124.747766,carrot
109,53,44,17.99946875,83.85036517,6.054838654,111.8692242,cabbage
78,37,50,14.88767086,72.59504293,6.885026956,121.6219856,lettuce
70,45,49,22.01144185,63.71257107,6.189248247,132.2683449,onion
110,59,56,18.30070066,77.68073976,6.51842278,139.3999634,capsicum
75,51,53,14.31249408,64.72378943,6.859548896,114.0113056,beetroot
108,55,66,21.33835792,83.60084583,6.687700204,118.5710611,tomato
118,57,63,17.31456445,86.31370478,6.250560554,109.9769329,broccoli
101,45,57,25.09317178,70.81742731,6.217477452,194.6565816,cucumber
75,51,55,25.03903156,71.17693203,6.901404958,138.3851895,pumpkin
81,53,107,17.1352344,67.63583083,5.336126666,125.8770601,potato
83,50,61,15.76562708,67.25661699,6.377499746,109.3209381,carrot
93,54,61,25.84186532,69.68350356,6.055749863,162.5310239,brinjal
87,49,46,23.90097097,73.49413473,6.691086897,168.1796309,okra
71,43,56,27.44622129,69.31311684,6.149167803,168.899666,okra
85,54,69,24.83643593,67.30448014,6.140618681,187.2223141,brinjal
115,68,57,20.90655095,81.68707736,6.039525557,135.7048112,cauliflower
70,44,50,14.95749039,74.47362886,6.318136519,117.6582085,lettuce
89,46,52,26.16900106,67.89924527,6.656920104,164.9696273,chilli
69,35,49,18.34038467,71.97983652,6.389195327,91.6926208,lettuce
79,40,41,16.27854167,70.68955735,6.641663954,124.1718789,spinach
97,55,43,20.63904319,70.55461295,6.154701927,149.3924505,tomato
108,48,59,18.68858485,71.18957691,6.596000847,154.5772625,capsicum
112,61,57,25.29659373,71.62438573,6.632600194,143.9818619,capsicum
79,48,68,19.76281506,70.88454145,6.070931475,126.2653136,carrot
106,49,54,16.80867632,88.04461972,6.109764862,119.8549326,cabbage
87,56,39,18.67953488,70.98430618,6.721539974,144.284207,tomato
78,41,54,17.59046315,73.97075428,6.44577528,119.6794906,onion
41,56,51,12.98021209,78.72868251,6.722969409,95.2758311,peas
108,58,56,28.0721753,66.3081003,5.908962722,142.8439602,brinjal
84,50,50,17.81599118,67.26841424,6.774975284,110.3105373,onion
100,47,58,22.49764924,66.99891561,6.520940625,130.3671601,tomato
105,58,59,26.42418671,68.0265652,5.895236352,125.006234,brinjal
81,49,44,17.96676509,70.0556314,6.535916356,125.2594515,onion
67,43,57,17.36983614,67.03427774,6.966695639,116.0666942,spinach
105,53,63,23.62061301,71.39833812,5.945357509,176.2816667,chilli
27,49,55,18.75987827,71.28527645,6.68822277,130.7758385,beans
128,71,66,19.0694079,86.1182677,6.407233993,118.9008182,broccoli
78,45,42,20.16302817,68.15016737,6.872951335,109.1573557,spinach
29,58,53,23.36934745,69.17784821,6.288490082,149.8534806,beans
73,47,50,16.81770634,69.3147294,6.365659353,115.6222832,garlic
74,46,65,13.25822925,65.87576332,6.704578434,106.4708683,beetroot
119,66,62,14.91012531,79.84277994,6.596595663,135.0531707,cauliflower
104,69,56,19.81099261,73.9125623,6.284554255,152.2878882,capsicum
113,52,59,16.71364431,84.87903177,6.141345408,108.5227635,cabbage
118,68,56,16.38724614,82.30277976,6.671397437,123.300217,cauliflower
65,30,49,18.45696436,67.65535158,6.159229731,98.6412258,radish
62,51,61,17.86273191,62.52673984,6.796819,120.9363527,carrot
99,60,60,26.95965407,70.92541699,5.649092065,142.2100701,brinjal
68,46,53,17.04531028,65.61350522,5.905607543,118.4026629,beetroot
128,64,61,17.35186365,84.36576861,6.67005509,128.6888428,cauliflower
99,52,54,24.18224973,68.4307978,6.749554414,149.6550313,chilli
71,47,61,27.14062372,59.82137384,6.755408803,208.7273607,pumpkin
80,34,35,21.30967941,71.61573936,6.027413513,104.8540394,onion
96,58,60,23.01161995,69.13537827,6.740625648,157.4839234,chilli
29,57,44,13.10218323,76.37555857,6.52418873,90.6230017,peas
24,66,40,14.4945429,81.54631797,6.137193425,98.9087792,peas
93,56,54,21.447576,73.0708335,6.727252313,126.7374713,tomato
97,48,47,19.96047429,69.61449145,6.602345592,146.91727,tomato
110,46,113,18.29639941,86.30104349,5.293243655,146.039457,potato
115,57,55,22.06215372,72.41375252,6.812622812,154.9924523,brinjal
84,41,47,16.09763126,66.63271272,6.34826816,110.5739038,spinach
38,59,53,23.00184313,70.29360145,6.46882046,137.7766567,beans
94,52,47,20.88926685,71.88650247,6.727096585,116.9458669,tomato
72,56,49,16.05762026,76.70928152,6.043755563,101.1351353,garlic
85,48,53,19.6879028,66.86525512,6.829086209,75.0960711,garlic
126,51,71,17.79446508,81.41662227,6.258650947,125.2873566,broccoli
117,51,58,16.07705637,81.79314884,6.671940962,136.9436348,broccoli
54,44,45,16.03010775,67.54470091,6.408243232,111.9670888,radish
92,61,53,24.86204592,67.54574974,6.486036954,134.3392022,chilli
115,48,54,18.37768167,77.01713049,6.410986822,111.4850417,cabbage
75,52,45,22.27064225,66.65382032,6.422946018,105.8390013,garlic
124,57,53,17.69383253,83.66931721,6.631057545,151.0454261,broccoli
80,45,60,27.71714478,63.7387889,7.030407827,174.3369623,pumpkin
91,48,53,24.98256408,72.05601987,6.640946969,168.1721054,pumpkin
26,64,50,15.2110273,78.25763009,6.642736424,100.2271661,peas
42,59,55,13.03957113,79.07540315,6.552337214,109.4594706,peas
78,43,47,17.00514955,70.68444201,6.6798319,112.0363179,lettuce
142,58,54,18.49216723,78.79087989,6.870490192,121.6013835,cauliflower
130,60,42,14.18011342,89.4838607,6.477922835,109.5804872,cabbage
94,61,45,23.32451044,77.2078431,5.75850665,120.0776186,tomato
84,51,61,22.53523436,63.77130611,6.551954278,149.6329345,tomato
30,53,44,23.08385403,71.10970029,6.079507804,147.1705672,beans
105,60,59,28.38341499,71.66512816,5.864136161,142.9164626,brinjal
128,62,54,15.66558103,83.12633362,6.454534984,150.8865906,broccoli
101,57,70,24.3760596,67.11548172,6.230475599,152.2979793,tomato
131,62,60,18.77474296,83.29274193,6.820954215,140.539827,cauliflower
127,47,48,15.50847594,71.75066536,6.361794447,148.9513851,cabbage
86,47,66,26.029018,73.05545682,6.61358459,194.6200125,cucumber
119,61,49,16.9079164,77.6315152,6.533834587,136.9333685,cauliflower
82,57,51,20.307695,73.05838144,6.809299857,163.282003,tomato
62,35,52,21.43181526,67.60989847,6.681952768,121.4297379,spinach
68,47,54,23.94458598,66.84957887,6.274887885,208.3891136,pumpkin
126,43,56,17.3918758,80.52289144,6.428677693,98.6851772,cabbage
106,54,47,22.1895114,66.61419144,6.79253592,136.3235655,tomato
72,36,53,14.15902242,75.40014558,6.55196331,109.4594663,lettuce
93,50,105,16.91138428,78.74706706,5.27338512,110.827233,potato
126,47,51,17.44133619,81.0623688,6.243246867,111.7135074,cabbage
66,54,61,29.28445544,71.93811344,6.283006144,175.7281352,pumpkin
72,37,54,21.6402007,67.0442716,6.426635118,114.1236278,onion
100,37,50,24.62632986,76.02437155,6.912300715,138.1254935,onion
70,36,50,15.52108981,70.90747143,6.837330982,128.4561954,lettuce
103,52,52,26.26560939,74.38958917,6.661172451,130.1784534,chilli
98,49,63,25.87285292,72.19628844,6.318894093,200.9772828,cucumber
59,41,53,14.25026869,70.08808254,6.164199625,107.686327,radish
61,40,47,15.88370714,63.29187347,6.690588627,120.667853,radish
66,52,42,19.20746603,70.51231479,6.084698899,128.5978233,garlic
99,62,61,28.38547033,66.96852738,6.419414076,160.6275971,brinjal
94,45,47,23.84304909,68.27142204,6.670554735,127.2709923,onion
130,59,52,20.11562836,79.64355147,6.266100925,122.8649855,cauliflower
69,36,42,15.40454325,62.15155818,6.552396492,91.8251179,radish
98,47,60,27.58635138,71.51177147,6.062645484,147.1314798,brinjal
77,46,61,16.15883355,74.0651538,6.107440836,124.787406,beetroot
131,59,67,15.25319422,84.07960856,6.96720446,130.0364673,cauliflower
24,65,54,15.66032274,79.49136899,6.555047329,122.3886728,peas
58,53,64,22.0353859,72.70593673,6.612806504,178.537854,pumpkin
38,65,56,18.02710859,78.97639377,6.568477772,91.7219304,peas
120,69,53,24.42892738,73.22687975,6.910589467,115.8769135,tomato
110,59,58,21.87042306,69.034007,6.331248696,151.821916,capsicum
97,52,33,21.86426283,68.84532735,6.708861909,186.2239024,tomato
120,57,64,17.68450603,79.43333272,6.916337979,114.7259619,cauliflower
79,41,52,21.93564676,70.22241786,6.517916136,117.0399237,onion
88,49,52,24.14772687,72.77434614,6.16487784,135.2026058,chilli
117,49,51,17.12883951,73.12279851,6.354040074,109.7831228,cabbage
105,54,46,23.02864251,62.04855319,6.218703475,145.8322837,chilli
96,55,47,25.11481711,70.52886526,6.670584696,154.1986551,chilli
77,35,46,18.20583478,58.74382374,7.018360471,115.3009608,spinach
67,38,42,17.56117536,68.9397125,6.203104777,90.0153843,radish
107,46,106,19.45883167,80.48723985,5.028932584,109.0929424,potato
103,49,62,22.7682488,74.06431059,6.688888653,119.2751247,tomato
117,46,102,17.97536566,82.75357309,6.258079728,112.0369684,potato
78,38,51,22.44721164,71.44189395,6.383384512,117.4931743,onion
106,51,56,22.031481,70.48838049,6.268097065,140.6127544,tomato
90,57,59,25.20464061,67.26387777,6.080030281,154.8473055,brinjal
105,57,79,24.79893728,69.36041204,6.213337868,99.838842,tomato
75,41,49,13.2114045,74.05408548,6.98055614,114.9105509,lettuce
61,47,51,16.8778983,66.99666531,6.711338738,107.1780215,radish
98,54,109,16.82101581,72.67506819,4.949138388,127.6198699,potato
104,53,113,18.29478175,80.83601503,5.473079292,141.6017582,potato
78,34,53,16.14172732,63.46391926,6.513307106,102.9704873,spinach
92,48,55,22.08532282,75.32742781,6.348344863,153.0364591,cucumber
111,40,94,18.56581781,84.26209612,5.480274922,111.6720071,potato
102,71,61,21.18494117,76.00606961,6.377577388,89.0468866,tomato
74,46,52,13.81112495,67.47527938,6.392249724,101.888748,beetroot
57,31,46,19.61547911,74.32135908,6.529141903,122.6891274,radish
97,61,67,27.1723316,70.35034473,6.277159691,145.6680269,brinjal
75,48,44,16.08414432,64.03738369,6.428319576,133.4231491,garlic
84,46,49,28.36058976,68.7405274,6.104747491,216.1114887,okra
110,45,122,19.47264823,76.70067447,4.750178286,154.3641386,potato
71,34,54,25.13184012,67.58220313,6.466235655,121.0507824,onion
78,48,74,19.4793063,60.36257565,6.629575581,110.8721663,carrot
66,41,55,16.66990816,64.57702968,6.0035196,112.1949748,radish
72,32,55,16.32581973,67.76511829,6.711634127,112.395325,spinach
92,73,51,20.35649459,71.87007586,6.782537627,130.1273133,capsicum
112,60,45,20.68869933,72.44687281,6.133361657,157.8249608,tomato
75,51,58,17.42583559,63.83245227,6.521002548,100.5290409,beetroot
85,51,49,25.81608643,78.06410113,6.498650096,199.472445,cucumber
106,63,58,22.35858764,69.15945357,5.97706128,143.6414839,capsicum
99,56,101,18.22545264,76.54555115,5.482916313,124.6170265,potato
68,48,79,18.31394592,65.65387492,6.356054101,118.5753175,carrot
100,61,41,23.35840048,66.68688121,6.671179601,120.9185211,tomato
77,34,46,14.28179145,69.10187092,6.419079311,106.8014323,lettuce
109,56,69,19.4591504,76.57344612,6.436971731,153.7829228,capsicum
79,57,56,27.06685186,69.48531901,5.87637336,150.3683846,okra
65,41,61,13.34128188,70.86195878,5.869135659,106.3887765,lettuce
70,58,57,17.06173857,65.98734592,6.246598539,102.4448692,garlic
74,47,47,18.06028132,68.44792773,6.385825214,106.722173,garlic
88,47,57,24.39694482,76.61125402,6.492700555,158.9232901,cucumber
79,39,43,28.0421855,67.47573106,6.386544507,158.5067792,okra
126,54,47,17.18532154,89.81662974,6.298850659,107.293109,cabbage
83,39,54,23.56215815,78.35825457,6.615926635,124.8869447,onion
65,25,48,18.8968265,69.41723753,6.525880171,105.3501042,radish
76,34,48,19.07589715,71.11864213,6.762061749,140.9352572,onion
92,49,71,24.48414134,64.59609968,6.715980887,151.5370367,chilli
110,46,114,21.44834719,76.54864576,5.366349244,141.8007672,potato
72,51,56,17.84124772,68.85785307,6.475903841,124.8484375,garlic
129,62,62,18.16255684,81.84842767,7.097092998,139.2110797,cauliflower
89,35,51,22.92559289,70.00437668,6.537916323,135.0156914,onion
20,63,57,22.29165438,67.87557579,6.371718188,166.548696,beans
85,50,56,18.7202619,69.66983613,6.520285958,112.1445815,beetroot
101,53,50,20.63285265,69.83623365,6.336972569,122.1788554,tomato
102,55,49,27.35986022,73.16959511,5.892457224,144.6613579,tomato
31,57,52,26.05468437,69.92066342,6.166887555,149.4712791,beans
63,41,50,15.34968569,76.42034656,5.984619222,100.3978964,garlic
81,44,78,17.46471782,71.3870831,5.768193145,108.8108684,carrot
95,48,60,24.97647288,69.58100198,6.810544478,183.1065,cucumber
122,57,56,18.27349301,80.7040766,6.62555868,105.5321526,broccoli
53,37,52,18.91444962,73.41103612,6.599556348,106.5735005,radish
104,53,60,25.80757464,68.82923313,6.429758913,179.4803204,tomato
30,61,62,12.27362058,86.16053554,7.001105826,108.8322662,peas
94,50,49,24.66543866,62.66740797,6.438166009,144.998458,chilli
87,68,46,21.40379219,73.2569063,6.678316563,124.6105277,chilli
92,63,58,22.11374944,79.45619412,5.971713824,139.5059879,capsicum
108,37,56,23.92716298,62.60706877,6.843126213,148.4624102,tomato
91,55,58,22.33175565,72.75452433,6.721613449,134.4659392,capsicum
116,62,61,19.91567926,78.83647283,6.508502024,108.6197385,cauliflower
83,49,60,18.67905757,80.74629965,6.836108477,118.4135744,beetroot
71,51,62,27.76897955,76.71301139,6.602033978,152.4873182,pumpkin
89,50,60,26.29868382,72.35577268,6.500788686,184.7925504,cucumber
79,53,57,20.77593117,65.4687696,6.85155809,115.3076259,beetroot
108,59,61,20.54305491,74.66826189,6.090988719,144.5503199,capsicum
57,36,41,20.01423565,73.0841204,6.218231642,106.4246076,radish
42,61,54,22.02348839,76.22515393,6.599381939,140.2013073,beans
81,48,63,16.15106802,74.25155507,6.23150173,107.0793922,carrot
60,42,43,15.9854886,70.75316963,6.665434153,112.7382475,lettuce
121,71,59,19.84493147,74.78895219,6.330495011,132.6516717,capsicum
34,53,43,11.98936975,75.10732624,6.591651562,100.451388,peas
94,45,101,16.53244083,79.63301102,4.989224919,135.4373346,potato
135,54,63,17.44098507,81.36677809,6.454036527,114.8519227,cauliflower
31,58,55,12.77799775,81.18536008,6.499594571,107.8739826,peas
78,50,49,19.18227224,67.57211412,7.085561399,89.03334,spinach
115,55,68,18.54974635,61.4830878,6.48333569,149.6016362,tomato
84,40,54,20.44771184,69.35182222,6.451939789,121.7085605,spinach
44,48,47,9.74633302,78.1264879,6.567920896,129.0895489,peas
74,27,54,22.21053169,66.87468977,6.513398143,127.7390883,onion
101,46,95,17.51947904,79.69666379,5.656850646,111.3944999,potato
76,57,53,26.98493806,68.79091266,6.373841564,163.9377833,pumpkin
108,48,49,17.89819158,84.67336195,6.25316524,120.9839467,cabbage
31,70,60,26.57794284,71.22807453,6.05447123,104.8544135,beans
89,68,56,22.32975099,74.6116522,7.019444396,139.504621,chilli
128,55,57,19.89188192,82.7922277,5.991411033,113.2828935,broccoli
32,70,43,19.52587258,69.25358187,6.288577672,135.981519,beans
70,52,58,19.99105338,67.67417605,6.668872712,116.9302035,garlic
102,63,54,18.84821234,67.5072198,6.80913091,157.9551435,capsicum
88,61,65,21.8199747,75.01766449,6.608490808,123.8720061,tomato
70,52,78,16.58474821,65.15130454,6.272333658,99.2402933,carrot
93,55,59,27.00618074,76.72500674,6.042547038,177.5331187,cucumber
68,38,46,20.95752353,73.36180178,6.124965506,121.7253912,onion
77,38,49,15.57967811,74.36560147,6.819178547,121.5698706,spinach
134,59,50,18.51719455,87.36590366,6.251503153,114.17633,cabbage
100,42,40,25.0016376,75.59343827,6.624955344,169.7482241,okra
88,46,50,27.37061834,72.51747203,5.923852179,143.4063637,okra
77,40,46,15.00624775,72.29554774,7.109968617,113.6149098,lettuce
113,61,57,22.92186436,74.58761809,6.26311192,130.0830199,capsicum
67,53,84,19.3904058,69.13500409,6.053031665,99.8377884,carrot
101,70,62,21.67751632,71.48640694,6.386342758,146.0486455,capsicum
65,38,53,19.65329416,73.66978814,6.792180699,107.0563102,lettuce
107,64,59,23.49475026,55.0339447,6.574290006,139.9725686,chilli
82,50,57,27.41909217,76.2901672,6.685752032,208.6861934,okra
104,63,56,28.4416426,68.49290488,6.713612085,118.5425428,brinjal
87,52,69,23.39682403,70.58792607,6.268778279,180.3139559,cucumber
135,52,64,19.64121495,78.10333029,6.9958434,127.7783418,broccoli
66,35,43,20.67331472,74.19455718,6.680054144,124.6555393,spinach
90,42,64,23.23880259,76.25537823,6.235594879,178.6073309,cucumber
98,49,62,22.33771024,67.08622467,5.577323597,148.4507455,brinjal
91,56,59,20.70703866,76.02564416,6.188432676,153.9115023,capsicum
132,65,68,16.29522647,83.90146244,6.658113554,119.3098619,cauliflower
38,63,49,11.68600709,75.27170081,6.78808716,104.1844572,peas
33,55,49,11.18656113,77.69504393,6.874220068,102.6669793,peas
105,50,50,28.24198713,71.91139026,5.903721575,131.5211189,chilli
85,44,51,28.76677606,62.90151588,6.448967558,242.3536226,pumpkin
113,49,46,13.69165091,85.58826479,6.654975008,127.8182639,cabbage
125,63,50,18.960521,77.7795693,6.705695695,113.4481879,cauliflower
61,45,50,16.94046459,71.21942375,6.091880845,111.1442033,radish
123,52,54,16.50303743,79.55105306,6.182969895,110.0950736,cabbage
80,49,50,23.56481784,67.32728869,6.180624984,196.4413216,okra
98,50,60,21.23138642,80.98060346,6.333541604,188.566841,cucumber
95,49,58,27.49322273,79.30231127,6.868956357,162.9555071,cucumber
70,49,60,21.20662778,66.11549438,6.584069472,165.2594128,pumpkin
84,47,54,26.78547717,71.19919498,6.67984559,210.7828469,okra
65,36,53,17.879691,64.50886019,6.069961942,92.274027,radish
42,60,47,24.61264036,72.48316093,6.31249433,157.3249634,beans
66,44,41,19.3552742,67.96930375,6.512982268,120.9784136,radish
32,66,51,21.88035268,73.00401417,6.544853543,117.2500618,beans
83,49,47,16.67233379,67.03574711,6.391491661,116.6435289,garlic
104,57,66,21.37491876,72.20982955,6.555965728,144.3733651,capsicum
76,56,52,16.87230334,58.69831938,6.440671941,122.335508,garlic
81,47,64,16.50102841,69.3476313,6.613218582,106.8054446,lettuce
109,59,64,18.65159541,70.57626033,6.729575521,151.0248319,capsicum
73,32,47,17.40235982,66.56702249,6.461934687,96.8342762,spinach
102,57,51,20.78098444,67.83720906,6.618335643,129.475388,tomato
91,52,58,20.88112844,63.68911702,6.585789639,149.3441605,chilli
74,43,49,17.56568239,68.23348116,6.449035267,105.8815289,spinach
105,67,69,19.63002564,75.20472706,6.553080431,166.1011905,capsicum
135,60,57,16.014268,76.21917894,6.666567418,131.9357423,cauliflower
69,47,51,17.61368955,60.08646033,6.306546287,110.8554471,radish
112,42,50,22.01310925,70.23490297,6.364980359,155.5712483,tomato
118,41,78,18.66002168,75.9917831,5.193630155,130.6253467,potato
87,51,54,27.77855759,68.95268522,6.289807028,143.3094621,chilli
88,57,56,26.62865016,75.2811935,6.209809323,193.918642,okra
86,53,42,21.010392,74.3028818,6.504697628,125.8751139,garlic
78,35,42,18.21441592,66.72461458,6.756608668,109.0410986,spinach
90,66,75,20.09671782,79.58059445,6.347367746,129.4138539,capsicum
90,53,68,29.71540469,71.5862751,5.828284189,187.725183,brinjal
83,39,45,12.91848438,67.11481046,6.716097874,106.1525063,lettuce
116,52,44,16.96467177,81.30258297,6.445061584,115.5656769,cabbage
140,55,51,18.56763271,82.57955133,6.404780609,115.7830292,cabbage
82,50,57,25.38318894,71.32632115,6.650911435,207.4922254,pumpkin
67,38,57,19.54647997,67.36864996,6.677073016,102.7953717,spinach
96,38,52,16.70127036,69.1809303,6.540441581,105.0737782,spinach
124,55,75,17.66245612,87.17501262,6.107725244,118.638925,broccoli
78,49,70,15.81567273,71.33900531,6.528442905,91.4512426,carrot
29,51,45,21.56433241,72.41247033,6.432175859,104.6644476,beans
28,61,44,19.86129326,70.90548956,6.236917633,132.8669833,beans
67,47,52,16.60491612,61.52470971,6.021218434,110.8786334,radish
131,56,65,15.5416328,87.8084708,6.503537316,117.8430631,cauliflower
100,50,92,17.00564862,72.38957891,6.024873023,101.3420515,potato
102,60,59,22.74155865,65.17317293,6.176719437,141.2580875,chilli
116,43,51,22.32685144,77.20636645,6.069241355,169.0790938,tomato
100,49,62,24.68525489,77.80413988,6.477852645,242.258204,cucumber
83,67,53,20.93279733,64.93947812,6.003542998,160.5792646,tomato
71,53,52,17.16448975,60.91577279,6.324085906,117.7045411,beetroot
106,60,61,20.95174178,74.04240276,6.240868973,170.9912689,capsicum
69,45,57,16.36769002,62.17978158,6.675490225,103.4311097,spinach
35,66,48,14.76248931,77.83757507,6.475946934,113.1071651,peas
123,66,80,18.23030463,76.75305323,6.353428738,132.505712,broccoli
72,49,62,28.70895776,70.66615723,6.879988001,137.284003,pumpkin
96,43,53,24.88070799,65.9161258,6.237390593,152.691777,chilli
77,47,53,18.95702776,67.81352357,6.579340658,111.8629526,lettuce
64,51,54,19.25817082,65.50907768,6.237167745,119.5959742,beetroot
71,52,88,19.63100204,67.80764597,6.254212382,105.7199224,carrot
114,41,44,18.85371743,81.37640729,6.290342541,121.9202187,cabbage
93,60,50,23.01416345,59.95913338,6.169012229,167.1144621,chilli
91,56,55,19.14257426,71.7889368,6.668235358,167.0762811,tomato
114,58,61,20.0100709,67.93601828,6.051047922,134.1701376,capsicum
29,56,56,13.89698161,79.50143878,6.471202918,95.8029738,peas
112,69,67,17.43757508,83.22678777,6.49626398,148.6709589,broccoli
84,55,61,25.1225598,71.09894943,5.924313668,183.8530307,okra
84,44,109,16.52626891,77.1014674,5.66501563,105.4748332,potato
38,56,44,19.96328587,70.17863031,6.411535259,172.4828218,beans
96,55,56,24.18525518,72.97145025,6.530857295,118.1268033,chilli
117,55,63,23.86766568,66.49081804,6.331332965,167.1331109,capsicum
81,55,59,14.4571549,63.08046754,6.299069085,104.3632424,garlic
88,56,49,25.1555407,75.37005559,6.550991753,141.1628268,okra
66,43,77,18.2910424,65.54350974,6.335245675,129.0635231,carrot
80,51,50,29.87211234,75.10774681,6.406095283,162.0549399,okra
68,52,55,25.4622155,78.16910651,6.74858788,198.045428,pumpkin
74,44,59,25.87299803,72.64259976,6.665565746,159.2177766,pumpkin
106,66,55,29.11757837,65.87815436,6.688892639,143.2918395,brinjal
87,47,57,23.03403114,74.72927041,6.016542411,171.7504198,cucumber
135,58,65,21.27013279,87.2467738,6.226964602,121.9558871,cauliflower
96,34,50,24.23666167,67.68143444,6.590474359,104.0640971,onion
100,46,58,25.97145929,78.59839183,6.324456794,188.7201155,cucumber
54,42,63,22.03839851,71.61071257,6.580908118,109.7440114,beetroot
66,48,33,16.81955607,67.67250329,6.640918414,106.7758655,garlic
94,52,55,29.27333828,72.6140114,6.790643417,146.5331948,chilli
36,60,51,21.76597744,72.03690797,6.353326353,128.7324917,beans
35,55,45,23.75347473,75.38109319,6.650945367,162.7297714,beans
73,43,52,19.05033863,58.44587415,6.291415453,101.7073475,garlic
81,44,51,22.65086574,64.9960977,6.364501623,181.6488353,okra
96,65,57,22.20742648,77.60600139,6.158228227,141.510943,capsicum
67,45,63,24.4580616,66.60801686,6.34858,179.3591526,pumpkin
104,51,91,19.05046482,75.6974487,5.536602944,158.4012681,potato
70,38,40,17.03424456,68.17484159,6.605701981,103.1863059,radish
109,68,63,23.900689,77.45025141,6.692184369,206.7370212,brinjal
94,51,62,24.52500578,64.86334457,6.382311225,156.8178221,chilli
93,47,45,25.93391329,70.1784983,6.612358379,153.8153876,chilli
77,38,49,13.02435588,67.11287439,6.842342326,102.4231693,spinach
88,42,52,27.2132354,68.9503282,6.247927272,172.1277684,okra
74,41,60,29.02668638,69.60144002,6.60298825,197.0318209,pumpkin
38,52,57,10.28067392,75.26075156,6.476432732,114.9482716,peas
79,41,46,14.74160079,66.24117881,6.286519926,133.5448203,lettuce
39,50,48,21.68200154,73.89126028,5.819386465,142.4921092,beans
74,46,55,15.84723763,65.30483958,6.839384291,77.4486492,spinach
78,53,46,19.24475824,72.5055738,6.4753479,134.0230695,garlic
75,40,46,19.61918887,70.12357726,6.814534768,108.5223628,spinach
89,46,57,27.0728278,82.13552422,6.198134973,198.1592463,cucumber
98,49,56,25.62815104,71.60242095,6.869271625,155.30976,cucumber
81,52,81,19.04428509,63.58532069,6.217302694,100.6376105,carrot
87,42,46,25.32593268,63.22545267,6.683830835,135.0087348,onion
81,41,55,22.64930625,65.47841687,6.691577738,98.4619984,tomato
74,40,52,15.78731169,68.40662305,6.363931392,97.0670728,garlic
78,40,66,17.43372221,66.79656101,5.997630766,114.6677448,carrot
128,49,52,16.22535553,81.21413367,6.358828114,111.0410598,cabbage
99,65,91,20.45867521,84.71080326,5.333923527,128.5347462,potato
75,47,55,23.35299963,69.13794806,6.780374803,166.7794989,pumpkin
79,45,54,15.37758342,67.63581313,5.948113109,106.845914,lettuce
40,47,48,20.59197566,69.19217081,6.596303163,156.8102856,beans
34,61,48,14.45405772,75.63249573,6.818568065,108.6369426,peas
111,58,58,27.97275301,69.15210709,5.737159035,147.1086398,brinjal
106,63,40,19.04185372,59.80383911,6.41917795,157.9385564,tomato
92,68,72,24.08561355,70.65685624,6.169073132,134.0147595,capsicum
68,45,61,16.2784864,70.13683145,6.418314524,122.4914501,spinach
34,54,52,21.89948816,69.99203216,6.776615443,121.2467596,beans
127,65,56,17.08436606,85.1685496,6.563053251,114.1253825,broccoli
83,39,55,19.84581883,60.90787013,6.7523843,106.4140155,onion
121,63,42,20.78941482,76.33455575,6.28769916,151.0954857,tomato
84,55,58,18.45928611,62.72689483,6.6247286,113.2935221,beetroot
119,42,63,15.55935862,73.93064481,5.791918519,134.7677703,cauliflower
75,62,59,17.5709581,71.46349035,6.411552317,111.0240773,beetroot
34,67,46,26.66049881,69.31476963,6.522299549,135.7819461,beans
83,46,47,31.74214896,68.59646364,6.888244344,188.7425356,okra
72,43,48,15.64364063,69.73140161,6.577688293,119.0622197,radish
90,49,56,23.74387489,79.23957912,5.981603613,171.707462,cucumber
96,47,101,18.24086097,78.01218408,5.631081451,137.8596941,potato
75,50,48,25.30932903,70.87534383,6.50106743,190.556787,okra
90,46,64,14.23997993,70.85084812,5.829212448,105.5321714,carrot
99,61,57,21.18534,82.07737628,6.202759145,124.4014382,cauliflower
96,44,65,26.42060608,78.79357407,6.297704412,169.6448511,cucumber
136,68,51,21.01848004,83.52846868,6.540171375,144.3773991,broccoli
78,55,55,17.74568281,70.56751625,6.40422627,98.9231312,garlic
102,44,56,26.13614454,82.11507597,6.425421261,184.9665029,cucumber
55,47,71,20.77667556,66.45991275,6.395747246,111.6950857,carrot
71,52,58,25.50976697,73.63874137,6.350751603,209.8600621,pumpkin
65,42,48,18.05838101,70.79189612,6.291864922,101.7860992,spinach
73,47,57,20.34223813,68.4301,6.180316036,95.2892928,garlic
128,62,57,20.01184902,77.4900156,6.781977248,126.853924,cauliflower
100,50,109,17.22593291,78.38448311,5.361317413,113.4825566,potato
84,46,80,17.61060541,67.74324729,6.322938121,113.0268848,carrot
73,46,61,18.13228223,67.90067874,6.60316034,104.8420061,beetroot
83,53,47,29.95286275,67.47140344,6.180216749,193.7485351,okra
127,60,50,20.71114587,79.55656944,6.626120814,106.2435883,cauliflower
68,44,57,17.9465074,65.36840605,6.760160611,114.1686781,beetroot
113,67,50,19.52598795,69.3710654,6.516717474,167.354788,tomato
83,32,56,22.46299782,62.71648658,6.792850449,110.0133193,spinach
55,41,44,16.41373067,63.2370168,6.184901917,109.664367,radish
77,45,61,16.7523195,66.89216362,6.75619345,120.90725,beetroot
115,44,63,25.18039751,81.13343484,5.932377612,154.7446045,cucumber
85,53,68,14.80480166,66.69193073,6.246635805,115.9543902,carrot
105,54,63,20.9024687,68.04588397,6.848185311,157.1464525,capsicum
23,57,51,13.0745267,76.77180664,6.785891511,111.2779278,peas
97,55,39,21.45082028,71.78556286,6.943368213,127.0432445,tomato
118,42,47,16.57268676,80.97528099,6.351700511,119.2588296,cabbage
74,42,54,22.26287399,72.75565349,6.641660769,125.2717231,onion
66,44,70,23.84858649,70.70783052,6.40819075,171.5728638,pumpkin
84,55,53,24.17478286,67.93578384,7.145893415,120.0466062,chilli
84,34,43,15.98733172,63.35535159,6.807661451,124.6485823,lettuce
131,52,63,19.23947757,74.35473243,6.523244812,119.3780466,cauliflower
64,40,46,17.25911673,68.45869427,6.306840778,85.7479721,lettuce
105,66,57,15.33650503,85.76426621,6.494095505,139.5939893,broccoli
124,59,61,18.16901029,85.1919782,6.730877154,112.3925201,cauliflower
79,37,60,16.37490846,76.42118972,6.608721987,93.4938693,spinach
104,50,103,21.60512338,77.76952481,5.560329714,135.7598159,potato
75,40,54,19.93435624,69.97590953,6.509413111,118.9018675,spinach
74,41,42,18.730338,68.97958921,6.149175788,116.882706,radish
80,49,49,17.8747797,61.94514243,6.139372065,96.2379609,onion
130,47,45,18.04021837,80.43194944,6.611987277,127.4040714,cabbage
135,49,64,15.46957593,89.54315407,6.113850068,138.8270078,broccoli
73,57,56,23.36323886,71.73107877,6.479351856,195.3993746,pumpkin
98,55,66,23.30084758,70.33914493,6.210208223,152.0047068,brinjal
35,59,54,13.79198154,70.96716449,6.437220541,98.3340534,peas
72,40,59,20.08130587,73.41508252,6.255174942,183.2672071,pumpkin
115,38,63,24.88573885,75.6543394,6.145056968,161.8246066,cucumber
81,42,46,18.67022534,66.56697206,6.476958547,121.6030088,lettuce
96,52,51,24.92247833,76.98021212,6.364042651,203.8662201,cucumber
107,61,59,20.2451532,84.63108513,6.581357455,156.1972121,capsicum
112,56,54,22.22692033,71.86998443,6.566099627,136.4130418,capsicum
38,57,48,26.92189327,75.75894193,6.309849834,148.5641149,beans
68,53,69,20.76486668,62.62261598,6.713656828,102.0420515,beetroot
106,64,57,26.81610569,74.20319029,6.333432142,135.1382337,brinjal
102,49,69,23.1845823,64.04348251,6.696966083,115.6329582,tomato
115,57,43,18.21980778,80.88414828,6.344047966,129.4844628,cabbage
103,68,71,20.70930116,73.38958995,6.202399436,147.7921087,capsicum
33,59,41,14.78339603,77.64318681,6.902573245,98.725218,peas
84,46,42,17.85994045,66.6099988,6.289426071,109.0418102,garlic
110,45,51,16.92702147,82.13118798,6.248300933,117.2351914,cabbage
55,47,78,20.4005235,66.14735455,6.197143348,123.8468088,carrot
78,60,67,17.27707447,69.66578415,6.286523788,98.212357,carrot
94,46,52,19.3205477,64.16224305,6.425558645,136.3312293,onion
85,54,50,32.11562235,66.24635533,6.29696582,177.4696221,okra
103,68,50,24.87172205,72.54342361,6.380799868,147.0291036,capsicum
57,38,53,19.02050444,69.0480663,6.533355739,105.6593961,radish
89,52,59,26.85731594,76.97387651,6.305156169,166.9622283,pumpkin
65,56,57,18.0441354,59.8226781,6.170476991,117.3177502,beetroot
111,52,46,28.43339951,70.29609217,6.504178788,139.3968728,tomato
73,49,69,27.71739158,78.14424473,6.649384426,165.7739355,pumpkin
73,46,56,26.0044576,67.76315317,6.374934746,169.6776672,pumpkin
81,47,50,31.11120389,68.01108685,6.235240719,202.0744003,pumpkin
70,55,54,16.0444912,67.79367497,6.307027406,99.3796564,beetroot
36,63,56,16.38234609,75.83410797,6.47449843,118.0522137,peas
115,61,56,15.97104055,76.63971172,6.608054173,116.8234372,cauliflower
132,62,70,21.36529519,80.63101948,7.125809451,125.293756,broccoli
98,55,56,28.04886368,73.28399025,6.600447233,211.2051106,okra
104,50,87,19.49440023,76.02497367,5.03302543,113.5782726,potato
73,53,67,28.57913444,66.36432359,6.611223974,197.0143879,pumpkin
67,52,42,17.89852635,73.72513527,6.206464407,108.5083887,lettuce
76,56,57,18.80531396,67.71815864,6.606745921,102.1452207,beetroot
90,45,56,28.23726467,78.0521735,6.255187244,177.79989,cucumber
110,61,54,26.63704201,68.03321335,6.010135918,153.4079095,brinjal
97,52,67,26.89478787,75.99506357,6.187864291,184.7710991,cucumber
120,64,62,19.03073263,74.28456497,6.255302676,168.9999188,capsicum
102,54,63,23.98334772,74.89931749,6.584595513,142.1905409,capsicum
70,57,55,19.04489042,66.20561251,6.279545375,102.9054126,garlic
108,68,61,19.70200296,75.53442714,6.126760332,133.7787993,capsicum
89,46,72,21.9831066,64.67175478,6.162471179,108.2356949,carrot
98,51,59,25.82512934,74.19327851,6.484878371,148.9305267,brinjal
92,56,58,26.41846129,67.90285402,6.909740132,153.6203399,chilli
92,56,50,25.4069843,67.68871426,6.431012137,134.5741425,chilli
72,44,50,19.31906294,75.0660472,6.859651517,111.1179001,spinach
105,52,55,24.16374603,76.95833603,6.081131097,169.230828,brinjal
107,61,56,16.89382037,84.78345536,6.793360569,121.7294633,cauliflower
68,50,55,19.64422169,68.5618679,6.21886958,110.973495,beetroot
78,36,50,15.29156277,75.35270888,6.460690902,109.2928837,lettuce
62,40,51,17.99159617,74.82144943,6.05231577,109.2295545,radish
86,47,52,23.02168765,65.84808588,6.616611149,141.185717,chilli
105,46,66,26.4209926,77.35832247,6.925225124,158.8872102,cucumber
114,51,110,15.77165944,79.06820106,5.766889239,121.2342598,potato
96,47,58,26.73502082,82.16172357,5.811237807,172.6212112,cucumber
71,46,52,14.79254105,62.22428431,6.50482272,109.7322975,garlic
66,55,57,23.28563072,72.11918466,6.339961386,209.6748782,pumpkin
82,47,51,16.31635674,58.25875067,6.771040802,100.222928,spinach
92,49,102,20.32575074,74.00658384,5.79529672,116.7901673,potato
129,46,59,18.31617845,80.88982297,6.82281846,130.0613609,cauliflower
70,45,62,19.81857479,71.75428427,6.689238184,108.3976912,beetroot
118,54,60,18.96148916,87.98684163,6.37625863,119.02913,cauliflower
132,55,46,15.02112921,81.18807745,6.239992287,119.2377051,cabbage
75,38,41,17.5823898,71.85940653,6.823116565,101.4847669,onion
134,66,65,17.08068646,77.68063021,6.346603099,127.3548913,cauliflower
82,42,45,28.78241865,74.32712708,6.396755376,203.1366756,okra
73,34,52,17.33713726,65.92533312,6.813300386,110.3531671,spinach
72,51,50,17.45413336,64.65724398,6.874305048,120.406249,spinach
91,71,46,18.96452847,75.79055437,6.737498808,155.6029954,tomato
38,57,40,13.09926362,79.62739054,6.753848082,95.9380244,peas
84,41,45,18.13192744,72.07132902,6.509391715,95.5679419,lettuce
81,47,43,27.14203857,75.85907958,6.659997474,199.2061034,okra
88,40,45,15.70568098,72.35961984,6.457204006,110.5259456,spinach
90,46,64,24.58113769,80.57838173,6.204386901,140.480734,cucumber
116,67,64,22.27708663,78.79049512,6.466416292,159.6919451,capsicum
65,48,63,18.83331812,66.45776408,6.547730933,111.285744,beetroot
93,52,50,26.63069546,69.93251388,6.182686721,160.5636228,tomato
63,47,60,28.84345274,73.59787749,6.577618189,157.4547241,pumpkin
65,36,51,17.34685763,72.64716616,6.586681004,105.9556835,lettuce
64,37,50,20.47956918,63.88929944,6.753141568,107.0073773,onion
68,44,50,21.33050447,67.28517246,6.456204456,119.6593109,radish
136,58,61,19.45374105,84.21657171,6.346394119,126.1565255,broccoli
80,58,82,16.54079506,69.44566927,5.976714614,116.8686837,carrot
72,52,59,23.86516773,77.16184297,6.513799811,220.9741652,pumpkin
72,53,59,27.98730778,77.39654042,6.764542523,189.4101969,pumpkin
70,46,56,17.33039403,60.82431555,6.458323723,102.8021433,spinach
75,37,51,18.17618493,69.18737415,6.116651978,118.4386191,lettuce
127,53,52,17.02942499,84.69144494,6.518362827,115.7515115,cabbage
47,51,53,12.85079628,76.65688553,6.420724292,100.3587887,peas
62,35,47,14.97117188,70.19480191,6.27937162,89.5375087,radish
124,60,43,17.28455925,79.35207129,6.485177441,120.2297733,cabbage
99,48,108,18.97848432,71.69443137,5.942962105,140.7013703,potato
82,46,54,28.50807622,67.19064437,6.454188689,118.3713447,chilli
97,59,56,19.02495408,74.96527927,6.507091749,168.135153,capsicum
100,59,73,23.15263473,64.59262907,6.435076899,137.7844249,brinjal
103,66,61,21.60015368,69.90491896,6.199241191,139.5371716,tomato
64,47,50,16.41068163,65.15472036,6.448782796,125.5843195,radish
95,44,64,30.64934661,77.9319757,6.426255272,181.6903695,cucumber
74,34,54,18.36861813,66.31988909,6.123831327,127.3329463,spinach
33,49,51,14.52896337,78.25480944,6.445793237,106.486905,peas
90,57,65,27.27851303,60.30891291,6.644268046,137.3296506,chilli
101,54,44,29.98562114,74.98343588,6.680668706,128.7019433,chilli
84,37,83,18.67604696,63.17191341,6.031171902,130.1167163,carrot
96,48,56,26.10209434,68.3723885,5.929908829,213.457364,okra
122,64,56,16.50128462,81.11385361,6.205759472,146.8465269,cauliflower
110,49,45,17.85969172,74.85653403,6.328074066,123.6132881,cabbage
99,55,53,30.24954281,77.32535625,6.776110251,127.9878896,brinjal
121,52,59,14.65363758,88.4688503,6.420871188,109.2145914,cabbage
104,47,67,20.04186677,68.38969242,6.744055165,109.2283921,tomato
108,58,58,17.20024352,81.54143666,6.566067068,123.1985966,cauliflower
96,51,49,26.4136356,72.02490855,6.121734814,162.9465487,tomato
92,53,61,26.94210647,75.82921929,6.378781873,204.6681215,okra
69,34,51,15.77927048,71.21762705,6.852261492,116.5895201,lettuce
75,31,37,18.59492411,68.55799118,6.528790766,108.7256709,spinach
131,58,61,20.29294375,85.16274484,6.696504323,111.2098448,broccoli
71,47,80,15.79027441,68.88216571,6.604489788,103.8416436,carrot
71,49,43,29.80345739,75.13658567,6.220394555,164.679096,okra
104,61,59,24.37397126,75.29311966,6.267728457,150.3170385,brinjal
93,45,56,24.04251833,76.91035993,6.60843107,163.8980964,cucumber
75,52,55,16.4897512,69.95538356,7.09614945,122.0397598,beetroot
71,51,56,25.85509,65.944678,6.657718901,215.2982761,pumpkin
92,49,60,25.85056379,68.67460547,6.669089262,139.4346932,chilli
79,41,50,22.12835545,66.25805452,6.60262116,116.1067998,onion
30,64,53,22.72477794,77.26402968,6.365303791,137.1941373,beans
92,55,61,21.6116267,63.94942223,6.01614251,131.7626159,chilli
89,48,57,28.04324597,76.48496065,6.820665081,188.6172484,cucumber
79,42,46,16.34784702,68.60648878,6.504357238,113.9703624,lettuce
77,41,82,18.50513769,73.53812819,6.411049582,123.2158755,carrot
115,55,96,17.47611344,76.7134598,6.123024395,125.7290318,potato
83,44,58,31.36298491,68.46452442,6.4294596,166.390119,okra
75,43,39,18.89396343,65.4456567,7.013327409,117.4770482,spinach
31,53,47,13.80970375,76.44608037,6.445999645,114.0075818,peas
130,45,72,18.59055988,78.89400344,6.53928198,127.1142779,cauliflower
114,62,48,13.89928509,84.95672198,6.626755068,124.3112556,cauliflower
61,34,48,17.18596822,75.40312457,6.008506454,111.2322862,radish
96,61,47,27.10629831,69.80719881,6.777033738,136.0569305,brinjal
71,46,52,19.9837074,67.30115585,6.188414927,100.0821035,beetroot
107,61,47,25.50698578,62.99074469,6.676057128,194.7613906,tomato
111,54,105,19.60001203,82.67718236,5.914647697,129.7306483,potato
36,60,54,14.04620869,74.08824466,6.346894277,86.2517757,peas
100,58,66,18.67412203,70.57033981,6.5906019,145.5018379,capsicum
72,47,56,18.34764705,77.23075291,6.314075021,106.1822884,beetroot
94,50,45,29.91598788,74.65418247,6.194783831,187.6285124,okra
79,59,59,28.5135016,71.95393965,6.606131962,201.89597,okra
90,53,58,17.89050721,66.31605653,6.522510396,109.5559029,beetroot
115,57,97,20.23608921,78.59466983,5.398874209,110.79896,potato
90,55,56,22.02426818,70.89215176,6.521378332,114.2643752,chilli
72,55,40,29.79623465,70.52886189,6.540506663,153.351033,okra
85,54,65,16.66180648,71.21594598,6.992112822,101.7362011,beetroot
91,56,50,19.73478899,61.45279254,7.130843333,102.9174247,garlic
120,64,60,14.91376354,82.65717906,7.049055786,130.9158375,cauliflower
105,50,105,16.61898961,78.6774433,5.075885651,118.3316091,potato
126,48,53,16.183829,81.34882838,6.408183835,107.9737505,cabbage
75,44,69,15.43083147,71.9112622,5.773588265,123.8430841,carrot
77,39,49,17.61972397,78.68504984,6.562873417,117.8609362,lettuce
68,35,50,16.15577145,78.17637065,6.596263792,77.5092117,lettuce
135,65,60,18.26025888,75.98340588,6.360883556,131.2065226,broccoli
69,56,61,19.22431361,64.40450476,5.761544129,103.7227483,beetroot
112,51,62,22.0435495,72.18773961,6.769330105,132.9379311,brinjal
70,47,63,19.91850675,67.60787571,6.479732315,115.5711649,beetroot
72,48,56,29.07214138,73.84431213,6.562657058,196.1714201,pumpkin
86,52,84,15.3157445,62.53670338,6.262757673,116.0334131,carrot
103,55,71,21.13256206,77.44164149,5.832454845,104.4014111,potato
100,51,63,24.48862223,74.65439147,6.440959575,156.1371138,capsicum
97,58,57,27.25286147,68.94417226,6.403494301,126.2636744,chilli
100,74,53,22.75386836,69.82644115,6.149396589,168.5705704,tomato
64,39,45,14.2108377,67.35984531,6.381371278,123.1950136,radish
70,38,61,24.06098349,68.79865838,6.375253186,214.8972281,pumpkin
80,57,46,18.22213495,61.05706425,7.110447146,104.3825056,beetroot
104,61,55,28.34343583,67.29530665,6.346268089,171.2740397,brinjal
73,49,51,14.85553891,66.7701564,6.3974864,110.898651,radish
122,62,64,16.32221465,82.27135406,5.995018167,142.3033401,cauliflower
63,49,54,19.16990699,68.2268266,6.619711893,109.6734304,garlic
75,48,62,24.36867927,69.55529139,6.368001495,207.0613832,pumpkin
81,50,49,17.49644265,67.16144003,6.652122912,114.4063976,garlic
71,40,57,16.94703529,66.26082123,6.503898561,90.5243005,radish
86,40,52,30.09679978,71.67573158,6.748916774,197.1966712,okra
111,56,78,16.06397407,86.59121117,6.353512308,131.1085417,broccoli
68,36,54,22.85937514,70.05234168,6.645019157,127.7426743,onion
95,59,65,29.28708302,79.56451151,6.591877456,165.5207054,cucumber
64,42,48,17.67869343,71.40393071,6.689326056,117.2615962,garlic
79,31,55,17.79622527,64.75899025,6.540113839,137.2295602,onion
89,58,53,23.78500124,72.36618812,6.478151326,118.830157,tomato
83,51,56,14.44924194,69.21676156,6.460167856,131.4147067,lettuce
72,51,72,17.81322628,65.88267155,5.921382423,113.8591185,carrot
71,42,68,18.21457173,66.82627439,6.400143805,91.8406464,beetroot
36,53,52,12.77357622,76.7015213,6.559432932,111.2369387,peas
73,37,45,20.36801095,74.49871383,6.564615855,116.2146975,onion
107,47,54,13.89683165,64.87806179,6.424229555,108.8054205,tomato
100,54,59,24.80035595,71.76485202,6.504843317,188.4777896,cucumber
85,45,66,26.88834549,64.76292914,6.658832299,177.646654,pumpkin
36,70,42,12.79822565,81.29072971,6.583829314,112.1636606,peas
81,42,85,17.33975981,67.15333207,6.143066523,106.5435335,carrot
75,49,55,15.38004689,58.86704546,6.446641826,115.6223751,garlic
75,51,50,17.72557659,70.2536398,6.459271952,102.3945363,beetroot
121,64,48,19.31890248,78.78420634,6.576836404,122.026971,cauliflower
124,68,63,14.7434919,74.92195905,6.483922387,110.4471126,broccoli
129,65,63,17.07766054,85.0262587,6.151376233,137.6466986,cauliflower
79,43,50,17.77852685,82.18421814,6.928076172,103.7297488,lettuce
102,61,66,20.10848508,68.47215694,6.111457043,157.2009543,capsicum
94,59,61,24.82956892,64.14641464,6.01698371,113.6469695,chilli
27,63,61,24.65454161,77.65611654,6.554584688,154.5189792,beans
61,37,54,20.13709912,67.64571573,6.471178714,97.0765455,radish
82,46,45,17.38484522,64.12899064,6.641124551,96.0589844,garlic
32,66,53,16.75628536,74.03750711,6.414202108,119.1077803,peas
111,57,62,16.35053204,84.3472074,6.432739727,138.9209901,broccoli
73,39,48,19.9406324,69.67503984,6.655145884,94.7485793,spinach
73,49,41,19.72066512,56.93069831,7.178704235,128.0225496,garlic
111,57,106,16.28549263,84.53372613,5.156096382,124.539532,potato
83,52,52,25.8409343,75.98823743,6.625470018,157.4030029,okra
89,55,59,25.5961821,62.3033296,6.977901517,130.3825261,chilli
76,39,45,17.9094914,63.06759478,6.94774309,93.7283559,spinach
67,50,44,14.14947557,70.90848993,6.644765393,115.6050913,garlic
81,37,49,17.96686318,70.73329805,6.747686084,107.3586352,spinach
84,42,46,26.19438215,75.23705879,6.423366035,154.28818,okra
96,43,87,19.74124018,76.12919519,5.603951165,119.2961913,potato
121,60,62,15.72661376,86.94193508,6.65927976,143.7006081,broccoli
63,41,46,15.50349777,73.23711354,6.446820021,112.7655186,lettuce
114,65,60,26.45814938,76.29727205,6.267301897,166.272316,brinjal
87,61,59,25.95164667,68.03543081,6.146118983,154.6680841,chilli
112,63,63,20.24898204,69.37561106,6.653851134,142.5402428,capsicum
70,40,47,15.72724967,68.92659229,6.33599131,123.3395777,garlic
82,41,107,18.25629816,77.26406665,5.50553018,125.2137256,potato
35,62,52,20.11720667,67.50834129,7.125792948,132.7402349,beans
36,47,46,19.85445992,69.81494396,6.640727665,138.3883268,beans
115,65,59,26.48624692,70.82302998,6.606975016,146.3936536,brinjal
76,30,52,17.54545676,71.69085905,7.093616571,101.8047787,lettuce
90,53,59,26.55571331,70.28194932,6.525430802,162.4701766,chilli
104,66,62,27.38295614,66.16326219,6.761696191,144.5835501,tomato
111,53,96,19.15754807,66.60582952,5.84462971,93.9042933,potato
80,49,65,17.8951911,74.81642207,6.611722929,109.2559519,carrot
75,47,60,19.46669601,73.46698695,6.578285756,99.311647,beetroot
80,41,58,20.72225954,78.40673246,6.613101929,93.5885586,onion
128,63,63,17.83422603,80.71701451,6.541704015,138.8816474,broccoli
86,49,47,22.22805853,56.59987956,6.6361456,170.8129076,chilli
112,61,62,21.07024348,87.24077942,6.716146198,99.0478519,broccoli
91,52,57,24.43886282,67.60412881,6.444302307,112.3416256,tomato
68,42,58,25.68148282,72.41058211,6.425550961,192.6645062,pumpkin
71,49,60,18.72490174,67.94029851,6.354639228,86.4396963,beetroot
72,49,54,28.57295109,64.82342596,6.634941128,173.4692829,pumpkin
66,41,72,18.31610698,67.61350532,6.196008268,98.6510473,carrot
93,36,50,17.77258824,62.71990996,6.377646182,119.444448,onion
40,55,51,10.86608126,79.62836153,6.988264924,98.0617238,peas
74,34,47,18.16905397,71.64086313,6.554117957,95.4896155,spinach
77,34,51,15.23400157,73.73627395,6.489285938,110.8912843,lettuce
76,44,43,14.93496345,74.31775157,6.44706009,123.6313742,spinach
66,33,54,17.78403263,67.54807551,6.523614711,114.012497,radish
128,67,59,15.22542697,86.22692172,6.859022337,135.7789349,broccoli
118,61,67,16.80674188,90.39175736,6.368592267,125.3888842,cauliflower
122,52,51,17.58604388,76.69411149,6.609463541,134.0350799,cabbage
67,41,53,17.68208255,74.2975454,6.375657617,118.5745971,lettuce
75,41,44,20.32567912,67.86708004,6.458376629,118.0719373,onion
77,50,49,16.57274221,65.82406635,6.606844011,93.3756738,garlic
29,67,41,12.38696034,84.70880204,6.391215313,94.221456,peas
33,62,51,21.11863439,70.23639125,6.220887286,154.8179237,beans
93,52,104,18.39101065,75.79877938,5.29851299,119.6166889,potato
82,55,78,18.72332212,75.0447525,6.299921582,95.8175105,carrot
115,61,54,19.10677797,81.8642991,6.10131101,130.0483956,cauliflower
75,48,48,18.04118035,69.20716772,6.371876652,96.1443566,beetroot
130,66,58,21.97776928,79.64265374,6.558555103,127.9433232,broccoli
100,62,67,23.78568637,70.53797625,6.154610234,124.8757944,brinjal
71,37,47,17.74947924,70.76740948,6.051711624,109.4201639,lettuce
91,55,49,27.28384111,76.90909529,6.157967899,188.7715858,okra
80,51,65,16.93566287,65.57058227,6.280694739,115.1101239,carrot
128,66,61,18.95736236,82.62436295,6.67188768,106.0732444,broccoli
111,68,55,16.3266889,72.94732986,6.364905915,127.9777412,chilli
99,62,117,18.6544855,78.15201391,5.536009398,129.2027696,potato
70,35,47,20.3545869,70.40297342,6.726717634,105.4888611,lettuce
64,56,60,17.59469347,69.72338402,6.559135548,119.2047523,beetroot
87,54,78,18.73746629,69.57518919,5.818081855,106.6533993,carrot
80,47,48,28.53610086,74.86069756,6.389776261,180.3224958,okra
123,60,66,17.77224678,82.0601357,6.350087622,130.1688792,broccoli
120,60,58,20.29205515,70.64997423,6.495847414,123.7301749,cauliflower
40,69,35,14.8685273,72.29340316,6.624777627,111.5351264,peas
95,41,82,17.65439653,71.08768062,6.410326788,101.2021256,carrot
35,68,41,12.39955453,75.78922818,6.404592226,118.881508,peas
98,45,105,16.65229803,78.11272463,5.497264301,136.2884335,potato
95,52,64,26.82271372,71.14138241,6.418346555,169.7807059,chilli
108,49,55,21.82271526,73.64153311,6.642933356,147.8269987,capsicum
118,68,59,16.22446098,85.99052831,6.428301441,134.1141786,cauliflower
109,50,93,19.04733497,79.57394154,5.768557966,129.527577,potato
89,41,70,28.50508146,74.88392231,6.368105349,188.3493018,cucumber
62,32,54,18.28685787,64.69453886,6.201942597,130.1381591,radish
79,47,43,28.81812988,74.66651153,6.130014872,170.8960219,okra
118,54,95,21.23596232,75.57714031,5.722628612,124.4893887,potato
77,39,49,14.64099441,63.16678594,6.453208613,125.3151679,garlic
72,31,59,17.87780498,65.00480082,6.704200394,124.0054495,spinach
74,37,56,13.59297736,80.55099413,6.711211362,123.3485837,onion
73,36,48,15.96238723,64.72296856,6.404755825,133.1158377,onion
135,56,60,18.36690845,84.47739718,6.503595499,127.2825315,broccoli
76,63,77,15.99189081,67.61814301,5.855938417,109.032803,carrot
114,46,91,18.70712333,75.79110782,5.689879545,123.0438453,potato
107,49,62,19.2285724,69.50066153,6.179742702,160.9822684,capsicum
74,44,50,20.80577684,74.11387371,6.601567151,128.0744412,onion
26,60,55,21.53780811,65.9770088,6.709986135,165.2855263,beans
71,54,45,16.15709795,65.73842812,6.660783664,104.3575599,spinach
85,43,45,23.25794635,65.85614622,6.66161156,125.5093097,onion
37,65,48,20.35791133,67.68673973,6.589729396,124.4031016,beans
76,39,44,16.38759743,76.1082812,6.446108014,113.2180034,lettuce
63,57,53,16.82331989,71.63191903,6.661511336,96.7019036,beetroot
66,46,37,15.19537995,60.02517359,6.292178026,104.1086126,lettuce
124,57,61,19.26380068,78.38239799,6.296053069,132.7952584,broccoli
100,51,50,19.85528964,68.61612737,6.479325564,157.0428706,chilli
70,62,59,20.98785629,66.67736535,7.106544501,114.420224,garlic
38,61,44,21.0181844,70.51415192,6.056004438,125.2857991,beans
127,53,44,16.63387929,81.84277085,6.373100643,124.0063196,cabbage
79,45,52,19.7937775,78.54002866,6.610258959,99.9370321,lettuce
76,42,45,21.24651338,75.96548167,6.698228378,129.0848428,spinach
66,45,54,15.9634922,63.65614732,6.124687614,121.7136643,radish
78,37,42,21.54080032,65.86919664,6.266016633,76.9160668,onion
120,65,60,18.79084197,78.16972418,6.352666942,119.4963364,cauliflower
107,51,59,20.84145577,67.67135123,6.572588681,92.1679939,tomato
105,56,108,18.68877012,77.71933715,5.00171172,126.4442733,potato
118,69,61,19.2719355,78.71169595,6.195178883,118.1666027,cauliflower
75,42,54,22.10819117,69.83790024,6.313359162,115.0185809,beetroot
95,49,51,29.66631553,69.47900282,6.572849677,125.8491229,okra
85,50,53,20.73973645,65.43433684,6.777669421,113.3047548,garlic
62,44,62,19.21901979,75.66915187,6.70727461,101.0978821,garlic
113,68,63,19.5719482,84.35532781,6.541741906,142.528164,broccoli
35,52,48,25.47708387,73.27523336,6.494769741,168.4418491,beans
28,60,49,22.80396135,72.46603221,6.594924919,135.3279921,beans
67,37,47,16.03117391,55.06973827,6.677077687,97.9967537,radish
115,64,59,21.43337819,73.18266221,6.480659921,122.6151301,capsicum
135,63,62,19.23278858,80.39977026,6.486224638,114.1721941,broccoli
83,40,76,14.36404155,71.03884918,6.276385321,115.0353197,carrot
66,36,55,17.58358948,64.84911027,6.356573067,133.562634,radish
92,46,63,28.19881504,67.83500748,7.039780289,141.3697209,chilli
76,43,49,15.26388344,70.36964262,6.347121049,119.4505199,lettuce
105,58,53,17.36870205,69.94364478,6.579531154,168.8429616,capsicum
121,70,54,15.31773993,88.11192629,6.799190806,130.1854429,broccoli
71,48,54,18.36843446,70.43980555,6.442032873,105.8957919,garlic
67,49,38,18.67380653,69.80909751,6.918909073,107.6720625,garlic
37,57,55,11.78049974,79.29298875,6.113107551,112.4473263,peas
126,58,68,19.27464937,88.46520017,6.151816132,124.5853925,cauliflower
125,70,52,14.85357412,77.51965947,6.797282445,146.0732191,broccoli
114,55,53,21.99326923,74.54040005,6.480033921,119.7890509,capsicum
69,41,53,19.0241359,71.3844089,6.365142552,112.0768118,lettuce
79,33,38,14.04585571,71.02933415,7.145072975,116.5190836,lettuce
117,48,46,18.11628796,81.27510331,6.270125392,135.8556484,cabbage
126,58,58,19.53248595,77.83922512,6.986298769,103.1469672,cauliflower
38,71,50,21.45817053,70.96311275,6.531096192,127.5755936,beans
29,64,62,23.24955409,64.0354394,6.409692452,141.8373639,beans
97,46,58,24.12107352,82.47697967,6.226386061,209.0551109,cucumber
38,68,44,17.17888257,79.13564423,6.498234274,105.2294156,peas
111,54,61,20.89752833,74.50233837,6.355345682,145.3913066,capsicum
78,49,45,29.3903305,70.49746536,6.139036622,188.8332513,okra
129,63,64,18.64868042,79.86909801,6.709915966,108.7097895,cauliflower
117,53,62,16.31135193,82.40993857,6.379293102,103.626099,cauliflower
36,57,47,10.59042819,77.00818317,6.380007963,103.8082281,peas
40,63,61,19.46104655,75.29029168,6.172114008,142.3601985,beans
29,57,52,27.1352311,74.42161802,6.618159941,147.9620238,beans
106,58,68,18.03520643,68.99461812,6.704018348,151.9667899,capsicum
78,47,68,21.09279737,68.13134324,6.883907745,131.3973742,beetroot
114,58,55,22.91187164,76.73419641,6.16706733,131.9412953,capsicum
32,54,51,19.06592402,68.02431628,6.788228314,168.5097356,beans
34,63,48,9.60499799,83.07485558,6.547555805,105.444506,peas
72,42,46,18.06452962,64.42466712,6.25435378,103.3448811,radish
74,57,35,19.0197745,70.87095483,6.786740717,109.2215427,garlic
35,66,52,13.12950361,72.36415701,6.568750575,92.0947758,peas
77,48,55,18.69929951,68.80413401,7.027585663,102.5022655,beetroot
76,50,57,19.65170534,60.54854565,6.366306936,104.1805335,beetroot
77,52,56,21.72573824,68.49865357,6.774865943,105.7800778,garlic
132,64,47,20.64523568,82.37383397,6.598011126,114.6212467,broccoli
100,55,63,26.54623687,74.00715097,6.299303472,169.338192,cucumber
117,57,62,18.69668348,78.40867973,6.378073657,137.8919961,cauliflower
72,39,60,21.28467824,72.21223725,6.716322439,170.4624708,pumpkin
125,52,52,13.57146363,85.27013804,6.706914377,135.1226035,broccoli
98,48,57,28.00326365,77.57381811,6.413164731,157.7281348,brinjal
122,66,64,18.03036589,78.1007737,6.661396928,125.2325749,cauliflower
99,61,64,22.76822643,73.19859075,6.479730461,142.5281948,brinjal
99,63,54,29.1976458,61.10375276,6.673455863,157.497925,chilli
101,50,62,23.54379909,73.11192976,6.230505222,150.6682825,capsicum
73,41,43,19.18984042,71.95089387,6.570981972,103.0759467,lettuce
105,59,37,21.99184073,71.77754089,6.537914318,124.6436608,chilli
103,62,66,27.74463076,67.42792275,6.446047456,148.8356051,brinjal
77,61,51,27.95506847,68.35353079,6.495020401,175.0423976,pumpkin
103,58,53,23.65553249,73.85747945,6.03483442,155.6944498,brinjal
90,51,58,24.51399489,62.70540172,6.391024633,153.1632133,chilli
77,34,51,14.68872128,70.58528065,6.868624342,98.8851306,garlic
83,56,60,27.67566107,77.59202113,6.089391842,195.0174556,cucumber
131,66,52,20.18094434,86.17992198,6.265511648,144.1837711,broccoli
40,65,43,20.83512255,75.29195437,6.51038546,123.8946073,beans
81,50,63,16.39435111,67.70410855,6.281083599,133.6705061,carrot
79,41,49,18.59029709,73.61976542,6.290335591,101.8290941,lettuce
101,52,67,15.37257548,75.45753426,6.873825558,88.1652442,tomato
52,51,60,21.79782385,73.23890712,6.618937998,191.7927846,pumpkin
114,56,45,25.17555851,75.65389493,6.361288971,157.7073525,brinjal
101,64,71,19.49140373,65.33949881,5.999651967,147.7429779,capsicum
80,47,65,25.32620975,74.61426279,6.531418052,173.3845021,cucumber
83,51,48,18.21914316,66.33424627,6.600494211,128.3944803,spinach
71,42,54,14.54757208,67.35819983,6.229972248,106.6331395,radish
74,35,55,12.24203811,70.68881978,6.489584994,110.1909039,lettuce
45,63,37,25.04180873,76.35851809,6.410178674,150.7589532,beans
75,36,51,17.5669536,64.24303384,6.933137867,121.1471842,spinach
60,37,44,17.5506402,72.30008486,6.298934266,120.3129711,radish
81,50,60,23.91432164,65.12931141,6.559035602,198.0992408,pumpkin
81,33,51,18.04592932,65.88553327,6.617272804,138.5742461,onion
94,48,51,15.27347887,83.54529327,6.359105756,141.0657084,cabbage
94,53,54,25.94747841,75.50195818,6.48674521,180.6298312,cucumber
80,40,49,16.25761394,68.28861295,6.784559308,96.2799321,spinach
124,54,46,15.19519872,77.83182235,6.302559416,115.7769442,cabbage
95,45,59,23.00510666,83.4529159,6.224093482,170.2222776,cucumber
125,60,56,19.96402197,80.27691357,6.167337729,115.7480118,broccoli
116,72,60,22.02107076,72.80695462,6.506073838,148.2066187,capsicum
78,49,68,22.30200995,72.5586067,6.516256158,196.2656081,pumpkin
70,36,48,16.33538307,70.73481385,6.789666756,116.0970526,lettuce
131,70,55,20.15369629,73.32129033,6.20145265,113.4946585,cauliflower
132,64,61,14.53955575,78.89290436,6.208294308,100.8198987,broccoli
118,61,57,18.37137716,88.03652405,6.651401558,131.1033005,cauliflower
58,33,48,17.14434626,73.95693605,6.617967487,105.3989847,lettuce
88,55,51,23.014379,70.00344419,6.639433605,163.8481732,okra
64,43,47,17.15486316,62.75004524,6.360352279,113.9030201,radish
95,50,65,26.66887703,83.91228759,6.051602621,182.7184913,cucumber
127,49,54,23.51043549,80.77755754,6.682739744,117.1920821,cauliflower
97,52,60,23.11065828,68.19516917,6.847798941,112.9734168,tomato
69,41,46,19.72964888,68.60561219,6.674612953,100.6088168,spinach
83,33,53,12.10532025,71.64265654,6.778011711,103.3818112,lettuce
66,23,47,19.52780582,66.43842213,6.183443152,97.5025646,radish
85,44,76,15.80539494,65.64453269,6.090684392,102.7054969,carrot
108,62,55,26.84878788,77.11807468,5.534954348,159.0494065,brinjal
89,36,59,30.31423448,72.48737786,6.688354368,181.9965263,pumpkin
65,48,60,21.41057811,77.55465808,6.535594478,187.6270567,pumpkin
75,55,48,30.53716647,73.96565103,6.155355954,208.4925546,okra
86,54,66,24.74269139,76.88994552,6.040922688,175.9307772,cucumber
71,42,55,22.15685993,71.98419074,6.348640982,98.67284,onion
102,46,87,19.30868599,80.60080471,5.470247241,147.6995549,potato
73,44,69,24.10081746,74.65458539,6.764891393,168.8943901,pumpkin
101,60,67,18.90546125,80.66516687,5.91437366,136.2053726,tomato
79,47,55,24.80540037,71.82157387,6.835545033,141.3182451,pumpkin
77,32,54,19.76648841,67.27808035,7.138621514,124.4812936,onion
62,39,54,18.67215083,70.00045132,6.424889727,120.6133092,radish
77,31,53,13.7756274,78.23672916,6.487805934,95.043278,lettuce
116,42,50,18.35341576,78.36897528,6.703856785,126.1295051,cabbage
77,29,53,16.28222482,68.23973052,6.555475388,140.4098789,onion
74,51,86,19.97089937,71.47661837,6.186115118,99.3291101,carrot
74,48,49,16.57067177,66.56035563,7.007789678,99.0478549,garlic
123,57,54,17.62229825,83.85315412,6.408702934,126.6976742,cabbage
92,44,62,25.81035154,69.9408693,6.273059061,148.9127329,brinjal
59,47,57,16.22672166,70.69102715,6.005356804,126.8517954,radish
82,54,49,25.20821491,61.53131244,6.586578178,130.5492735,chilli
78,45,61,24.17186358,68.40936246,6.340628141,172.4918511,pumpkin
30,55,55,25.05948406,75.79718599,6.630999739,141.391146,beans
120,61,65,19.00166318,78.48610479,6.685614728,117.3489495,cauliflower
87,55,61,25.85135352,68.13733355,6.409375249,154.2126786,chilli
32,57,47,13.02117153,67.01880179,6.601258846,99.8533739,peas
101,58,54,25.92998478,68.75599655,5.865786065,154.6559007,brinjal
141,65,71,16.74125158,84.80752901,6.834629877,114.244,broccoli
94,46,54,24.3878558,65.07136977,6.651213955,126.7435595,tomato
118,57,52,14.37672031,84.87364679,6.555755076,125.1258558,broccoli
100,53,43,20.94838669,68.28642742,6.259316819,135.9678572,tomato
90,65,53,23.82732428,59.1367103,6.451141288,152.5472621,chilli
83,48,57,27.18833731,67.746582,6.755406191,158.8802038,pumpkin
79,44,74,16.39006704,66.44920033,6.196596084,104.268253,carrot
130,46,54,15.36209915,85.56099,6.434367868,126.6390146,cabbage
104,49,108,20.08531132,80.23124123,5.503105786,100.3224565,potato
98,41,57,25.3410214,84.69943869,6.231299424,135.9751305,cucumber
74,30,49,19.63475747,74.05379897,6.626162337,104.6371976,onion
92,43,64,29.37837787,84.67969113,6.605987188,176.0475906,cucumber
75,47,57,23.31065838,70.27417742,5.969978196,165.2787269,pumpkin
75,38,42,18.51520171,75.56876704,6.379070215,100.7236435,spinach
124,44,43,14.71646122,86.4507535,6.274147321,138.4047325,cabbage
59,40,54,14.33427345,68.65464585,6.033387962,129.0787471,lettuce
99,53,71,30.37018979,75.25313863,6.705971248,187.6633638,cucumber
91,36,55,15.21439797,67.65345524,6.525703561,117.7891206,lettuce
75,27,49,24.26824441,71.70486161,6.693079497,138.5419608,onion
78,39,52,19.35284684,74.904144,6.814721551,111.1361767,lettuce
84,45,65,24.91652608,79.01277921,6.408711847,163.1901403,pumpkin
110,51,58,18.99132435,72.50729874,6.326731665,152.6514315,capsicum
81,33,61,17.71209619,65.26398393,6.322742774,119.7929725,lettuce
29,57,57,21.3206749,64.52107335,6.484174194,138.8211741,beans
84,44,81,19.78590774,75.31848081,6.197578352,118.5478659,carrot
76,46,61,17.33837896,71.52194584,6.583264609,106.2166618,beetroot
60,44,51,16.45308831,75.59493993,6.62175412,97.5662771,spinach
120,60,64,15.35758154,94.38635558,6.507141441,126.7038734,broccoli
75,39,51,17.57118944,69.69624418,6.405232131,119.7832159,onion
88,47,49,27.88313976,75.30561327,6.186793566,178.9691558,okra
92,38,48,23.98458243,70.22492004,6.591177554,152.4750352,onion
92,49,103,18.48203582,79.68768302,5.984113381,126.8030145,potato
65,44,46,16.32078326,65.29571714,6.157017863,119.78389,radish
95,52,61,23.94005545,78.18431689,6.031577835,181.6216509,cucumber
69,54,71,17.76646817,65.45776863,6.734712838,106.1450868,carrot
84,51,65,25.24873267,83.40445636,6.623186322,213.2746566,cucumber
74,46,53,18.14937169,68.09000155,6.490949943,105.2999527,radish
127,60,58,16.33585906,77.66012805,6.216100684,129.8628803,broccoli
71,42,48,12.65605506,70.10923089,6.232460384,113.2056356,lettuce
85,61,54,24.17118941,66.88650813,6.69321196,151.7473983,chilli
100,59,58,28.23366755,72.74566468,5.980510478,184.0279323,brinjal
40,57,48,21.65894462,68.88676579,6.389142645,135.9459445,beans
56,56,56,27.71641937,74.96429512,6.280825729,193.209199,pumpkin
77,55,55,24.96342373,69.10278986,6.578611148,172.8208323,pumpkin
26,53,58,22.11490234,71.02966785,6.200198919,146.715444,beans
134,58,64,17.61083067,82.1354822,6.381619155,122.8202583,broccoli
68,33,50,19.12314694,67.20532346,6.392716948,98.1039873,radish
97,55,64,24.48695015,66.38337136,6.500448718,141.7656113,chilli
82,38,58,21.47292485,70.93951114,6.632576254,137.6021079,onion
93,61,48,21.7131589,72.52493639,6.759726558,109.9925898,tomato
100,54,59,24.4575994,70.90412154,6.128487561,167.6557551,cucumber
110,60,59,23.40156727,72.93114697,5.972970807,110.5814093,brinjal
31,63,56,18.26702547,71.32486105,6.570782706,138.4691541,beans
40,68,53,21.46152928,72.56445799,6.118753765,137.9933094,beans
69,52,64,18.42127089,64.79511856,6.61405083,105.1754084,beetroot
27,66,56,11.50969885,83.43047853,6.464104603,115.0221747,peas
100,44,44,21.16053825,78.34510763,6.422122595,102.4214262,tomato
31,64,47,16.81723899,77.49701481,6.667817534,118.9522874,peas
75,40,50,19.83974303,72.07569296,6.451447282,102.6062785,spinach
102,52,63,24.33143638,80.73638693,6.371152163,139.5483306,brinjal
36,66,42,14.81537947,80.32399816,5.985209879,119.5820161,peas
95,48,63,24.77403346,77.77183533,6.595996861,186.8365043,cucumber
81,41,48,21.7600814,66.10038537,6.674259459,99.8103048,onion
109,49,52,21.01972962,62.68242526,6.588836083,146.5263818,tomato
124,57,51,16.53041295,81.99716562,6.149918453,127.2541839,cabbage
126,53,54,16.06051256,82.44214127,6.343421181,130.928767,cauliflower
135,45,57,17.74979619,76.4027753,6.473529859,94.7996819,cabbage
91,59,69,20.71667474,73.2092916,6.675119393,143.9385703,capsicum
86,40,110,21.65962861,83.53709127,5.669172736,128.9213151,potato
58,46,53,14.9990469,62.0848915,7.018066476,101.1514412,spinach
102,65,42,22.46158465,71.29941397,6.734546862,109.0762322,tomato
128,72,67,20.28858614,76.4485258,6.690965088,124.3627184,cauliflower
122,65,59,17.62770356,77.0053463,6.696370647,117.1765742,broccoli
66,38,49,20.72721459,66.24629053,6.45290039,110.4507602,radish
97,63,50,26.27630066,65.88433448,6.694399015,118.1186241,chilli
73,50,52,13.83133676,65.76707895,6.45320633,104.942204,radish
76,33,48,18.06743811,69.07437432,6.321294453,124.3629314,spinach
94,66,60,17.46368618,70.79730256,6.492660302,145.0042857,capsicum
55,41,51,20.32529612,68.72135476,5.964197652,98.4877405,radish
130,68,66,19.13352076,86.27456888,6.229587226,106.972817,broccoli
105,62,67,23.33444521,70.60224269,5.968229375,156.8247561,brinjal
83,50,61,20.88970057,70.31831139,6.889657004,83.6762249,beetroot
113,55,58,14.80821206,79.04388537,6.663082585,142.1276644,cauliflower
79,55,49,23.56044411,66.40127398,6.350126075,156.739147,okra
104,50,80,16.59099691,77.42364978,5.137091577,128.9989309,potato
123,66,61,21.22462306,86.78995416,6.385876098,103.4584496,broccoli
80,42,49,27.65430865,70.25694201,6.488463374,164.9854079,okra
124,53,59,14.62298962,77.51981031,6.667727812,132.2454862,cauliflower
30,55,48,18.28156388,72.34881997,6.811825913,142.0323706,beans
76,43,47,14.71777669,78.63547878,6.746148224,119.4880678,lettuce
102,67,61,26.38810389,66.91975565,6.286086756,135.0248115,brinjal
69,43,49,25.92303374,69.75227954,6.142773848,203.7845292,pumpkin
82,61,76,16.19186342,61.8041579,6.364493995,123.2465281,carrot
47,48,52,18.65964612,67.75289575,6.340856955,102.8326528,radish
68,42,54,18.34293864,72.61059241,6.295649052,115.6154051,spinach
102,59,62,23.8879384,76.9722195,6.376958093,221.3645208,cucumber
78,35,60,19.47234256,68.49281923,6.610297075,120.6540367,onion
86,59,57,22.62623213,71.73224105,6.295992584,145.8063424,tomato
36,68,57,13.9416546,78.55727852,6.777727786,91.9903758,peas
85,53,87,14.68675358,65.90220745,6.116174135,118.6577519,carrot
89,43,54,28.42137945,71.21973356,7.04760425,153.2359563,chilli
76,39,63,15.49108901,69.01495865,6.593538634,136.2867949,onion
86,47,45,24.48912421,69.21940257,6.494629091,165.9417712,okra
102,66,54,19.79932268,74.37415773,6.400612023,158.7693443,capsicum
134,55,43,17.93310499,87.31573328,6.477361704,133.0917651,cabbage
79,50,44,17.32048198,68.9264299,6.796601553,103.2854446,spinach
26,60,51,24.2139427,79.12673915,6.158830919,139.2128922,beans
53,42,49,20.2692794,65.31233076,6.249170429,123.46644,radish
121,47,48,19.51017814,87.36184421,6.140083753,129.956789,cabbage
108,54,60,28.7020315,71.94988414,5.967323717,136.4406454,cucumber
26,62,46,16.14905958,78.90107889,6.651690538,126.9283078,peas
71,40,46,21.45860173,62.03568031,6.49988032,110.4097267,garlic
96,51,102,20.36617992,77.61881787,5.583706458,129.1184476,potato
81,45,43,17.43162424,74.27116604,6.66139952,118.4475761,garlic
75,41,46,16.82428739,68.9224434,6.316644745,114.1990846,spinach
96,46,51,23.08224631,63.92966089,6.71504566,152.1539007,chilli
26,58,48,17.1748012,79.59998621,6.541464757,120.0438939,peas
114,60,54,22.69992157,64.37255476,7.233725594,143.2305295,tomato
35,63,54,23.97874359,71.31275814,6.463342056,175.2366284,beans
116,58,51,17.74661463,84.66369701,6.484317322,130.067286,cabbage
97,55,62,22.59713335,76.48374605,6.713925717,148.9883016,capsicum
68,55,79,21.88243487,64.48670769,6.205498025,112.7773511,carrot
124,46,94,17.06528921,75.77809152,5.308783862,137.835248,potato
72,50,48,18.24545782,73.14778914,6.46886288,96.0474747,garlic
67,45,57,24.10998995,72.8957075,6.013368678,157.6414478,pumpkin
78,47,53,17.61908378,73.1760656,6.124211233,97.4640016,lettuce
79,44,57,25.98981791,71.83496139,6.687436369,139.7019753,pumpkin
97,58,53,25.08440601,66.6484889,6.500557906,135.8803438,chilli
93,66,59,21.07510615,73.60256655,6.242384749,156.8453396,capsicum
76,41,62,17.44975714,66.72895642,6.629144628,122.8581912,spinach
34,48,45,24.24124918,61.03829431,6.796856788,147.8184499,beans
105,54,55,24.95051721,72.68264652,6.086193822,148.7678608,chilli
44,45,49,28.86013445,48.5350423,7.51853543,84.6628783,lavender
91,55,51,25.75954649,60.88625002,6.630740088,131.7989099,sunflower
72,47,54,23.27378391,61.25067876,6.847864492,107.4530683,petunia
55,43,47,24.27805737,81.81950844,5.422233029,177.7266662,orchid
102,60,74,20.90871284,76.2867215,6.459044952,111.8466602,gerbera
88,58,71,21.61786252,73.73424984,6.752595931,113.9073988,gerbera
63,39,51,26.57772685,81.46798734,5.303732315,222.8601411,orchid
67,46,45,17.89099461,61.68241447,6.785510423,91.3232549,poppy
98,59,53,20.61587674,63.20848843,6.78941754,120.5289533,rose
85,53,46,19.66720228,64.69389118,6.438270418,86.8882662,petunia
94,70,67,20.82706087,61.14746188,6.606161712,118.2819023,rose
92,51,77,21.8478762,71.2266362,6.579359466,125.0678976,gerbera
94,58,71,15.70058505,71.22556196,6.6861466,117.7033656,carnation
92,57,63,23.55126072,71.54607742,6.555389618,138.5212787,lily
78,68,64,26.97264172,58.33530651,7.123137744,116.1464419,sunflower
78,37,48,27.75239909,79.83338982,6.331135122,157.4504883,jasmine
83,45,74,24.31667992,66.2846083,6.824751051,159.0031945,hibiscus
73,50,56,22.95766082,63.47469324,6.581998356,110.3449379,marigold
66,45,45,22.84065738,63.16015121,6.818197172,117.1529779,hollyhock
36,36,52,20.86608429,49.05527634,7.272322824,72.7551088,lavender
110,60,66,22.03598955,72.10481901,6.424108919,119.0289919,chrysanthemum
76,54,57,21.24866004,63.06790313,7.203572189,84.5116751,hollyhock
97,63,74,19.68071427,68.77119517,6.864790249,107.5117188,gladiolus
79,49,56,20.65634008,64.70857639,6.388233951,119.8157785,daisy
88,60,64,22.06871908,71.00187945,6.486737002,105.3093408,gladiolus
109,63,58,22.81533256,62.99554569,6.477208106,117.226468,rose
86,60,78,20.24337828,72.91637933,6.419208084,113.2257483,carnation
51,39,54,22.46735495,80.94181641,5.809727996,141.168644,orchid
82,41,70,28.1724452,66.03217238,7.098417067,135.4085322,hibiscus
113,51,54,23.28758817,70.0551438,6.354514306,177.7909724,rose
97,54,66,22.88557703,73.94922095,6.767982466,109.4486066,chrysanthemum
50,41,53,25.92500577,77.09528257,6.358993816,195.3495869,orchid
75,63,53,18.42528862,70.04690463,6.658331707,120.3394628,lily
50,53,44,21.29249065,84.93790698,5.076864044,175.2945218,orchid
64,44,54,21.18196854,69.45201714,6.183676744,105.6991571,daisy
101,57,52,13.25035589,67.84582472,6.092181046,85.1508803,tulip
65,51,56,22.70232124,65.23595444,7.028368736,124.8378741,hollyhock
94,58,72,19.05055813,71.88259319,6.479061451,120.3962797,gerbera
75,45,53,23.19936846,69.36842416,7.275177745,91.6931395,daisy
81,46,42,24.79223607,65.9811185,6.928016789,151.2365963,jasmine
79,60,49,23.00425689,56.48272309,6.480720988,109.6024763,marigold
90,55,74,21.44015144,67.67966801,6.569955399,113.1834601,gladiolus
91,58,56,29.09991132,74.96850996,6.722630092,125.9705128,jasmine
77,63,66,19.66957661,72.28911586,6.124944535,108.3174444,lily
80,47,65,27.95508426,72.63008665,6.789901593,209.8492711,lotus
96,50,81,21.58939504,70.79034788,6.290977082,123.6961188,dahlia
84,56,60,20.86677494,82.04622621,6.039980564,119.5157908,lily
110,63,68,18.43495471,69.57549287,6.707330943,112.4201817,dahlia
104,68,60,19.8467895,74.09249631,6.361673013,104.4413077,rose
55,50,47,19.34185328,59.78703599,6.527889057,109.4241705,hollyhock
79,46,57,23.30499436,72.83482877,6.367450873,180.7418546,lotus
97,48,48,24.95145099,70.78728087,6.939982571,125.7553409,jasmine
75,45,47,21.47943308,62.30831445,7.016708275,96.8342736,zinnia
86,54,42,20.59797797,65.89737474,7.078775231,141.7221278,jasmine
59,46,58,23.50732944,72.79411313,5.453736323,171.4639161,orchid
62,42,45,16.90607931,66.29247211,6.778259852,104.5986475,poppy
106,54,69,20.86827463,67.32853877,6.334324948,133.2926532,gerbera
77,45,48,18.18703641,61.22084151,6.608407254,113.5903972,hollyhock
86,62,84,19.56299448,68.54285895,6.783905146,106.1998454,carnation
79,72,53,26.18408019,54.29447548,6.866653794,96.2197023,sunflower
71,47,54,23.36564493,65.66161188,7.066813538,89.9754337,zinnia
106,53,54,21.19562659,76.41573419,6.435929794,117.1690016,chrysanthemum
84,56,51,18.64685068,64.15401263,7.166284732,126.4373732,hollyhock
69,63,54,21.75434465,69.96797395,6.218122963,114.7394956,daisy
105,54,78,26.05960936,60.19639813,6.523095365,105.2036421,gladiolus
31,36,46,25.357898,47.96451627,7.540106549,59.1020033,lavender
49,29,56,22.62692249,86.65350422,6.020637696,154.2800059,orchid
69,43,64,27.80413165,83.59485121,6.58899326,213.0162438,lotus
73,49,53,25.4442525,56.65862257,6.814059355,117.3270289,marigold
76,50,50,22.32332907,59.8893849,6.701074781,107.6640357,zinnia
81,53,51,23.34715722,61.19771528,6.676623179,116.5948918,zinnia
72,58,64,25.83764507,59.26462383,6.840780277,86.9664182,sunflower
72,54,50,23.75813457,54.90489947,5.519399937,113.4054563,petunia
79,51,54,19.9884342,66.74929132,6.461203327,107.0123161,daisy
87,43,66,25.48710941,71.641674,7.172120265,156.8503202,hibiscus
71,59,62,23.78192859,55.29716768,6.710245725,93.6913109,sunflower
70,45,50,21.43334449,64.59659088,6.564022142,130.6212754,hollyhock
84,50,63,28.59401453,69.03507922,7.058659416,127.2154533,hibiscus
85,65,61,29.39655121,59.48842189,6.816747759,109.2031902,sunflower
57,37,49,21.07573225,45.48011987,7.882228071,86.2844363,lavender
106,55,51,20.38356779,63.67380799,6.706142491,133.2245964,rose
85,53,66,19.64484954,65.80801673,6.446462422,130.0458538,dahlia
81,45,50,24.16214215,61.45866306,6.331151453,105.0569212,zinnia
82,45,55,30.2895546,84.58697574,6.724859453,231.8334169,lotus
77,59,50,23.49543038,58.09786826,6.930381299,103.6833096,hollyhock
82,60,51,26.49771046,66.1480213,6.617355305,112.1873627,zinnia
73,51,41,17.01077802,57.34798857,7.122042259,85.1255887,poppy
92,69,74,13.72600902,69.92241451,6.414773031,105.1398003,tulip
83,49,55,26.48389181,60.23844546,6.896770233,152.9210429,jasmine
68,43,51,20.42441982,55.71809982,6.991403285,126.7412229,hollyhock
74,52,58,27.67201234,75.9578158,6.493664712,203.0747206,lotus
71,52,44,15.71936754,70.0712258,6.733367,91.0720931,poppy
93,46,49,25.03672049,68.86040675,6.89448413,148.1857778,jasmine
81,50,53,21.39036296,62.81527619,6.534838945,131.6893136,jasmine
50,39,45,21.0793617,45.9281308,6.664277615,62.9584149,lavender
40,39,56,24.24095412,43.68210432,6.895525029,67.8083665,lavender
107,56,63,18.85961687,78.87616245,6.275916835,122.631628,chrysanthemum
92,69,76,19.21918133,67.32897034,6.65493677,106.3723691,gerbera
76,54,54,30.18120833,75.7593167,7.335197243,209.7184892,lotus
91,76,66,20.91201667,64.5008951,6.81946913,105.5266905,gladiolus
44,41,51,22.63965305,76.86245186,6.142763745,189.8289102,orchid
62,32,46,22.00381074,74.98286059,5.72835827,216.1217824,orchid
110,63,61,14.97207258,65.81078404,6.770672763,94.3465042,tulip
81,48,56,24.84113894,62.4124717,6.387138652,98.3260653,petunia
78,58,48,28.0428963,78.08526421,6.999493269,143.5256953,jasmine
88,64,72,21.60365577,64.32792375,6.523094198,101.2245345,dahlia
112,61,71,23.05021831,69.38440645,6.506828345,119.4315516,chrysanthemum
83,53,51,23.12007667,70.72378426,6.461192243,166.1401071,jasmine
97,59,62,25.18639586,65.95246632,6.789845261,131.6772187,chrysanthemum
89,64,64,21.05047886,68.57400705,6.524417594,101.0325239,lily
90,40,61,24.0305869,66.41070699,6.86030947,151.3664041,hibiscus
69,50,50,25.78015533,65.43308172,6.321111119,87.0660881,zinnia
82,54,49,11.61437765,65.43309143,6.512225195,98.2609407,daisy
61,46,53,13.85761028,67.33284225,6.925613915,95.2460208,poppy
86,46,58,23.22489697,67.11784708,6.641888386,158.1043192,hibiscus
67,48,62,21.08799307,58.3813768,6.620965535,120.1871416,sunflower
106,60,70,21.27442329,66.27458061,6.178600221,90.6098423,carnation
46,35,39,21.15208378,82.71411668,5.110639189,150.3770855,orchid
81,65,55,25.09484459,60.73331597,6.637205854,126.0946707,sunflower
76,43,50,22.40861937,62.51539849,6.635250773,123.6542933,hollyhock
46,34,56,16.04259892,47.65140643,7.542268793,58.6335848,lavender
82,54,53,23.54942947,67.66764269,6.894664578,102.9871883,daisy
106,60,71,19.62005448,69.10055566,6.513512916,111.506583,carnation
95,52,80,17.79457739,72.62677491,6.755882661,102.1034413,tulip
86,57,59,24.81513109,56.1933621,6.758507495,98.625769,sunflower
63,51,54,26.30422436,80.5117427,6.784267338,206.1802271,lotus
96,48,73,14.59631693,74.55464067,6.764529581,104.4114381,tulip
113,71,63,25.95529188,66.40213804,6.532296868,119.2407125,dahlia
90,62,74,22.3868991,75.82281588,6.485802851,99.314771,carnation
68,61,54,23.9797479,54.01673842,6.895340873,122.8767667,sunflower
45,35,47,22.45512273,47.06436806,7.756535572,79.5387154,lavender
46,44,49,29.69907173,45.58194456,7.723348665,74.2636075,lavender
77,50,60,24.30371815,67.29882188,6.819795281,155.4059009,hibiscus
79,59,71,18.68858247,77.40881072,6.606016715,120.5917057,lily
90,44,68,21.18496876,69.56146478,6.461523693,116.1553793,dahlia
100,65,71,16.11379269,72.07300984,6.64609201,126.32977,gerbera
94,68,70,24.84264715,64.35487977,6.44867687,127.8132085,gladiolus
105,58,66,20.04798762,66.0469051,5.986804392,101.3009679,gladiolus
73,48,48,21.17190173,63.1169604,6.18694747,122.4460577,hollyhock
70,52,56,27.56576052,81.59930892,6.764477789,208.5064651,lotus
62,53,51,19.47891745,55.88100418,6.884349183,126.9693247,petunia
76,61,58,28.7246586,51.59638409,6.451450893,108.4511786,sunflower
85,46,50,20.11573089,65.37109612,6.538382116,108.8288733,hollyhock
83,60,75,17.7625664,71.28092959,6.704326551,131.4490212,dahlia
69,51,61,26.57444052,84.54098215,6.392127287,235.2558751,lotus
74,52,71,14.66851093,76.05054964,6.460461539,168.6463945,lily
100,64,61,19.0309319,71.97618116,6.696000695,117.740864,chrysanthemum
100,61,70,21.329078,72.3251657,6.496918276,123.2097047,gerbera
79,46,55,24.16306167,70.38540615,6.413463226,156.353986,jasmine
74,53,44,25.95602437,62.66580883,6.847735379,113.4700237,marigold
70,50,48,21.17125153,62.3214493,6.712156883,119.1340885,hollyhock
50,35,58,25.10581046,78.25363198,6.031869468,184.0139739,orchid
102,59,59,23.44056579,67.69328349,6.30937019,132.4356347,chrysanthemum
95,57,90,19.35301495,70.3626377,6.235972108,87.4365391,carnation
63,58,69,25.05221622,58.92280362,6.32195057,100.7545789,sunflower
67,42,46,24.88603496,62.9733578,6.627629183,114.2246648,marigold
74,58,71,20.43884057,64.62482567,6.277420538,119.0388335,lily
75,55,51,23.46380383,55.31467093,6.811316121,101.1802988,hollyhock
80,70,58,23.27791874,71.10272412,6.714896218,121.1970223,lily
75,51,48,20.79957604,59.62880307,6.692981812,81.4068518,hollyhock
104,61,65,22.05379585,71.23651112,6.450451081,126.1218896,chrysanthemum
85,56,72,19.00860518,62.02596089,5.969013104,128.6519634,dahlia
74,55,46,24.91252877,69.08320254,6.511909883,131.7493827,marigold
97,56,72,16.91140771,69.98230927,6.1200268,121.1150899,carnation
90,58,56,24.3663784,71.28363408,6.501364461,91.6690287,gladiolus
80,50,47,27.48594683,64.11214402,6.469469345,110.5891368,zinnia
73,46,53,16.32444643,55.45883892,6.424415062,93.2014636,poppy
94,65,84,18.49982191,71.58475006,6.163907903,139.1042988,gerbera
87,45,47,26.80595339,70.50866739,7.218089155,144.0054572,jasmine
69,51,49,17.07595194,58.18855584,6.446596821,95.7408161,poppy
94,57,73,17.2094329,78.37185638,6.866302626,99.3014781,carnation
101,56,61,18.00548471,77.12375831,6.333644425,128.6628418,chrysanthemum
98,70,78,21.42322257,69.89181426,6.420849139,134.6577178,gladiolus
46,40,52,20.17369886,48.78949042,7.234127305,77.7800722,lavender
89,61,68,9.52353753,63.51719939,6.348283706,105.492239,tulip
87,47,57,25.19608739,57.99596182,6.758297466,102.1826894,petunia
83,58,59,26.95051414,66.07074572,7.029695007,179.3975588,hibiscus
68,58,51,22.26940014,61.00042506,6.573037211,113.3628314,petunia
99,57,69,22.36938977,64.95270131,6.552591778,138.3640148,dahlia
82,49,50,21.38020994,64.2795055,6.49718369,121.9248832,hollyhock
93,61,71,23.39957112,72.95057063,6.157851475,108.7383947,gerbera
76,49,56,21.51404383,74.39788376,6.910942763,157.9981098,hibiscus
49,38,50,24.01969763,40.9688503,7.37117541,57.5124085,lavender
108,62,66,15.49319656,73.58365688,6.470706999,128.8897614,carnation
102,58,70,21.67268549,72.51295913,6.281039398,110.3304041,dahlia
88,58,58,27.17342451,68.77038767,7.417632891,118.509656,hibiscus
96,49,65,21.26129797,68.83135353,6.40035199,97.5520856,gladiolus
68,48,50,21.12643762,65.61223267,6.765242045,120.8942286,hollyhock
93,66,70,19.42496353,76.1255221,6.597046449,98.3567441,carnation
98,60,64,16.36052167,73.72403877,6.434789442,112.5818995,gerbera
105,63,71,20.03646806,73.29783442,6.049034302,91.2965255,chrysanthemum
88,50,47,24.72597549,71.64654816,6.588996691,146.1180591,jasmine
74,51,52,21.24550377,72.12147867,6.44302686,107.2305662,petunia
79,47,55,25.28317603,66.24688809,6.97576868,139.9778387,jasmine
100,57,61,18.37978915,62.3701449,5.984466734,116.7982927,rose
84,61,76,11.49015466,72.7388419,6.734478884,100.1499919,tulip
81,76,73,18.42001662,74.46065594,6.677352745,108.3133582,carnation
90,55,70,23.0873526,66.42405328,6.634442048,123.6766738,dahlia
125,63,60,23.36313543,81.37461621,6.717686661,131.3857572,chrysanthemum
65,54,57,26.62591014,76.65208817,6.696290219,211.7919764,lotus
47,29,40,25.04637179,45.81264618,6.903642578,90.2501475,lavender
86,67,73,17.8736618,81.94075967,6.566193828,139.1308611,lily
70,46,54,24.2626258,66.99096829,6.497952813,113.3479299,marigold
88,41,59,24.96794102,71.31223526,7.02132415,118.8827047,hibiscus
92,61,69,13.15152733,69.72066829,6.582377184,81.7939156,tulip
92,56,49,19.69536275,69.56871205,7.089098364,149.6569791,jasmine
76,43,50,25.96541624,61.38123868,6.914163233,111.1881734,zinnia
73,51,53,23.52309708,60.67254055,6.581195399,115.7592769,petunia
94,50,53,14.54843582,74.01093731,6.932868551,104.1927987,daisy
111,66,55,24.40844032,69.65112371,6.446618048,148.4518947,rose
68,47,53,12.6262461,60.99058607,6.875113426,103.8850546,poppy
104,47,59,18.73882625,70.6786902,6.309979474,105.9018032,rose
75,34,50,29.50127795,76.95578541,6.762897825,142.6254572,jasmine
67,48,46,24.53257174,62.2265997,6.858907826,109.1540147,marigold
76,51,55,25.7043684,73.30110436,6.948134629,152.3696147,hibiscus
36,37,49,24.26384719,43.96794711,6.969251304,81.1281137,lavender
91,56,79,16.43971224,74.94107724,6.360209041,104.4763188,carnation
65,64,56,29.29844477,65.97006141,6.470003024,101.756643,sunflower
89,64,74,17.69721767,71.29774422,6.667163701,101.1768105,tulip
99,63,70,23.30830946,68.79763863,6.338098023,122.3040508,gerbera
64,44,46,23.38797209,82.58170887,5.48888688,213.8469314,orchid
65,41,57,24.47669081,59.32370905,7.011971406,102.7326135,marigold
86,53,71,23.65548985,73.79454306,6.740496797,116.4448204,lily
106,58,58,18.57605674,66.22429781,6.611213384,114.9387886,carnation
45,38,50,21.29154741,52.43469768,7.626979476,73.3993161,lavender
86,57,51,23.00357415,65.42451196,6.777786304,114.6823113,gladiolus
89,62,64,14.11796844,73.78749,6.4143627,102.0455653,tulip
71,55,46,21.47884676,55.77348331,6.881802985,94.6348478,marigold
83,46,49,23.15332678,60.25657058,6.839296168,116.6647863,hollyhock
67,63,63,22.9892106,61.58142172,6.510526681,113.7974786,sunflower
99,54,66,16.78232689,66.82350728,6.228040613,110.9504351,gladiolus
84,58,58,23.85725936,69.59115176,6.840632277,135.0242184,jasmine
70,52,56,20.7496183,64.12808973,6.390974184,139.3492348,hollyhock
77,55,48,21.65581453,64.44868647,6.870786797,110.8600226,zinnia
64,54,53,16.24691511,57.64194637,6.269625742,96.2780648,poppy
80,53,64,28.8448298,53.50982078,6.424749154,125.264922,sunflower
60,50,50,18.79526405,71.96476445,6.924233491,113.5745143,daisy
95,52,68,25.42525463,72.79719829,6.491930776,118.9549833,dahlia
73,52,46,22.57481086,65.11119052,6.316925113,119.3762974,petunia
82,55,71,24.13404317,72.55954893,6.749029554,99.1466711,lily
81,50,63,32.95428383,71.30894443,7.04795199,142.410507,hibiscus
74,41,57,26.35308897,80.01179005,6.71640846,231.035494,lotus
78,67,73,18.61769791,76.00729941,6.37560729,108.2699476,lily
54,39,50,24.15134708,80.27081928,6.08181442,156.6103874,orchid
74,47,42,19.85639393,62.79286931,6.581314875,111.7825748,petunia
72,51,47,28.13939031,58.42157079,6.643938507,104.7232273,marigold
109,67,70,16.23947016,66.55596311,7.175756891,117.23206,dahlia
99,60,71,17.28533846,66.50975088,6.329662098,102.0912837,gladiolus
103,59,78,20.32121948,67.78088656,6.269396754,120.0883522,dahlia
67,50,53,19.12193336,66.41998881,6.405617213,125.0913574,petunia
66,51,43,17.67030562,70.00366932,6.405302718,129.2642715,daisy
70,60,69,21.90223231,52.12989894,6.749428252,110.7633155,sunflower
102,53,66,19.98911647,68.95295852,6.425075986,128.9105097,carnation
95,56,69,14.15715406,63.48506362,6.614542029,88.2433453,tulip
69,53,48,28.97286825,64.0045171,6.554010644,109.8775328,zinnia
69,55,47,15.28703459,59.80210206,7.078254856,117.3999677,daisy
73,57,58,21.87774864,63.73966781,6.507114395,88.8328227,lily
100,65,70,20.19640995,74.72544931,6.21157693,129.0567996,chrysanthemum
45,37,50,23.30375752,44.17698257,7.080389465,75.9284914,lavender
89,61,70,17.99195788,64.74046468,6.459186648,121.625146,gerbera
109,58,62,20.49003703,68.34635915,6.153296829,137.5167309,rose
91,68,73,24.06736515,72.90441834,6.631486045,121.1406641,gladiolus
101,66,60,19.30563806,65.13878516,6.403879325,109.0445005,rose
68,54,62,26.20041934,88.40363197,7.166924811,243.3223839,lotus
86,51,53,17.4296265,73.14552855,6.622884277,113.3306302,daisy
76,44,63,26.00418247,72.03044139,6.897954884,192.0764779,lotus
76,62,62,25.18988817,60.97072967,6.844674686,91.4350637,sunflower
84,49,50,24.56732044,62.06231619,6.371117474,92.7193894,marigold
92,48,45,22.38797701,64.13457364,7.316862139,133.4518745,jasmine
75,48,40,20.17620749,75.88937792,6.839275371,117.3096262,daisy
70,39,51,22.18072087,64.22330411,6.443368132,104.8348676,petunia
92,58,70,19.14302326,64.9325219,6.053764008,98.9242772,gladiolus
84,57,70,13.09090456,71.12538689,6.477150111,99.029458,tulip
65,56,46,17.51004316,62.95150063,6.623617604,96.6846876,hollyhock
88,70,61,23.79582886,67.59520949,6.975207954,114.0903752,gladiolus
103,64,74,24.79244857,67.62960242,6.032756481,109.1324881,gladiolus
103,56,51,18.84052736,63.91280544,6.47467982,112.818749,chrysanthemum
80,57,71,14.89843744,69.96077323,6.508610253,70.1400718,tulip
72,58,46,24.20424746,59.83351695,6.673895433,103.002526,zinnia
98,57,47,22.20095642,72.56354499,6.16946819,154.8475157,jasmine
93,57,59,22.84618276,68.59554642,6.121221266,115.4392885,gladiolus
65,53,48,23.91072292,61.86850206,6.71209231,120.7391607,zinnia
99,59,53,16.00387797,72.80183853,6.652226339,123.1448017,chrysanthemum
72,45,51,22.46776775,63.55369845,6.243187028,90.7858256,petunia
78,57,52,26.62027276,64.16007121,6.765541862,106.1178206,petunia
115,61,55,25.87787994,68.46269854,6.553789155,121.0127772,rose
81,49,47,28.63116884,73.30697906,6.790142308,159.3331072,jasmine
66,42,45,14.37566106,59.34664671,6.287455182,97.441784,poppy
104,58,54,20.55807167,71.0215649,6.350275156,105.3366713,rose
73,54,55,21.93098046,64.38960028,6.910351823,106.429238,marigold
81,64,80,22.98192091,67.6490053,6.375221527,106.5777182,gerbera
72,43,47,24.40364786,86.45119278,6.579149971,215.7667786,lotus
81,52,47,20.05794608,60.01913961,6.608696539,106.2448524,zinnia
70,46,47,18.58551018,58.85872832,7.284688933,118.8278617,hollyhock
87,65,70,21.54721575,78.55343893,6.595327403,124.6747928,lily
81,57,57,25.66469557,56.25312106,6.680160216,141.4958268,sunflower
105,64,58,22.81041588,67.47942778,6.229098789,128.9273554,rose
64,56,46,15.47610999,52.65572158,7.220428838,82.1543811,poppy
48,34,56,26.57897226,45.10887898,7.258101006,82.7073391,lavender
114,69,73,14.14407372,71.15116412,6.262020385,100.9297662,tulip
87,52,76,21.4300157,69.18108626,6.115603801,117.8264313,lily
104,52,56,22.11849668,64.55834654,6.084633337,135.0943921,rose
99,65,69,24.44124426,59.8462139,6.235922967,111.9664568,gladiolus
86,54,54,25.92481403,57.53069196,6.687552669,121.6458615,zinnia
84,53,65,25.12975984,60.13069974,6.693626566,154.4030629,hibiscus
98,52,77,14.94957794,71.33622181,6.733577934,104.8111858,gladiolus
100,55,64,16.98673033,72.95949101,6.871369342,85.4307538,carnation
74,55,43,23.34097305,55.31541134,6.29040953,95.4481144,petunia
63,38,56,23.61339155,87.88634033,5.693442976,194.1446275,orchid
109,66,65,23.62847813,66.73892302,6.427690766,108.4076218,rose
72,57,40,13.82906071,68.35758112,6.567223212,110.0927347,daisy
71,48,44,20.77298383,57.47605045,6.662254195,97.1229041,hollyhock
98,63,76,18.44662514,79.00916764,5.898208564,110.7748031,gerbera
54,37,59,27.66779309,78.52831015,5.867141286,194.9856511,orchid
77,50,45,20.51986892,64.97800447,6.669404004,127.3633298,daisy
87,58,65,18.20222637,80.19924838,6.500170705,131.73195,lily
68,53,58,26.03376277,78.7453417,6.469100077,228.0014548,lotus
78,51,59,31.57685956,83.97278275,6.409499241,226.2076369,lotus
44,40,48,22.56901825,41.65901596,7.306943131,82.7712718,lavender
74,49,56,29.35404753,82.30607225,6.64766682,201.3142687,lotus
109,58,58,24.74694213,71.3016654,6.444052891,139.5821821,rose
71,47,50,20.59459415,56.31176601,6.764509583,122.880399,hollyhock
63,49,45,22.24102671,62.7195766,7.117600686,121.0197993,marigold
80,59,58,25.05616473,60.18847646,6.345756155,126.7148254,sunflower
50,44,51,23.98067116,85.51585589,5.844182578,208.9312658,orchid
88,46,69,20.35762192,75.39844795,6.673214396,128.7385698,lily
100,62,74,16.94017097,61.78617547,6.751207287,91.9366499,gladiolus
104,66,61,21.41906846,67.63349931,6.558462006,132.425321,chrysanthemum
75,53,46,20.85400409,63.39745421,6.802629844,116.0913419,hollyhock
86,48,58,29.14474706,70.21427812,6.62281,166.2316847,hibiscus
109,60,71,15.38544551,66.92267801,6.925628665,102.4279456,tulip
81,60,67,14.98135785,70.44661225,6.423595222,129.5049154,lily
84,46,64,31.5263062,86.85977643,6.731731115,211.7055307,lotus
83,63,75,23.04548678,76.22947322,6.71804925,115.273699,lily
74,51,54,22.49010657,58.82906932,6.720803301,99.1739367,sunflower
72,44,53,14.09969494,62.42429031,6.912337484,87.0860548,poppy
73,60,51,24.25080838,57.79918153,7.486237927,93.3204946,sunflower
74,54,48,25.66848079,63.28679122,6.499572864,121.9045082,marigold
96,57,70,18.30281479,69.68419297,6.275908113,104.6156518,carnation
66,43,60,15.05830034,64.62446481,6.930764583,93.3248585,poppy
71,58,45,22.46828609,54.96016447,6.566261406,103.955332,zinnia
77,54,54,27.81358696,53.24235243,7.192801886,96.490689,sunflower
88,68,70,23.41311781,74.0569904,5.910383964,125.3464852,gladiolus
90,49,69,22.08593827,68.64235773,6.840533101,117.162614,dahlia
73,52,70,17.76803121,74.05445786,6.508678437,90.4724368,lily
81,42,46,21.69731142,67.46224148,6.686051026,115.4006561,hollyhock
68,55,59,23.21060003,60.72820826,7.146173847,101.2992014,sunflower
89,64,61,23.56277637,75.12559887,6.641651958,117.6547798,gladiolus
62,47,53,28.03020866,77.5477436,6.829919184,215.3390896,lotus
55,42,62,22.01281399,77.51832832,5.473540141,180.6428629,orchid
74,50,49,27.40969779,70.84209201,6.532752464,93.5623642,marigold
81,53,68,12.07092441,74.02386221,6.317931949,125.9806728,tulip
78,44,49,24.16121042,63.02390859,6.364224927,125.0233695,zinnia
88,47,46,23.95866412,64.83306488,6.93270259,132.6713895,hollyhock
64,57,58,23.46802827,60.44919376,6.785759617,114.0134815,marigold
68,45,67,22.74325047,65.73740787,5.748091915,128.5676911,lily
58,42,49,15.53384562,60.33093854,6.67497678,81.7666835,poppy
62,48,49,16.1040413,62.50869568,6.867469632,92.9284838,poppy
78,49,51,22.53745704,66.49370915,6.669248524,112.3143421,petunia
103,71,72,17.62554536,76.13063007,6.863460059,104.2404243,carnation
83,63,78,18.54289949,70.38241031,6.622857363,106.8371243,tulip
70,56,53,26.09875308,61.11574601,6.83733186,135.1173865,sunflower
88,53,53,23.24282348,65.01623149,6.501537567,161.301292,hibiscus
64,50,49,26.44822875,62.47832147,6.408079318,124.358858,marigold
110,67,71,22.68621066,76.65135431,6.354995917,106.1230102,chrysanthemum
87,53,76,14.67710575,68.24829769,6.554156244,87.6909678,tulip
56,47,45,16.9026951,57.27522584,6.67815327,105.0561687,poppy
66,62,65,23.94809552,47.58314457,6.759684444,116.5510783,sunflower
96,45,68,17.58832028,66.54211659,6.26793354,119.7158904,carnation
90,41,56,20.84377003,76.13018482,7.038011541,133.6355035,jasmine
78,51,60,29.3263333,79.35663521,6.527444065,219.7024794,lotus
44,36,49,17.16017326,49.71615827,7.163478824,70.9655552,lavender
100,58,46,18.21202234,73.46749707,6.693490314,116.2644594,rose
66,47,53,16.47063434,62.2260307,7.167504988,102.9476737,poppy
83,54,56,27.8561272,76.89051547,6.973272111,218.1503805,lotus
67,53,58,29.29443038,86.84066438,6.506521462,239.8315624,lotus
85,49,59,11.28910499,69.16391617,6.988314784,93.6894439,tulip
71,58,54,18.54105845,60.62146065,6.50912295,85.6569554,poppy
82,61,68,26.19421023,71.71058213,6.342388702,114.4735299,gladiolus
87,43,51,28.91713677,64.39635904,6.752702114,98.3781962,zinnia
84,49,39,26.0759066,67.0986125,6.977416542,102.0477022,zinnia
89,65,70,20.80862144,62.78164222,6.276601247,100.3034386,dahlia
87,70,75,13.52688943,76.54248059,6.223426622,90.1058301,tulip
69,58,48,19.49174542,60.56347349,6.309864931,127.2066136,hollyhock
69,51,55,22.07671184,61.39940867,6.180251622,105.281588,zinnia
71,50,63,27.93863964,68.67028042,7.048677879,141.9061317,hibiscus
90,62,71,19.1521943,73.48024446,6.46906683,126.8670841,lily
78,46,58,28.86210366,64.41638971,7.108302011,110.7774962,zinnia
101,51,58,23.41321631,65.89132857,6.236227658,121.5152128,chrysanthemum
83,60,52,22.19195928,81.01931031,6.24447529,221.1552901,lotus
67,56,48,15.18899327,64.13592319,6.166539182,92.1577754,poppy
69,51,43,20.12797082,64.65309353,7.480743962,115.7310658,hollyhock
99,52,74,11.99556596,68.99025905,6.133303702,93.9831742,tulip
81,62,59,23.48940108,67.46327916,6.855807624,175.1004592,hibiscus
82,51,65,21.30319976,73.28671417,6.542014951,105.0727728,lily
40,41,52,28.12844027,82.6323795,5.945921915,176.0905471,orchid
107,57,79,24.22960145,71.38140117,6.037341306,119.7681803,gerbera
61,40,48,12.02537954,58.51363812,6.243783541,99.6099221,poppy
94,49,50,26.77053606,72.93286453,6.98594099,154.3068625,jasmine
83,46,71,23.57214427,66.10347147,6.353518082,124.9366017,lily
60,41,54,23.67170117,86.80772668,5.702636533,181.1572809,orchid
87,49,45,25.8108982,67.28384084,7.056303817,143.0307405,jasmine
93,56,68,23.4483669,73.64810751,6.342964065,121.1872054,dahlia
114,63,46,19.94106607,69.7526316,6.619840238,88.5021953,chrysanthemum
102,57,73,13.61899379,73.29622811,6.213077153,101.0225134,tulip
70,42,44,21.48574707,69.01892455,6.661336786,103.8908743,daisy
95,66,64,18.67648724,62.83417774,6.207334367,117.1438795,gladiolus
78,44,60,25.81955293,61.69708056,6.395831214,111.2853074,sunflower
72,39,55,17.06238759,64.58202615,6.57908024,113.2668407,daisy
86,60,59,24.07802776,75.48622387,6.465434111,106.5463918,gerbera
83,48,67,17.40048367,69.56941462,6.465672259,134.3668742,lily
88,47,55,26.97283216,68.54940992,7.575452067,147.2378128,hibiscus
50,48,49,14.2321541,62.57233975,6.851916024,103.048246,poppy
53,35,51,23.56842575,77.28895417,6.140935278,167.5545955,orchid
103,54,51,24.31544387,75.63766656,5.780429728,128.4445386,rose
79,46,49,26.71693518,59.43271438,6.529194573,117.1000166,zinnia
91,48,45,19.6204615,69.12338672,6.636660928,135.1923071,jasmine
102,61,55,23.29836629,74.13095565,6.167371955,126.0256758,rose
84,57,50,23.11645532,63.83988857,6.496685389,134.160647,marigold
67,60,54,15.82278779,62.01279196,6.542542162,83.6000516,poppy
116,65,65,19.06768655,71.6824463,6.424883513,107.9327835,chrysanthemum
74,64,53,24.03225074,60.78215103,6.954730633,105.5904958,sunflower
73,51,43,26.61966749,66.76211857,6.449828695,105.1436497,petunia
92,60,65,22.4754156,71.1314757,6.631634171,112.8388394,lily
71,54,52,19.96461686,57.339192,6.134924391,112.2553013,petunia
52,39,48,22.13284003,51.43349293,7.309554312,78.495404,lavender
57,47,58,20.80984361,60.03755106,6.429310168,96.5492363,petunia
86,58,64,17.22777445,76.06088357,6.52699598,141.28231,carnation
78,42,53,17.61222693,68.04867873,6.67213765,94.7414177,daisy
69,53,50,15.695988,63.71341166,6.597957177,110.2414536,petunia
100,61,60,12.07990741,71.50916427,6.523343094,86.4375553,tulip
69,51,57,25.25764635,81.70162929,6.803079261,184.0911886,lotus
85,59,67,17.63866778,69.23889507,6.363291936,118.6205888,gerbera
83,60,76,23.17973105,71.55674976,6.402939237,119.1611933,lily
98,55,61,19.67815921,64.99639854,6.63039879,123.826564,gladiolus
95,66,62,26.08715713,71.60705875,6.482341505,108.2152449,gladiolus
92,63,64,18.28395983,73.25489273,6.128848802,117.299206,carnation
51,36,44,23.91741728,76.10198925,5.98404227,181.1000587,orchid
69,52,57,25.45356655,60.38011786,6.532773084,103.8050327,sunflower
71,51,58,24.27841289,93.20549196,6.553849845,164.559773,lotus
92,55,80,12.28645581,69.77781288,6.551097258,85.5742057,tulip
81,42,37,27.33579978,56.53248521,6.632570379,95.9586437,marigold
75,52,51,26.14385484,63.73499044,6.168430995,117.6424419,zinnia
97,55,57,18.26876519,68.10351262,6.675856979,104.3115626,chrysanthemum
69,54,55,22.52781913,60.03650842,6.540420548,141.5886345,zinnia
76,42,65,22.39175797,74.06778606,6.444621684,119.6654957,lily
57,37,48,24.57512781,77.34379747,5.59260287,162.8077297,orchid
80,57,51,24.36203207,55.18151217,6.675059942,119.8810782,zinnia
85,46,68,29.60015455,65.04091534,6.299616818,144.2149105,hibiscus
88,59,72,23.91826841,72.57701409,6.466156761,121.0183855,gerbera
81,48,50,25.52095702,53.83306053,6.625846785,101.816189,marigold
86,48,56,22.43893521,57.900997,6.962010048,121.8885302,petunia
91,56,53,22.78561833,64.3679037,5.77630889,141.9847315,rose
104,57,68,18.67748091,69.03068795,6.505396278,120.0907222,gerbera
40,39,47,26.02068685,46.09870633,6.959183485,98.3109261,lavender
80,57,50,23.57025742,59.27689773,6.787679637,125.9544109,hollyhock
78,66,68,24.10057839,52.69580926,6.575960452,113.9042076,sunflower
62,48,49,15.34255037,56.37275782,6.536035511,93.8285517,poppy
59,44,57,26.99129788,81.41986523,6.663493394,230.2024015,lotus
104,61,76,16.21180085,69.74421005,6.295945689,100.9377168,tulip
80,56,48,25.72173407,73.04128736,6.659707378,162.1621241,jasmine
76,61,70,27.67885788,58.76254237,6.982393174,94.5121414,sunflower
86,45,68,25.4114753,67.83482925,6.866806629,141.1307282,hibiscus
86,42,55,20.68784264,61.13586701,7.51323829,109.2350566,daisy
108,55,80,15.55031099,74.21216034,6.558506114,97.0176566,tulip
96,52,48,26.74238601,70.66472204,7.051937391,155.5446329,jasmine
67,39,51,31.23249879,61.97571635,6.951547232,110.9819523,marigold
52,40,55,22.78301219,77.96852835,5.776121189,144.138472,orchid
84,45,55,24.69904709,63.30932182,6.954226503,141.9700772,jasmine
55,26,51,23.30368521,81.70029378,5.58941419,196.1409283,orchid
97,58,65,16.09741425,78.62162845,6.379109629,92.653997,tulip
81,54,68,21.22876412,71.96284575,6.576745268,147.2011155,lily
79,57,80,20.08233136,65.58464681,6.388009665,105.4223264,dahlia
91,55,74,18.15573048,74.25910506,6.536897227,109.4442759,gerbera
81,49,46,21.71500862,60.64006511,7.285883366,95.2935833,hollyhock
96,59,72,8.93550783,74.72827796,6.531544476,97.3303012,tulip
94,64,64,21.76840414,68.02228591,6.562387047,105.8033258,chrysanthemum
101,57,63,13.09997428,77.02859687,6.366166228,104.3014434,tulip
100,53,52,20.49735566,69.8293048,6.463664874,140.687286,jasmine
86,55,52,29.76872668,58.09054353,7.266287536,98.4174311,zinnia
45,35,41,22.47410599,46.71568228,7.083476628,77.6725928,lavender
85,55,42,25.55998742,64.94705338,6.885658099,102.4491948,zinnia
66,53,46,20.42341776,74.0448104,7.112097564,147.9382723,jasmine
77,64,71,15.01653728,87.70495083,5.978971765,120.6963598,tulip
69,50,53,25.00894514,56.04286294,6.438501165,115.3604433,petunia
77,53,51,24.48853798,64.3022477,6.426235953,104.4457246,petunia
76,55,62,25.1644167,67.43388145,7.179496542,161.0032172,hibiscus
81,59,58,25.37939498,54.65942839,7.326861617,85.8850846,sunflower
49,38,53,28.99686097,81.08797709,5.277906761,188.0453615,orchid
66,63,63,23.25807045,60.32810627,6.778132679,101.9173722,sunflower
73,39,61,27.87403833,82.53399768,5.808008149,188.3590889,lotus
95,67,64,15.08695876,72.79924173,6.56600502,115.268242,tulip
35,42,51,20.37169546,44.31112289,7.192590707,79.1969738,lavender
80,63,72,22.67442864,67.20120989,5.920964034,132.8702129,lily
93,45,65,25.63023674,62.65655038,6.917240968,169.3613764,hibiscus
91,41,55,22.48239651,66.9006188,6.686121635,151.7115224,hibiscus
71,51,45,18.97641168,66.97130757,6.681791997,110.7906993,petunia
89,58,77,14.38821526,69.87514282,6.620969163,86.7724942,tulip
72,47,51,22.08823848,59.10866082,6.047335367,98.0855755,hollyhock
106,59,57,19.34777602,69.2519436,6.162361009,119.0895426,chrysanthemum
60,49,49,16.16063915,72.09803711,6.811255568,70.5691692,poppy
93,62,64,19.22423074,69.54270742,6.322552752,134.6833434,lily
57,36,48,21.19426769,81.56744404,6.033630186,193.7058017,orchid
75,46,48,22.00545898,56.49965907,6.384366758,114.6521585,petunia
73,56,49,19.85135069,64.71749268,6.60859965,117.4460108,hollyhock
87,60,69,26.18010443,69.98887192,6.040090532,94.8213339,gladiolus
78,43,58,23.06432519,61.10533371,6.799183978,103.2158006,zinnia
83,50,61,25.9832946,62.76819647,6.607265061,111.6024909,marigold
95,54,52,25.37386578,70.88089607,6.630244218,102.7121235,gladiolus
104,52,72,17.97205354,70.66605488,6.72131408,120.5481699,carnation
75,43,46,25.79945484,55.62802507,6.832142421,109.7643464,marigold
79,55,50,24.9767492,70.68842113,6.746557205,162.376474,jasmine
88,52,71,21.67882793,78.11212544,6.721875992,131.4126998,lily
82,49,48,26.41408225,63.09007196,7.009131636,125.4976267,zinnia
47,39,49,24.2067819,46.34587496,6.944228223,82.3189095,lavender
60,50,44,22.42796786,57.42822981,6.344514418,129.259214,hollyhock
82,62,75,20.49718362,72.66366608,6.083309148,102.0629262,dahlia
84,52,42,22.18308133,67.22429997,6.742882928,175.987725,jasmine
79,48,58,30.17522006,87.1800286,6.615362517,204.2284122,lotus
68,45,53,17.89098292,64.58470765,6.507044997,118.3874369,daisy
75,43,52,18.96247318,65.03539106,6.949883633,102.0523388,poppy
76,67,57,20.30861823,60.47884578,6.509391283,92.1550001,sunflower
75,55,52,24.78465599,50.80014279,6.608662594,125.6856251,hollyhock
84,55,59,28.82265911,69.40466187,6.80249807,145.9302753,hibiscus
90,51,62,23.04444208,68.2009108,6.843852264,160.9341179,hibiscus
84,46,56,24.87346687,65.83597254,6.926699752,146.6716759,hibiscus
79,64,60,18.41811243,74.38576455,6.341428538,116.4604502,lily
75,56,64,26.05243236,59.96807539,6.542189547,77.6998562,sunflower
87,64,58,23.61472605,63.60382099,6.813070915,121.9355945,dahlia
97,60,78,24.42853089,66.81896552,6.162489367,126.9469178,gerbera
82,53,58,17.82663383,62.85654393,6.548353073,112.5062425,daisy
96,64,63,22.65164039,73.27016328,6.643414241,110.6930498,gladiolus
108,71,61,22.64387598,67.70221634,5.624368635,119.6022919,rose
88,51,66,28.97479931,71.8782761,6.79805662,129.160519,hibiscus
53,32,54,26.25537259,74.2106301,5.993537342,163.7894274,orchid
89,59,71,19.52711371,66.34475953,6.52815917,110.5601808,gladiolus
82,48,57,25.15774662,81.77641413,6.676422761,225.1669407,lotus
54,38,56,23.01687612,76.34909696,5.544945935,192.3806589,orchid
96,54,65,16.37346924,77.74534162,6.440472391,100.552033,tulip
98,69,70,22.36007725,68.07247391,6.945506028,105.5734028,gladiolus
75,48,50,21.63218428,58.11354385,7.060124172,102.1172687,marigold
93,52,71,19.87204879,74.66133814,6.841921115,110.5611349,gerbera
77,48,51,20.09787533,71.33271773,7.084838491,110.936089,daisy
91,55,72,20.62121183,76.68440789,6.185858666,125.4704366,carnation
85,52,56,23.51735652,54.63232368,6.826208691,111.6221149,petunia
46,50,49,23.88409892,84.3523067,5.988703551,198.9177631,orchid
80,40,56,23.52010405,74.81640831,6.665467092,144.8112101,hibiscus
64,43,47,17.514112,64.75976111,6.639935,103.2009761,poppy
88,60,76,21.13002613,58.98986594,6.452704916,108.1256732,gladiolus
40,40,47,19.41739899,56.76655302,6.845530026,77.6415502,lavender
94,57,63,20.86890403,72.3467908,6.588917237,122.8736609,lily
100,64,63,21.94774602,68.46930953,6.583299469,111.1264292,rose
83,47,40,26.86977564,67.7090279,6.771774059,181.11124,jasmine
77,48,45,17.14378306,67.14184934,5.619674469,101.5845252,daisy
87,39,58,25.52754367,61.61314755,6.536524274,114.7896334,marigold
100,64,79,20.02495726,74.77126084,6.343258654,134.2856998,gerbera
66,55,47,18.15078111,66.44199946,7.024761103,87.0782256,poppy
41,42,50,19.33020456,49.83664526,6.869957275,86.2704342,lavender
65,45,43,22.56031687,66.21456719,6.415180333,141.5885848,marigold
69,51,53,22.35672103,68.41480742,6.837891195,120.9632866,hollyhock
106,58,54,13.27737888,71.74326335,6.247350445,93.8173793,tulip
105,69,64,22.2781713,70.69699323,6.879086866,118.6218836,gladiolus
93,59,72,19.79000286,68.52998857,6.404627646,104.1540787,dahlia
74,45,66,26.57719329,68.31829414,6.927647325,160.4448429,hibiscus
106,62,56,17.67783317,74.01300826,5.984149212,116.1917941,chrysanthemum
89,63,72,16.3802198,77.67614245,6.573338009,118.7578323,carnation
103,53,76,27.26464086,71.0566332,6.697587252,112.0351721,gladiolus
83,57,61,23.73480808,70.86635736,6.067434317,136.0066289,dahlia
92,59,50,19.96646557,73.4371904,6.655858149,102.1205112,daisy
99,57,56,19.84002308,68.19408651,5.950714965,124.0568524,rose
105,59,74,21.43662129,78.66665304,6.264333074,112.6302776,gerbera
97,53,73,21.70857163,72.85667576,6.204675937,121.9232263,gerbera
75,50,45,22.19396347,67.58704071,6.611242079,110.3727611,petunia
85,42,50,23.27826392,60.75611413,6.820754863,118.0332605,zinnia
96,62,70,13.84511308,67.21882495,6.862731887,121.6863597,tulip
59,50,59,18.11683966,67.09802631,6.788653507,103.2944502,daisy
91,53,78,20.78283035,74.74826318,6.866635215,103.3262963,lily
96,73,61,23.99107592,78.65594512,6.335028415,130.3155694,gerbera
44,37,51,24.27524683,45.70965581,7.24990166,89.8344597,lavender
108,72,66,17.0000336,59.60725015,6.830470248,109.4352975,gladiolus
88,49,51,24.8324749,58.71327669,7.187058763,103.6675831,zinnia
47,45,50,27.195139,57.59379714,7.359325539,63.0880918,lavender
95,43,44,25.5839877,70.46721222,6.449141545,106.8100596,zinnia
76,72,60,24.52490241,56.57021831,6.645882495,130.5927271,sunflower
58,42,54,24.6638369,93.74162483,5.39162287,145.7879329,orchid
92,71,79,18.43756047,71.36381916,6.573906122,81.8002894,tulip
88,45,55,21.78445725,61.48130779,6.115867327,106.5825271,petunia
81,50,56,22.55880941,56.06408376,7.13557799,98.6296311,hollyhock
82,69,53,22.97285622,52.96968856,6.629794042,116.9953756,sunflower
77,50,52,26.73276402,72.70576622,6.589891648,137.5861467,jasmine
37,40,52,18.97249308,44.32040732,7.15554644,64.3600196,lavender
95,49,54,21.78525531,62.11185171,6.287849553,170.6770444,hibiscus
95,70,78,24.2719087,71.18274808,6.674862523,123.905058,gladiolus
65,54,46,20.05048331,65.96770524,6.029254138,91.7168263,petunia
61,54,53,15.63077801,57.3691483,6.853220665,82.7846066,poppy
66,42,51,27.61774576,68.73571077,6.562334721,122.94417,marigold
65,45,55,25.17802451,80.0731318,6.772780844,241.6418663,lotus
109,56,64,22.74050111,70.86364166,6.727937531,98.458851,gladiolus
58,45,45,23.5119433,83.17887701,5.90796528,139.4464546,orchid
43,46,47,22.78435221,74.93844965,6.222282446,154.2103883,orchid
99,54,61,17.50446315,59.10570333,6.370482745,116.3882363,dahlia
82,55,68,23.99634528,75.20851383,6.715555878,98.7565942,lily
87,56,69,24.17267381,68.22976798,6.903694698,115.1695777,lily
79,46,68,22.61726516,67.49920869,6.182261318,126.7376716,gerbera
82,59,54,27.42950667,58.31059468,6.295153292,95.7327066,petunia
89,54,45,21.29538788,59.4524941,6.885636803,92.961474,petunia
87,58,71,17.4539865,74.34008533,6.570298004,131.9907349,carnation
74,57,53,25.76271351,60.39952135,6.525050285,126.8677712,zinnia
79,48,40,25.53323427,72.0048219,6.454873411,159.888685,jasmine
73,50,51,20.52709903,62.77047659,6.656800007,108.8687274,hollyhock
84,46,52,18.72533969,67.26365253,6.468342284,129.9872386,daisy
101,55,67,19.84219247,73.58319539,6.565887703,139.2614369,lily
61,41,48,23.91732559,82.07839847,5.459270988,191.578573,orchid
75,47,45,27.38847143,57.20987075,6.431855071,96.7516924,zinnia
72,52,52,20.55664496,55.96002732,7.686328356,108.3062039,hollyhock
65,45,64,27.08215843,80.46888639,6.665053494,232.2302956,lotus
69,56,59,18.90213993,72.99884168,6.383050879,122.9026585,daisy
91,63,71,21.58296315,71.95201062,6.204395395,102.0332113,gerbera
72,68,74,17.64263117,65.56972483,6.892045607,137.373557,dahlia
63,40,56,21.28365016,80.22694614,5.613427465,177.7088115,orchid
73,47,56,22.23756971,68.91331752,6.824126261,112.9094022,hollyhock
80,56,65,21.803029,69.45261914,6.54820339,116.5421969,gerbera
96,43,54,24.25944919,67.72851447,6.829489489,161.095132,hibiscus
102,59,62,21.58179412,64.01787288,6.219689065,131.1529198,chrysanthemum
88,62,89,23.73791504,78.94384064,6.642192424,102.4413651,gladiolus
69,61,56,29.5652186,85.3751601,6.794826347,203.236421,lotus
76,53,51,22.4135051,64.60267052,6.82777329,97.1520031,zinnia
83,45,43,21.94985533,70.92759228,7.076355611,119.6084234,daisy
84,59,66,8.14110262,80.2118881,6.772192414,95.4843913,tulip
80,49,49,19.23316753,60.80122602,6.309133674,114.6014602,petunia
85,51,48,25.67281735,70.6272309,6.886471567,144.455845,jasmine
41,27,52,22.90434679,53.38669201,7.311936719,57.2559168,lavender
95,67,51,21.69385511,59.92746425,6.864179439,118.2332575,sunflower
102,58,68,18.88829034,75.26301795,6.650618359,122.4806947,carnation
86,48,51,24.26149647,72.67384391,7.095279261,134.9018615,jasmine
89,55,68,18.87012657,68.84264598,6.498238754,116.7658563,lily
41,41,52,24.74606284,49.84079072,7.202095475,67.3656187,lavender
39,47,37,22.64955518,52.68909984,7.1720218,70.1398671,lavender
90,51,56,26.68295338,71.44617606,6.332710529,146.8646511,jasmine
79,50,52,19.97759027,68.23162173,6.748157026,93.8608666,petunia
86,43,68,26.35069707,82.14148567,6.373986757,200.7182646,lotus
96,59,60,23.28609709,70.84645951,5.862607372,96.9882874,rose
89,57,46,23.73940222,67.65578167,6.813850902,131.3504357,chrysanthemum
98,61,72,22.67985148,67.79232656,6.877820781,94.2480733,gladiolus
56,36,43,18.64486515,52.30041382,7.097608646,71.9554832,lavender
44,44,50,23.22817975,47.54567253,6.7657856,98.2571388,lavender
66,58,58,31.06679122,59.7318393,6.28671475,101.5283899,sunflower
96,64,65,19.87742665,71.35855968,6.582712826,141.7650216,lily
91,61,63,18.87189526,68.95223505,6.46457282,120.5339124,carnation
95,56,68,22.00485494,70.76971433,6.590056509,116.4958555,carnation
67,51,52,20.07345512,68.08256038,6.605619566,128.3622275,hollyhock
96,62,67,22.57932736,68.29050798,6.657686725,112.3887034,gerbera
92,61,64,18.21055725,72.60240997,6.124238285,121.9483251,carnation
85,64,79,21.80511641,83.46084809,6.274501838,143.8906451,carnation
79,59,66,24.56916249,74.22971771,7.407884278,276.7247903,lotus
86,47,47,24.29553848,56.62219796,6.424404416,97.9503108,marigold
102,72,65,21.75171416,70.9102924,6.009081399,116.2752384,gerbera
97,70,80,20.56165658,69.01273478,6.14268328,119.8960235,gladiolus
86,62,70,14.78380585,72.6419585,7.05313276,114.599411,lily
89,73,61,23.1480831,76.58576348,6.25665529,135.107,lily
96,48,57,22.04604595,74.70574925,6.298078212,116.7134921,rose
63,39,51,23.12452536,82.72795953,5.831845814,178.0338031,orchid
75,53,50,22.27466292,67.70261868,6.644634567,117.1079546,daisy
66,54,63,22.62912999,59.85282517,6.289858658,122.7226132,sunflower
69,41,50,19.70307623,73.95839764,6.318891386,123.8563252,daisy
81,52,50,23.65576724,59.81533558,6.275661097,118.6759632,hollyhock
111,54,60,20.80585638,69.9159193,6.300098632,135.5630992,rose
75,49,49,21.72845836,61.53571676,6.96191982,117.3078134,hollyhock
76,71,78,26.51680765,57.26721353,6.860351695,123.3148314,sunflower
104,58,51,20.20038948,66.15744492,6.517136668,125.1542743,rose
88,51,57,25.71524843,63.20419441,7.235432512,150.2017555,hibiscus
76,53,63,30.54766103,74.20163931,6.900165682,244.5934011,lotus
60,32,51,22.37197866,80.53729167,5.851281224,190.428988,orchid
84,62,64,21.48253853,63.8758989,6.705587618,109.9562357,dahlia
95,67,71,12.78699322,73.82361678,6.385227422,91.6647956,tulip
98,68,73,13.80416951,81.08973888,6.722259281,106.8849331,tulip
75,46,51,21.89374791,58.22036511,6.893739292,97.8120412,zinnia
91,41,46,23.07714413,68.2403876,6.948842453,147.0926079,jasmine
57,33,48,23.91705644,77.6038431,6.238999561,162.9300904,orchid
99,67,62,22.05006835,63.7279025,6.48726443,107.2858965,gladiolus
63,53,44,21.15332737,67.86576956,6.14769605,91.6088212,petunia
80,54,51,17.72602084,67.43223272,6.514976314,90.4985449,carnation
88,50,66,29.45670786,62.39971711,6.876178724,146.9155822,hibiscus
60,49,45,19.11658991,65.16156431,6.856153749,109.8313184,poppy
54,46,49,16.50736711,56.74100456,6.659502932,86.3883303,poppy
75,45,49,21.47366265,61.36340211,6.485081712,102.3321794,hollyhock
70,48,64,22.21787162,89.10917907,6.845152338,218.9417026,lotus
53,57,63,32.01602159,86.94985837,7.173502803,241.9663713,lotus
82,55,55,22.50294783,57.11054154,6.367938913,126.0140736,zinnia
83,49,55,24.83692154,63.7205719,6.852560595,115.0715434,hollyhock
84,70,65,25.21329536,54.76693711,6.450866678,117.8377116,sunflower
88,67,76,15.16708861,71.48193101,6.644964321,91.5172892,tulip
81,44,60,24.02398066,71.7039004,6.672677242,147.3360601,hibiscus
74,51,31,16.98087361,66.43372009,7.151518612,97.0399687,daisy
92,51,65,21.9771024,72.24314149,6.785257171,120.975326,gerbera
79,48,54,24.40273364,55.30766395,6.525525771,99.7336677,hollyhock
86,48,48,23.54579772,57.94097308,6.505216736,95.3127168,marigold
76,47,45,19.26032297,73.07349442,6.437112025,86.8931917,petunia
75,49,65,21.52186537,74.13792841,7.036712266,143.1035308,hibiscus
111,68,62,26.69198953,64.9048432,5.826603589,93.3191963,rose
38,38,50,21.91969739,57.76369586,6.948412898,89.1530936,lavender
80,55,59,24.90820533,67.90105832,5.94291439,114.5089626,gladiolus
98,61,72,14.44457971,77.11546325,6.261920905,91.8760583,tulip
39,36,38,27.01754752,54.37904796,6.895347768,72.2653885,lavender
122,55,54,20.50151839,59.5044171,6.042273493,108.6130101,rose
61,52,54,24.59464693,82.00089579,6.671462537,184.6981098,lotus
94,50,62,20.5718646,73.51762159,6.672618172,123.1874039,chrysanthemum
110,63,62,21.00323806,73.65909156,6.901084777,116.5788689,chrysanthemum
87,53,56,24.74961481,71.185305,6.436605224,137.5967947,jasmine
76,51,43,22.29735865,66.21261141,6.688133454,118.1780084,marigold
46,35,52,22.53303587,80.79669618,5.211806482,183.7398042,orchid
91,66,63,22.86353545,70.46327334,6.24757331,151.0317021,gerbera
61,36,48,25.53806331,79.89044375,5.69846801,187.9752753,orchid
69,60,44,25.77455178,64.53510752,6.824139729,107.7765481,marigold
86,48,60,30.78861202,69.52693668,6.587989472,142.4970327,hibiscus
86,61,63,17.79811478,79.19490007,6.316199741,144.8431238,lily
78,45,59,26.91144965,79.89173553,6.392902076,212.8578363,lotus
97,56,60,20.74131086,61.79734628,6.220568892,104.0654443,rose
90,56,63,16.44616613,70.9645824,6.588126242,93.1557836,tulip
72,42,48,23.5588145,69.22166739,6.200510509,104.881145,petunia
92,49,45,24.59233259,69.02038942,6.497446518,147.8322199,jasmine
87,52,57,30.30835231,81.86772799,6.766252531,218.9293905,lotus
97,52,72,13.6894819,64.36876977,6.284903747,95.0367336,tulip
73,61,52,30.22282959,84.62562626,6.556142502,260.7329629,lotus
71,46,41,22.04886461,61.78897957,6.663369745,110.8268736,petunia
99,53,63,19.40772639,68.19974601,6.139098934,114.2050819,chrysanthemum
103,57,60,27.78664642,60.53093923,6.405878057,95.8092619,rose
53,41,48,20.91309811,88.37671182,5.731061446,208.6230424,orchid
76,44,63,27.04864564,67.44595102,6.572832987,145.4221673,hibiscus
71,40,55,24.46418928,83.99553278,5.597355405,183.9015385,orchid
92,52,53,23.62203571,68.72720447,6.698987663,147.4472307,jasmine
81,61,63,26.27757202,70.09584205,6.400025002,111.0579868,dahlia
83,54,57,26.15515223,61.13356204,6.624538334,101.0373471,sunflower
97,61,67,15.9710816,70.94936192,6.415903264,134.4045719,lily
96,60,70,16.72438261,71.76865355,6.781947007,111.367648,carnation
82,44,54,26.06682939,70.57807397,6.978473707,142.552024,hibiscus
85,47,59,32.42798215,87.77737365,6.198278642,229.6787079,lotus
108,60,79,17.67985103,71.02635879,6.514127662,108.5009409,carnation
68,65,66,20.38453034,54.28195656,6.251041223,100.249641,sunflower
107,59,65,20.76955153,70.46022845,6.63522713,130.51403,chrysanthemum
67,48,41,25.99805781,64.58878376,6.555044061,128.8878412,marigold
82,54,49,18.86494337,58.0042545,6.568158379,114.106707,petunia
76,77,62,24.21617578,61.68720601,6.844806366,116.3014174,sunflower
101,63,73,22.45466564,68.99288235,6.06219173,107.2523345,rose
98,58,62,20.59068862,64.71111842,6.273106163,123.6744986,rose
104,60,70,15.10811554,68.55318772,6.50750787,74.1713975,tulip
78,55,51,24.35239464,61.2146006,6.678519622,109.5533332,marigold
79,50,52,29.87566849,67.17886392,7.035564983,142.1020247,hibiscus
104,57,75,22.51872199,73.78271163,6.484701575,100.7435399,gerbera
96,66,73,21.5768139,77.40945018,5.927028925,144.6248797,gerbera
74,51,50,25.00450877,57.64262945,7.032533381,113.5423444,zinnia
90,61,69,22.23233913,69.80030067,6.29798721,123.4472702,gerbera
70,39,52,22.62136276,62.13757518,6.507330256,109.5851333,hollyhock
93,56,70,20.12799475,69.99286323,6.156883613,124.8446176,lily
61,43,46,15.33998626,52.52390275,6.640793453,106.0922884,poppy
77,56,43,29.18143097,63.67607604,6.488496443,109.3307711,marigold
71,64,53,24.92321825,73.58173633,6.772540621,113.6168848,daisy
68,51,42,15.3354546,59.54979639,6.561476488,79.3519619,poppy
56,38,46,24.6755322,79.81965108,6.245026689,154.6141779,orchid
83,52,46,25.00562251,66.82614289,6.567263173,99.1980773,petunia
82,42,45,22.5739316,59.10254547,7.713330472,116.1886354,hollyhock
80,61,75,19.44319825,76.26068786,6.863154186,106.2551862,lily
73,59,50,26.28563689,60.28822977,6.681342695,126.8653004,sunflower
67,44,53,18.78818058,60.67590266,6.613676099,109.2060088,petunia
104,56,67,27.78011014,65.18545422,6.685552491,116.7451071,gladiolus
68,50,47,21.94716484,73.24464919,6.959220995,113.6736146,daisy
100,59,65,19.69486738,74.34271669,6.738984515,133.323009,gladiolus
65,53,57,23.90287502,57.44375397,5.962549171,98.2308219,zinnia
82,54,53,20.48731864,69.84780897,6.699460945,97.6879587,chrysanthemum
97,63,78,21.02243833,77.91792705,6.268195235,135.9437569,gerbera
88,53,55,26.02454664,71.03496938,6.90177211,178.498229,jasmine
67,50,39,23.20633427,64.64137222,6.686886531,105.2594378,petunia
79,54,48,15.90880428,73.09776091,6.671397673,130.7638618,daisy
65,50,52,26.29040756,66.26169889,6.467559347,103.6087189,zinnia
59,69,51,24.33336918,56.28302232,6.876565981,86.0281347,sunflower
78,66,67,14.85097987,76.78898769,6.157081576,91.486708,tulip
52,41,46,23.9975119,54.83019556,7.475011942,81.5703184,lavender
69,46,50,19.34240932,63.68498951,6.711709986,116.4121666,petunia
72,58,67,26.39422765,53.55416817,6.773951434,117.4733262,sunflower
94,67,62,11.20576363,69.66560269,6.759594713,81.7678471,tulip
101,70,54,22.54359235,73.42501115,6.815379813,111.993731,chrysanthemum
83,57,59,25.14505684,61.39372353,6.0259332,100.8994956,sunflower
85,64,66,20.90778907,73.24443996,6.027587677,150.2291267,lily
44,40,58,24.30281478,80.82925816,5.514551865,197.9702341,orchid
68,46,56,27.7282753,64.43655248,6.372306171,106.2030986,marigold
80,47,46,24.54634357,56.84199972,6.424605048,113.9437283,petunia
92,54,56,16.92755899,72.18997387,6.437732039,99.9252732,chrysanthemum
77,58,70,21.86873733,67.42048575,6.510760218,132.2740977,dahlia
79,61,67,18.63213574,74.33553209,6.821026174,91.9132902,carnation
50,35,43,23.57009032,83.54299987,5.910798,184.8175351,orchid
70,49,56,27.16951365,62.90962032,6.433046569,98.4706453,zinnia
46,29,44,23.42603854,48.54207201,7.133175536,79.4270064,lavender
45,34,44,25.99194736,79.2069526,5.737252705,172.3847319,orchid
91,51,47,16.05693396,69.87416065,7.23487168,107.0319154,daisy
85,50,46,24.20981786,74.4630846,7.061165331,147.9083059,jasmine
56,48,39,24.82723252,90.54234692,5.784610266,213.0114593,orchid
104,64,69,13.16418091,63.89676851,6.232286895,122.937029,tulip
75,54,58,23.82309237,61.66731291,6.844333757,83.6962561,petunia
78,56,76,19.57658331,75.65630866,6.253238455,129.3904699,carnation
77,70,58,22.88091518,55.39164445,6.373110089,98.2285714,sunflower
80,36,65,30.85080995,65.78729102,6.623814488,138.6920683,hibiscus
105,64,65,20.35683864,70.80193985,6.191074244,107.9355037,carnation
78,51,54,29.16368611,66.05748026,6.147737731,94.6450764,marigold
71,55,53,29.61676831,64.33571274,6.592212373,117.087858,marigold
93,65,74,19.54224213,63.95763759,6.436406396,118.8420455,gladiolus
89,55,66,21.03364596,65.4578356,6.552080627,124.3244246,dahlia
81,57,59,25.06347105,50.32130738,6.695848676,99.6540834,sunflower
69,43,49,19.83388058,65.62713707,6.82175508,109.1617776,hollyhock
86,64,59,23.4049025,67.61891792,5.705824047,123.3490063,chrysanthemum
90,51,77,20.75581869,62.92745278,6.457935216,120.8204588,dahlia
75,54,41,22.21335989,61.71981423,6.917625648,107.7475807,hollyhock
79,47,52,29.17476126,73.57868612,6.341235081,156.66904,jasmine
78,50,53,22.37264708,60.63863807,6.632283211,115.4677629,zinnia
80,52,45,24.88072161,61.98558984,6.352490593,128.0407796,marigold
98,61,71,26.18782485,67.8491282,6.689181751,134.6181136,gladiolus
77,45,44,16.83783681,66.88721874,6.400057372,111.8857494,petunia
58,51,48,15.80669218,68.45112093,6.490226781,95.7195543,poppy
65,56,62,22.94020539,85.0525692,6.976744351,223.1094031,lotus
86,55,74,15.04668555,76.23120403,6.366964027,105.3371814,carnation
76,44,51,20.8557886,66.18685086,6.693389427,104.0515286,petunia
50,36,43,31.2102955,51.13321695,7.119898871,85.4283753,lavender
85,51,48,24.00508393,71.54831911,6.786032234,147.7919208,hibiscus
55,52,53,15.13053006,56.01920965,6.702420028,94.9074962,poppy
90,62,73,23.60575309,61.22297642,6.751651635,113.1636124,dahlia
103,62,64,27.44640543,68.77733385,6.463164943,131.5671051,dahlia
107,69,59,25.91160914,57.52101958,6.446570751,121.305706,rose
72,50,52,19.46176906,64.49294359,7.191136537,107.9262398,hollyhock
69,57,50,26.65542188,56.00545801,7.058264345,125.6132248,zinnia
84,48,55,27.36881616,68.90848933,6.822115686,135.425149,jasmine
114,60,66,29.06082648,62.72412601,6.505026617,122.1554673,dahlia
87,55,54,21.70085274,68.05712294,6.445498592,109.624863,petunia
81,49,41,23.26321717,70.36287025,6.542773481,152.2853231,jasmine
79,50,56,28.64763586,72.10757847,6.879873262,174.2818146,hibiscus
99,61,56,20.19127601,69.25488346,6.141832178,121.7500376,chrysanthemum
55,44,52,23.88069138,75.19333657,5.457082549,183.7560068,orchid
82,48,66,17.9151926,66.30067461,6.625624924,109.3110136,dahlia
83,50,50,21.60035965,64.98501426,6.893645254,135.9590567,marigold
91,57,83,17.50685789,74.94052845,6.501595385,87.8208976,carnation
77,67,53,26.70054026,62.77003005,6.166423725,114.7947774,sunflower
82,45,54,20.76084052,75.40816018,6.574665096,96.8286682,daisy
74,59,76,19.76563495,66.44814012,6.455966624,85.2058334,dahlia
52,32,42,21.99737069,78.31124438,5.413614569,190.364379,orchid
44,37,51,26.94951739,48.9542645,7.85008778,64.2246962,lavender
107,60,76,28.60502978,70.39239662,6.512332041,128.6693638,dahlia
52,28,51,23.45431091,85.88070033,5.370477235,167.617541,orchid
91,61,59,21.2938706,69.91147372,7.269215093,136.3213908,chrysanthemum
81,53,54,25.22101722,77.91012032,6.357493266,147.0951081,jasmine
55,60,45,15.67627047,63.03281094,6.613402552,91.5196352,poppy
97,63,62,21.0429563,69.57566467,6.302664735,131.3231733,gerbera
79,44,46,29.78507838,61.2372704,6.765229862,120.4408128,marigold
72,53,40,21.94997132,72.20884462,6.729230233,107.2766904,daisy
48,52,58,23.93696297,83.02949243,5.510746079,188.6470543,orchid
88,46,67,21.43070096,70.86197239,6.150230393,101.7565585,dahlia
102,63,51,21.44630611,74.20754389,6.670057552,96.7589676,chrysanthemum
83,62,74,21.83659386,68.05678477,6.428961226,137.9214429,lily
61,46,52,26.61097113,59.28602108,6.608350161,102.8314273,zinnia
60,51,52,14.27895226,61.71008912,6.653048851,88.3791458,poppy
82,61,66,17.8841007,69.66036939,6.380310357,125.392137,lily
73,49,45,23.89179437,58.46078914,6.648116182,130.5405018,marigold
64,45,55,13.87551937,61.45650781,6.787947168,111.2414187,poppy
96,59,68,21.22402252,61.80879377,6.566063691,119.5159931,dahlia
89,62,57,12.83076454,71.87576427,6.272579146,88.7619235,tulip
102,57,51,20.05545828,63.55769662,6.725681133,134.0351759,rose
80,41,53,18.41568986,70.82983084,6.933079508,129.2949807,daisy
66,55,54,22.45237246,89.47410875,6.281854706,224.602985,lotus
80,50,53,24.79820855,62.31454076,6.100539795,120.9959321,marigold
102,65,78,12.79203875,71.08180538,6.090128959,95.2903467,tulip
45,42,58,24.40190317,49.60147316,7.272687356,69.1982624,lavender
109,64,68,11.94726158,76.92000229,6.258823644,119.5416227,tulip
33,35,42,21.84342681,49.82070268,7.127313571,67.9228891,lavender
110,66,65,21.5026333,71.07479623,6.355895106,137.6524163,chrysanthemum
75,44,51,20.70267397,66.18781814,6.71399121,103.7492852,zinnia
40,40,50,23.65972124,42.18154101,7.233250914,57.8824331,lavender
105,67,70,18.84283812,67.081895,6.421445858,114.0015476,gerbera
91,59,69,10.53759739,77.97975291,6.510331408,105.3160256,tulip
86,53,61,18.15157148,76.76759734,6.737503957,123.6450708,lily
75,46,51,21.11026088,63.32352093,6.950058688,86.0751723,marigold
83,70,63,22.80046412,65.94824445,6.540708731,104.9729333,sunflower
89,76,69,20.98326763,69.04777167,6.545312791,126.9040744,lily
67,47,39,23.37178134,58.12748561,6.885228589,101.9190291,zinnia
69,52,60,16.0878166,64.30904947,6.264726121,85.1004718,poppy
104,62,62,15.69788248,72.59523505,6.357214707,108.2766511,gerbera
83,55,55,22.2351746,59.32656734,6.281641469,109.5195535,hollyhock
74,52,43,17.14403407,67.53601171,7.269366188,108.6342495,daisy
97,54,70,18.33581536,60.92379879,6.591686602,115.3935031,dahlia
43,40,56,24.6152081,50.80502256,7.416921097,73.1542947,lavender
51,39,55,31.05811038,77.0220542,5.834948164,165.8489543,orchid
72,56,54,22.92315944,55.97667038,6.487522442,102.9210152,petunia
92,58,58,22.25322727,72.18225552,6.655851785,128.4412816,chrysanthemum
67,48,58,26.60210715,59.71528404,6.871774834,126.7922652,marigold
84,46,60,27.73604744,83.49461362,6.621227302,252.034585,lotus
75,55,46,27.50205124,58.87331171,6.445711836,119.8231354,zinnia
84,54,78,24.55009127,66.54747341,6.7136005,124.0945901,dahlia
71,58,60,16.41198903,75.10962941,6.616667745,118.2520747,tulip
114,61,67,21.57745601,67.37153353,6.166717911,101.381853,chrysanthemum
71,43,47,24.40348617,63.07365309,6.775285306,100.0618332,zinnia
87,55,51,28.02359633,66.89331291,6.734018318,156.88491,hibiscus
77,45,47,24.55966451,55.86350123,6.193589702,102.7910248,zinnia
92,56,64,20.60615638,70.14167569,6.511089699,99.0515108,chrysanthemum
86,50,54,24.65657053,73.5618594,6.669033474,153.9804352,jasmine
47,39,52,21.58448121,85.23645116,5.445083724,170.3403215,orchid
92,52,73,20.378827,63.37421849,6.325748526,131.7737966,gerbera
100,61,83,23.00985104,67.43503272,6.285874511,101.0690796,gladiolus
105,64,62,22.55971006,64.83810218,6.341440507,148.2303674,rose
109,61,56,21.47969437,66.02799626,6.023190573,132.7440315,rose
49,29,51,23.54642222,54.67523233,6.741423605,93.6862396,lavender
101,70,77,23.09917431,71.6155656,6.278516269,119.3155231,gladiolus
76,47,50,27.68407937,57.8939388,6.739890902,101.5985502,marigold
84,56,57,19.72844746,68.12874035,6.961845125,118.7849714,daisy
96,45,65,17.03885117,64.50043174,6.210646052,86.2299623,carnation
80,45,56,19.3551112,65.30837867,6.898852328,120.7182602,daisy
48,35,43,22.82073413,44.38281925,7.437185316,84.7744255,lavender
72,56,49,19.7316836,64.23478113,6.39884037,95.3073527,petunia
73,54,45,23.06554855,57.96757397,6.725491889,96.9452839,zinnia
86,45,45,19.61652472,59.44415301,6.303073062,129.7041819,marigold
84,51,54,26.45082637,70.43810418,6.23338788,153.0126764,hibiscus
90,45,52,26.2636754,76.24083963,7.527898012,155.8862395,jasmine
103,60,64,25.97380759,68.99835949,5.96759354,125.5006681,gerbera
78,49,65,29.42615659,83.65348812,6.716383535,236.4330274,lotus
53,40,50,19.38195555,46.76302437,7.127605529,65.0502782,lavender
67,46,56,19.9654659,62.72187257,6.767962825,125.5749981,hollyhock
78,50,49,24.02314657,66.92931442,6.118584398,102.8363357,petunia
75,58,61,23.4826415,66.23260429,6.733265915,175.5688814,hibiscus
87,67,64,17.95549847,69.52311229,6.295647966,123.8554976,dahlia
74,64,57,20.98355725,64.99833562,7.114436224,90.6160596,sunflower
91,51,70,19.95604603,63.77991698,6.319930356,139.8237671,gladiolus
82,69,72,17.84126599,71.87518604,6.504504218,127.0894552,lily
53,34,45,26.60518079,82.55064776,5.53482388,190.1937846,orchid
48,40,51,21.64671011,85.71236244,5.168855659,168.4377308,orchid
96,62,63,22.90004116,67.0873946,6.570612441,101.307378,gladiolus
75,51,50,27.97410661,63.38248138,6.681373391,122.5062869,zinnia
66,47,59,24.08639618,87.88264796,6.302415588,253.6525856,lotus
72,51,49,24.34739295,55.88090368,6.126434118,112.1704533,petunia
48,40,50,21.23314205,54.96553462,8.052778118,71.6569833,lavender
66,57,49,27.79323958,63.37090139,6.837025966,116.8372074,marigold
88,64,75,14.90245064,76.73397467,6.205489783,120.0066893,tulip
68,68,64,23.89238995,56.08202813,6.788972664,116.9477719,sunflower
76,53,53,20.8121868,59.86802512,6.659975739,118.582839,petunia
74,50,57,27.22595791,60.30082006,6.850199716,110.7466053,sunflower
84,54,69,15.97167156,73.35590357,6.441931624,110.1265485,carnation
68,54,40,15.1731224,65.79880154,6.782340501,80.6418194,poppy
77,51,51,26.22282639,62.22068255,6.699817455,124.3595254,zinnia
101,62,72,20.93561099,69.8019829,6.434560427,126.6712974,dahlia
96,48,64,16.64022292,68.8161185,6.547972386,108.0732847,carnation
83,42,45,13.28555689,64.86963455,6.929916543,105.0332607,daisy
52,28,56,21.63927927,47.68756396,7.041790999,93.5146573,lavender
106,60,59,22.91829847,65.21482568,6.716317789,118.3542766,gladiolus
48,32,60,19.93860765,52.09954573,6.901568485,67.5721344,lavender
53,39,55,26.54885685,81.31330538,6.029545463,187.1532273,orchid
99,64,78,24.20906137,67.35805512,6.219274711,130.0135752,gladiolus
92,56,71,16.83587733,73.59617656,6.169980703,107.1349688,carnation
77,68,63,21.24229925,62.20779047,6.400581812,104.2404309,sunflower
93,57,69,22.73207211,64.47825782,6.086122081,112.3574113,gerbera
84,56,48,27.51878422,55.2614807,6.93718768,80.4484427,sunflower
83,44,54,26.20191428,61.99101519,6.454599345,111.4762241,hollyhock
74,53,47,24.07287259,52.43568574,6.245049667,121.7511169,petunia
70,46,49,17.57198563,66.6918708,6.542872213,118.5162078,poppy
80,53,51,25.26050276,61.74962749,6.473810623,106.6318991,marigold
98,56,65,22.82187777,65.88095918,6.35398023,121.4561632,rose
106,62,66,23.99811614,70.26295402,6.508960824,113.1955443,gladiolus
78,51,56,25.31306126,60.28237784,6.736689251,116.5195763,marigold
100,62,63,20.79904856,71.77043719,6.602637521,117.2271663,chrysanthemum
66,51,42,19.09928455,62.30849237,6.838381625,98.907712,daisy
84,50,48,23.37499355,72.67461869,6.832582195,133.6440138,jasmine
78,56,52,22.25845499,58.054238,6.629206316,135.8761956,petunia
70,46,57,25.51375569,76.88140861,6.362739971,199.2669906,lotus
60,39,50,23.6298047,86.84851682,5.328123596,192.1568068,orchid
109,59,68,20.03176301,75.82107695,6.490314276,112.6997908,chrysanthemum
86,52,42,27.23759579,70.06775579,6.744037904,174.1833094,jasmine
108,54,73,21.78324716,73.03047623,6.601514031,117.1809087,dahlia
91,63,60,22.46242644,69.81102541,6.926832452,110.7501744,dahlia
82,57,46,16.04002761,65.01457713,6.935098142,100.3080351,poppy
70,59,49,21.42306224,62.51241766,6.495684503,120.0877226,marigold
92,75,71,21.03419381,59.17882251,6.847441033,103.857484,dahlia
36,48,47,24.33406606,42.18175438,7.142842443,78.4964935,lavender
75,69,74,22.72715418,70.14824195,6.46251482,98.5027228,lily
81,52,64,25.03568267,54.18424232,6.577889106,120.2947769,sunflower
73,53,52,24.87450564,75.44701736,6.622120983,250.2856876,lotus
53,45,54,24.36599738,46.56582989,6.76495105,72.5875347,lavender
87,61,69,17.65225236,77.35436855,6.32372237,93.8047369,carnation
94,51,73,18.15807466,66.33893123,6.554633511,135.1420768,lily
70,47,40,23.8692342,52.30448269,6.224829153,119.1249759,marigold
59,54,44,13.78247021,63.4694414,7.180853274,90.7688828,poppy
101,58,69,22.48895379,78.81269044,6.090492736,93.204368,lily
74,47,53,21.86427644,73.17423173,6.293025459,156.9964497,jasmine
92,48,53,28.85912944,67.18049334,6.70941876,174.1136746,hibiscus
86,43,57,29.10445194,63.79511988,5.940469205,146.5934099,hibiscus
66,47,52,17.09317945,66.63007842,6.989844104,100.8952882,poppy
66,54,51,21.6251226,69.29863294,6.74289719,89.2878726,daisy
100,62,68,12.3228284,68.45327631,6.633704334,114.747766,tulip
67,64,53,26.66578125,59.85036517,6.182257981,99.8365302,sunflower
68,47,50,14.88767086,62.59504293,7.162032347,106.6219856,poppy
77,55,49,26.67620154,67.71257107,6.23387237,162.2683449,jasmine
100,59,66,18.62587582,77.68073976,6.51842278,111.5199708,gerbera
96,62,62,17.3906176,64.72378943,6.859548896,114.0113056,gladiolus
111,60,68,21.33835792,78.88067667,6.387700204,107.1426367,rose
40,38,53,22.14320556,52.31370478,6.900672665,59.9769329,lavender
90,45,57,25.86646473,60.81742731,6.600972942,160.9924362,hibiscus
75,51,45,18.03903156,67.17693203,7.18168595,85.0311137,daisy
62,52,53,23.558724,51.63583083,6.536126666,114.7016481,marigold
104,60,58,11.76562708,71.25661699,6.577499746,99.3209381,tulip
75,54,71,19.80233165,69.68350356,6.379791553,130.44252,lily
57,39,46,19.90097097,83.49413473,6.136630345,168.1796309,orchid
43,33,56,23.44622129,79.31311684,5.323751704,168.899666,orchid
67,54,79,18.54554492,67.30448014,6.450515568,151.0185951,lily
95,68,57,23.90655095,71.68707736,6.039525557,130.7048112,chrysanthemum
61,54,50,14.95749039,64.47362886,6.481763823,102.6582085,poppy
89,51,67,20.16900106,71.89924527,6.656920104,129.9757019,carnation
60,45,49,18.34038467,61.97983652,6.567034392,76.6926208,poppy
100,60,59,19.84817709,70.68955735,6.541663954,134.1718789,dahlia
103,60,51,20.63904319,68.44369036,5.854701927,125.6354703,rose
98,48,69,19.11073106,71.18957691,6.596000847,123.66181,gerbera
102,61,67,27.37074216,71.62438573,6.632600194,115.1854895,gerbera
100,58,64,15.76281506,74.88454145,6.270931475,116.2653136,tulip
65,58,65,24.6811272,64.04461972,6.264647293,109.8186658,sunflower
95,61,48,18.67953488,68.78744494,6.421539974,122.5705242,rose
83,51,54,22.99205262,77.97075428,6.61866292,149.6794906,jasmine
82,46,51,20.72526512,62.72868251,6.722969409,95.2758311,petunia
88,58,66,22.59021913,66.3081003,6.257468935,114.0366335,lily
89,60,50,23.17999265,71.26841424,7.112462926,140.3105373,jasmine
105,54,62,22.49764924,65.59913249,6.220940625,114.220296,rose
85,58,69,20.53023338,68.0265652,6.246030293,99.1718617,lily
85,59,44,23.30563757,74.0556314,6.753874535,155.2594515,jasmine
86,64,78,21.21229518,67.03427774,6.866695639,126.0666942,dahlia
105,58,78,17.62061301,75.39833812,5.945357509,139.0253334,carnation
66,40,55,21.75987827,61.28527645,6.925867324,102.6206708,zinnia
47,49,55,24.33675987,52.1182677,7.088680791,68.9008182,lavender
98,66,60,24.70378522,68.15016737,6.772951335,119.1573557,dahlia
69,48,53,26.36934745,59.17784821,6.446188098,117.8827845,zinnia
73,47,50,20.52213293,63.3147294,6.538791223,115.6222832,hollyhock
94,55,76,16.07278657,65.87576332,6.704578434,106.4708683,gladiolus
99,66,62,17.91012531,69.84277994,6.596595663,130.0531707,chrysanthemum
94,69,66,20.51374076,73.9125623,6.284554255,121.8303106,gerbera
70,62,70,24.52274052,60.87903177,6.312018113,95.6534543,sunflower
98,68,56,19.38724614,72.30277976,6.671397437,118.300217,chrysanthemum
76,40,59,27.57120544,81.65535158,6.531075677,196.335887,lotus
80,61,58,13.86273191,66.52673984,6.996819,110.9363527,tulip
80,60,70,21.19956759,70.92541699,6.040910054,113.5083917,lily
87,55,62,20.80663785,65.61350522,5.905607543,118.4026629,gladiolus
108,64,61,20.35186365,74.36576861,6.67005509,123.6888428,chrysanthemum
99,57,69,18.18224973,72.4307978,6.749554414,117.724025,carnation
71,47,51,20.14062372,55.82137384,7.006490564,127.2364164,daisy
85,44,35,26.09139951,75.61573936,5.991120269,134.8540394,jasmine
96,63,75,17.01161995,73.13537827,6.740625648,123.9871387,carnation
68,47,44,20.87772903,60.37555857,6.52418873,90.6230017,petunia
63,55,40,22.61817863,65.54631797,6.137193425,98.9087792,petunia
99,61,59,21.447576,70.4566668,6.427252313,112.0424828,rose
103,55,54,19.96047429,67.69159316,6.302345592,124.150362,rose
82,47,56,25.49399901,70.30104349,6.493243655,130.8315656,marigold
93,57,65,15.07769214,72.41375252,7.01051901,124.1603769,lily
105,62,67,19.62203907,66.63271272,6.24826816,120.5739038,dahlia
79,49,53,26.00184313,60.29360145,6.662584553,108.2213253,zinnia
100,58,54,20.88926685,69.50920197,6.427096585,106.1675201,rose
72,56,49,19.57202533,70.70928152,6.152506676,101.1351353,hollyhock
85,48,53,24.1098785,60.86525512,7.094903451,75.0960711,hollyhock
46,32,59,22.74308135,47.41662227,6.910381137,75.2873566,lavender
39,33,48,20.59632047,47.79314884,7.406329155,86.9436348,lavender
63,54,55,24.53763469,81.54470091,6.829891878,224.0981016,lotus
92,66,68,18.86204592,71.54574974,6.486036954,105.4713618,carnation
72,58,65,27.29613611,53.01713049,6.716480233,99.3563022,sunflower
75,52,45,27.33830281,60.65382032,6.607535222,105.8390013,hollyhock
44,38,44,22.61729067,49.66931721,7.357269054,101.0454261,lavender
80,45,50,20.71714478,59.7387889,7.336489392,106.6021774,daisy
91,48,43,17.98256408,68.05601987,6.869136363,102.9032632,daisy
65,53,50,23.51378413,62.25763009,6.642736424,100.2271661,petunia
84,49,55,20.79946391,63.07540315,6.552337214,109.4594706,petunia
67,53,47,17.00514955,60.68444201,6.915798281,97.0363179,poppy
122,58,54,21.49216723,68.79087989,6.870490192,116.6013835,chrysanthemum
82,72,50,20.30018904,65.4838607,6.816884253,96.975609,sunflower
100,65,53,23.32451044,73.76627448,5.45850665,108.0465712,rose
92,57,65,22.53523436,63.01704489,6.251954278,125.7797607,rose
70,44,44,26.08385403,61.10970029,6.195409365,115.7364538,zinnia
85,60,69,22.97926874,71.66512816,6.220113468,114.0970522,lily
47,41,45,20.08197629,49.12633362,7.14544198,100.8865906,lavender
106,62,71,24.3760596,65.69238538,5.930475599,127.3787876,rose
111,62,60,21.77474296,73.29274193,6.820954215,135.539827,chrysanthemum
80,56,58,22.51412656,47.75066536,6.642691671,146.1892313,sunflower
77,47,66,27.0362725,63.05545682,7.076301508,160.9650094,hibiscus
99,61,49,19.9079164,67.6315152,6.533834587,131.9333685,chrysanthemum
90,61,57,20.307695,70.44670516,6.509299857,133.9692018,rose
80,54,72,26.28976908,67.60989847,6.581952768,131.4297379,dahlia
68,47,44,16.94458598,62.84957887,6.429865462,127.0334682,daisy
79,51,67,25.65312633,56.52289144,6.74301654,83.3564715,sunflower
110,59,54,22.1895114,65.29135315,6.49253592,117.7941393,rose
63,46,53,14.15902242,65.40014558,6.762355971,94.4594663,poppy
70,50,52,23.18564047,62.74706706,6.47338512,102.6617864,marigold
79,56,61,25.73556032,57.0623688,6.4648703,99.6418842,sunflower
66,54,51,22.28445544,67.93811344,6.439607373,107.4368811,daisy
78,47,54,26.36683392,71.0442716,6.589952676,144.1236278,jasmine
102,47,50,28.85527488,80.02437155,7.318451073,168.1254935,jasmine
61,46,50,15.52108981,60.90747143,7.104797178,113.4561954,poppy
103,57,67,20.26560939,78.38958917,6.661172451,102.1427627,carnation
87,49,63,26.84106615,62.19628844,6.722672912,165.7329621,hibiscus
68,51,63,22.31283586,84.08808254,6.53703955,215.1798478,lotus
70,50,57,24.35463392,77.29187347,7.168706353,242.2246937,lotus
66,52,42,23.50933254,64.51231479,6.201638678,128.5978233,hollyhock
79,62,71,22.98183791,66.96852738,6.682845063,128.8563309,lily
98,55,47,28.2025409,72.27142204,6.955832103,157.2709923,jasmine
110,59,52,23.11562836,69.64355147,6.266100925,117.8649855,chrysanthemum
79,46,52,23.75567906,76.15155818,7.00287579,182.1356623,lotus
79,47,70,21.98293922,71.51177147,6.385537903,117.6095665,lily
98,55,71,19.69854194,74.0651538,6.107440836,124.787406,gladiolus
111,59,67,18.25319422,74.07960856,6.96720446,125.0364673,chrysanthemum
62,54,54,24.07540343,63.49136899,6.555047329,122.3886728,petunia
58,53,54,15.0353859,68.70593673,6.835367805,109.1227124,daisy
78,54,56,27.03388574,62.97639377,6.568477772,91.7219304,petunia
121,70,58,24.42892738,70.5815038,6.610589467,105.5261481,rose
100,59,68,23.08802882,69.034007,6.331248696,121.4575328,gerbera
103,58,43,21.86426283,67.07626188,6.408861909,147.7343414,rose
100,57,64,20.68450603,69.43333272,6.916337979,109.7259619,chrysanthemum
84,51,52,26.61303896,74.22241786,6.726874204,147.0399237,jasmine
88,54,67,18.14772687,76.77434614,6.16487784,106.1620847,carnation
73,59,61,25.21473252,49.12279851,6.631060111,97.2289035,sunflower
105,59,61,17.02864251,66.04855319,6.218703475,114.6658269,carnation
96,60,62,19.11481711,74.52886526,6.670584696,121.358924,carnation
98,54,65,22.25729348,58.74382374,6.918360471,125.3009608,dahlia
77,48,52,26.4514692,82.9397125,6.583725733,178.365384,lotus
79,47,53,27.43138612,64.48723985,6.228932584,101.2743539,marigold
107,55,65,22.7682488,71.25144848,6.388888653,107.5650748,rose
87,47,51,24.95894276,66.75357309,7.458079728,103.6295747,marigold
83,48,51,27.03934303,75.44189395,6.525076768,147.4931743,jasmine
110,57,61,22.031481,68.39070439,5.968097065,120.3676526,rose
72,57,69,19.00580077,67.26387777,6.400025234,124.0394213,lily
109,61,78,24.79893728,67.48832963,5.913337868,95.9033052,rose
65,51,49,13.2114045,64.05408548,7.276667368,99.9105509,poppy
70,57,61,25.59737287,80.99666531,7.193606486,214.120878,lotus
73,53,54,23.03502635,56.67506819,6.149138388,116.0958959,marigold
78,53,56,25.49130292,64.83601503,6.673079292,127.2814066,marigold
98,52,74,19.67715915,63.46391926,6.413307106,112.9704873,dahlia
82,48,55,22.10665353,65.32742781,6.758013836,129.7773443,hibiscus
83,42,47,25.94302969,68.26209612,6.680274922,103.3376057,marigold
107,72,65,21.18494117,72.80485569,6.077577388,89.428132,rose
94,55,61,16.76390618,67.47527938,6.392249724,101.888748,gladiolus
66,41,56,29.01934889,88.32135908,6.974970284,246.4356822,lotus
78,61,77,21.4654145,70.35034473,6.564299743,116.3900224,lily
75,48,44,19.6051804,58.03738369,6.613983492,133.4231491,hollyhock
54,36,49,24.36058976,78.7405274,5.257121237,216.1114887,orchid
82,46,61,27.45441372,60.70067447,5.950178286,137.4913109,marigold
77,44,54,29.27653343,71.58220313,6.649353483,151.0507824,jasmine
98,57,69,15.4793063,64.36257565,6.829575581,100.8721663,tulip
77,51,65,25.3373852,78.57702968,6.34422352,224.5728641,lotus
92,50,76,19.90727467,67.76511829,6.611634127,122.395325,dahlia
82,73,61,21.19561824,71.87007586,6.782537627,104.1018506,gerbera
115,64,53,20.68869933,69.95749824,5.833361657,130.6949765,rose
95,61,68,21.28229449,63.83245227,6.521002548,100.5290409,gladiolus
77,51,49,26.77010804,68.06410113,6.938380115,164.6043337,hibiscus
96,63,68,23.69823455,69.15945357,5.97706128,114.9131871,gerbera
74,55,50,25.3757544,60.54555115,6.682916313,113.6936212,marigold
87,58,73,14.31394592,69.65387492,6.556054101,108.5753175,tulip
105,64,49,23.35840048,65.34950496,6.371179601,108.5511127,rose
66,44,46,14.28179145,59.10187092,6.602895174,91.8014323,poppy
99,56,79,20.073938,76.57344612,6.436971731,123.0263383,gerbera
50,47,56,23.06685186,79.48531901,4.91456004,150.3683846,orchid
56,51,61,13.34128188,60.86195878,5.942962791,91.3887765,poppy
70,58,57,20.82717321,59.98734592,6.395918247,102.4448692,hollyhock
74,47,47,22.07535165,62.44792773,6.562990257,106.722173,hollyhock
79,47,57,24.99618102,66.61125402,6.931240666,134.1924676,hibiscus
50,29,43,24.0421855,77.47573106,5.679816761,158.5067792,orchid
79,65,56,25.30886924,65.81662974,6.548275989,94.1163862,sunflower
87,49,54,27.96846513,82.35825457,6.873889952,154.8869447,jasmine
75,35,58,28.12103312,83.41723753,6.971056205,210.3127171,lotus
82,44,48,24.22991429,75.11864213,7.093092624,170.9352572,jasmine
92,54,86,18.48414134,68.59609968,6.715980887,119.2296294,carnation
82,47,57,30.74724531,60.54864576,6.566349244,127.4406137,marigold
72,51,56,21.80155965,62.85785307,6.671084609,124.8484375,hollyhock
109,62,62,21.16255684,71.84842767,7.097092998,134.2110797,chrysanthemum
93,45,51,27.43799407,74.00437668,6.756874485,165.0156914,jasmine
57,52,57,25.29165438,57.87557579,6.546061826,131.2389568,zinnia
107,60,65,22.90032738,69.66983613,6.520285958,112.1445815,gladiolus
106,59,56,20.63285265,67.86898692,6.036972569,109.3073133,rose
106,60,56,27.35986022,70.53567609,5.592457224,122.7968147,rose
70,47,52,29.05468437,59.92066342,6.300265066,117.5770233,zinnia
63,41,50,18.68710711,70.42034656,6.081543066,100.3978964,hollyhock
102,53,72,13.46471782,75.3870831,5.968193145,98.8108684,tulip
85,48,60,25.72059111,59.58100198,7.312653373,152.329875,hibiscus
43,38,46,23.34186626,46.7040766,7.350670416,55.5321526,lavender
61,47,62,28.14306203,87.41103612,7.059467618,212.8614594,lotus
108,59,63,25.80757464,67.0633865,6.129758913,143.6881922,rose
70,50,62,19.84202572,70.16053554,7.001105826,108.8322662,petunia
94,55,64,18.66543866,66.66740797,6.438166009,113.9987664,carnation
87,73,61,15.40379219,77.2569063,6.678316563,97.6884222,carnation
82,63,68,23.39218681,79.45619412,5.971713824,111.6047903,gerbera
111,46,61,23.92716298,62.08565502,6.543126213,125.0774461,rose
81,55,68,23.66469456,72.75452433,6.721613449,107.5727513,gerbera
96,62,61,22.91567926,68.83647283,6.508502024,103.6197385,chrysanthemum
105,59,70,22.84882197,80.74629965,6.836108477,118.4135744,gladiolus
71,51,52,20.76897955,72.71301139,6.822440774,93.4923909,daisy
80,50,60,27.37335478,62.35577268,6.940946423,153.5944128,hibiscus
99,64,66,25.46991396,65.4687696,6.85155809,115.3076259,gladiolus
98,59,71,21.42881864,74.66826189,6.090988719,115.6402559,gerbera
66,46,51,29.51779456,87.0841204,6.601877971,212.5512659,lotus
83,51,54,25.02348839,66.22515393,6.819258327,110.1610458,zinnia
102,57,59,12.15106802,78.25155507,6.43150173,97.0793922,tulip
52,52,43,15.9854886,60.75316963,6.898520984,97.7382475,poppy
111,71,69,20.55616434,74.78895219,6.330495011,106.1213374,gerbera
74,44,43,19.48671219,59.10732624,6.591651562,100.451388,petunia
71,46,50,22.55406806,63.63301102,6.189224919,122.3498676,marigold
115,54,63,20.44098507,71.36677809,6.454036527,109.8519227,chrysanthemum
71,49,55,20.47249719,65.18536008,6.499594571,107.8739826,petunia
98,72,69,23.47784029,67.57211412,6.985561399,99.03334,dahlia
117,60,69,18.54974635,61.18647024,6.18333569,125.7609817,rose
105,60,75,25.0596398,69.35182222,6.351939789,131.7085605,dahlia
86,40,47,16.68291628,62.1264879,6.567920896,129.0895489,petunia
79,37,54,26.84210974,70.87468977,6.720097215,157.7390883,jasmine
76,46,47,24.19913173,63.69666379,6.856850646,103.1156,marigold
76,57,43,19.98493806,64.79091266,6.548609877,100.36267,daisy
67,58,59,26.49698597,60.67336195,6.47974786,111.2299333,sunflower
71,59,60,29.57794284,61.22807453,6.165365475,81.8835308,zinnia
89,73,71,16.32975099,78.6116522,7.019444396,109.6036968,carnation
47,36,48,25.3648524,48.7922277,6.58969324,63.2828935,lavender
71,58,43,22.52587258,59.25358187,6.446293207,106.7852152,zinnia
70,52,58,24.48881673,61.67417605,6.902647254,116.9302035,hollyhock
92,63,64,19.31026543,67.5072198,6.80913091,126.3641148,gerbera
95,64,68,21.8199747,72.01413159,6.308490808,110.3232037,rose
90,62,72,12.58474821,69.15130454,6.472333658,89.2402933,tulip
83,55,59,28.25772592,66.72500674,6.391056445,148.149839,hibiscus
74,48,46,25.79793628,77.36180178,6.137448259,151.7253912,jasmine
97,58,69,18.97459764,74.36560147,6.719178547,131.5698706,dahlia
85,71,60,27.52865759,63.36590366,6.47725473,102.7204125,sunflower
67,32,40,21.0016376,85.59343827,6.037433016,169.7482241,orchid
58,36,50,23.37061834,82.51747203,4.985778268,143.4063637,orchid
66,50,46,15.00624775,62.29554774,7.43196234,98.6149098,poppy
103,61,67,24.40233045,74.58761809,6.26311192,104.0664159,gerbera
86,64,78,15.3904058,73.13500409,6.253031665,89.8377884,tulip
91,70,72,22.84689541,71.48640694,6.386342758,116.8389164,gerbera
57,48,53,19.65329416,63.66978814,7.050616838,92.0563102,poppy
107,69,74,17.49475026,59.0339447,6.574290006,109.9780549,carnation
52,40,57,23.41909217,86.2901672,6.128628049,208.6861934,orchid
84,63,66,23.05205325,68.49290488,6.928010071,93.7854524,lily
78,52,69,23.74603004,60.58792607,6.662533934,150.2354669,hibiscus
52,34,54,25.05151869,44.10333029,7.79501208,77.7783418,lavender
84,54,61,25.34164339,74.19455718,6.580054144,134.6555393,dahlia
80,42,64,23.54850324,66.25537823,6.622713854,148.9554982,hibiscus
79,49,72,15.4221378,67.08622467,5.981102998,118.7089546,lily
81,56,69,21.63379832,76.02564416,6.188432676,123.1292018,gerbera
112,65,68,19.29522647,73.90146244,6.658113554,114.3098619,chrysanthemum
79,53,49,19.10750886,59.27170081,6.78808716,104.1844572,petunia
72,46,49,18.48320142,61.69504393,6.874220068,102.6669793,petunia
105,55,65,22.24198713,75.91139026,5.903721575,103.2168951,carnation
85,44,41,21.76677606,58.90151588,6.638761069,147.4121736,daisy
70,58,56,19.48608486,61.58826479,7.082462512,119.7728299,sunflower
105,63,50,21.960521,67.7795693,6.705695695,108.4481879,chrysanthemum
71,55,60,25.67558074,85.21942375,6.450257013,222.3837569,lotus
77,63,65,24.17172904,55.55105306,6.374454842,97.6188421,sunflower
51,39,50,19.56481784,77.32728869,5.370937476,196.4413216,orchid
88,50,60,21.03923303,70.98060346,6.740249925,156.4251308,hibiscus
85,49,58,28.86652841,69.30231127,7.382747628,137.2166304,hibiscus
70,49,50,14.20662778,62.11549438,6.800883367,101.1556477,daisy
54,37,54,22.78547717,81.19919498,6.119768385,210.7828469,orchid
75,46,63,26.84961375,78.50886019,6.423954331,183.0708896,lotus
83,50,47,27.61264036,62.48316093,6.474993196,123.8599707,zinnia
76,54,51,28.69409275,81.96930375,6.955578721,242.871695,lotus
72,55,51,24.88035268,63.00401417,6.753824251,91.8000494,zinnia
83,49,47,20.34041724,61.03574711,6.569789994,116.6435289,hollyhock
94,57,76,22.46864846,72.20982955,6.555965728,115.4986921,gerbera
76,56,52,20.59037917,52.69831938,6.62880633,122.335508,hollyhock
70,57,64,16.50102841,59.3476313,6.835862298,91.8054446,poppy
99,59,74,19.06449426,70.57626033,6.729575521,120.8198656,gerbera
93,51,67,21.25294978,66.56702249,6.361934687,106.8342762,dahlia
107,62,57,20.78098444,66.26976725,6.318335643,113.6852328,rose
91,57,73,14.88112844,67.68911702,6.585789639,117.4753284,carnation
94,63,69,21.45710298,68.23348116,6.349035267,115.8815289,dahlia
95,67,79,20.28753205,75.20472706,6.553080431,132.8809524,gerbera
115,60,57,19.014268,66.21917894,6.666567418,126.9357423,chrysanthemum
80,57,61,26.51711194,74.08646033,6.707855545,221.7821815,lotus
114,50,56,22.01310925,68.18792238,6.064980359,129.342749,rose
88,42,39,26.10003613,59.9917831,6.393630155,118.5002774,marigold
87,56,69,21.77855759,72.95268522,6.289807028,112.6475697,carnation
57,47,56,22.62865016,85.2811935,5.414713985,193.918642,orchid
86,53,42,25.76299,68.3028818,6.705637153,125.8751139,hollyhock
99,54,61,22.26801991,66.72461458,6.656608668,119.0410986,dahlia
80,66,85,20.87089728,79.58059445,6.347367746,103.5310831,gerbera
72,53,78,24.64425586,71.5862751,6.190236824,151.4376525,lily
72,49,45,12.91848438,57.11481046,6.959317449,91.1525063,poppy
72,63,53,24.94111962,57.30258297,6.767592377,104.4570961,sunflower
89,66,61,27.61272119,58.57955133,6.707170913,104.7287865,sunflower
82,50,47,18.38318894,67.32632115,6.881093722,126.4953352,daisy
86,58,78,23.93309997,67.36864996,6.577073016,112.7953717,dahlia
119,58,73,20.37658795,69.1809303,6.440441581,115.0737782,dahlia
44,36,63,22.57807015,53.17501262,6.729270293,68.638925,lavender
98,59,66,11.81567273,75.33900531,6.728442905,81.4512426,tulip
68,43,45,24.56433241,62.41247033,6.618611031,81.7315581,zinnia
66,51,44,22.86129326,60.90548956,6.384301159,104.2935866,zinnia
78,57,62,25.25614514,75.52470971,6.365462121,221.8304863,lotus
111,56,65,18.5416328,77.8084708,6.503537316,112.8430631,chrysanthemum
75,50,46,23.34274771,56.38957891,7.224873023,95.0736412,marigold
102,65,74,16.74155865,69.17317293,6.176719437,111.00647,carnation
118,51,57,22.32685144,73.76509316,5.769241355,137.4474563,rose
89,49,62,25.35656862,67.80413988,6.913423174,196.693653,hibiscus
91,69,59,20.93279733,63.9515825,5.703542998,132.3475588,rose
90,64,60,20.95561219,60.91577279,6.324085906,117.7045411,gladiolus
96,60,71,21.93967722,74.04240276,6.240868973,136.7930151,gerbera
88,67,78,19.95961253,62.17978158,6.575490225,113.4311097,dahlia
75,55,48,22.95311164,61.83757507,6.475946934,113.1071651,petunia
44,45,67,23.28788079,42.75305323,7.024114485,82.505712,lavender
72,49,52,21.70895776,66.66615723,7.155985602,84.3704018,daisy
96,48,68,18.88070799,69.9161258,6.237390593,120.1534216,carnation
67,57,53,18.95702776,57.81352357,6.79520879,96.8629526,poppy
83,62,62,23.57271352,65.50907768,6.237167745,119.5959742,gladiolus
90,63,81,15.63100204,71.80764597,6.454212382,95.7199224,tulip
71,49,53,28.08952905,57.37640729,6.535513811,112.4002734,sunflower
93,65,65,17.01416345,63.95913338,6.169012229,131.6915697,carnation
97,60,60,19.14257426,69.43114944,6.368235358,136.2457686,rose
104,58,71,20.76258862,67.93601828,6.051047922,107.3361101,gerbera
68,47,56,21.87122702,63.50143878,6.471202918,95.8029738,petunia
35,47,55,22.29696884,49.22678777,7.195516776,98.6709589,lavender
54,45,61,21.1225598,81.09894943,4.986470502,183.8530307,orchid
64,45,54,22.54378152,61.1014674,6.86501563,98.3798665,marigold
78,46,44,22.96328587,60.17863031,6.593842311,135.9862574,zinnia
96,60,71,18.18525518,76.97145025,6.530857295,92.5014426,carnation
107,55,73,25.5845821,66.49081804,6.331332965,133.7064887,gerbera
81,55,59,17.57144362,57.08046754,6.458882902,104.3632424,hollyhock
57,46,49,21.1555407,85.37005559,5.92648763,141.1628268,orchid
84,52,71,14.2910424,69.54350974,6.535245675,119.0635231,tulip
51,41,50,25.87211234,85.10774681,5.709142924,162.0549399,orchid
68,52,45,18.4622155,74.16910651,6.998305456,120.8272568,daisy
74,44,49,18.87299803,68.64259976,6.898678895,97.530666,daisy
86,66,65,23.89697296,65.87815436,6.907410533,114.4098662,lily
78,47,57,23.29253892,64.72927041,6.359850893,143.8128148,hibiscus
115,58,65,24.27013279,77.2467738,6.226964602,116.9558871,chrysanthemum
99,44,50,28.53055139,71.68143444,6.835711539,134.0640971,jasmine
89,46,58,26.96432412,68.59839183,6.729348152,156.5400866,hibiscus
71,51,74,27.04799813,71.61071257,6.580908118,109.7440114,gladiolus
66,48,33,20.52444508,61.67250329,6.869102096,106.7758655,hollyhock
94,57,70,23.27333828,76.6140114,6.790643417,115.2265558,carnation
76,50,51,24.76597744,62.03690797,6.523991623,100.9859934,zinnia
75,46,45,26.75347473,65.38109319,6.881134441,128.1838171,zinnia
73,43,52,23.31292328,52.44587415,6.449698544,101.7073475,hollyhock
51,34,51,18.65086574,74.9960977,5.646752435,181.6488353,orchid
86,65,67,23.5092831,77.60600139,6.158228227,113.2087544,gerbera
67,45,53,17.4580616,62.60801686,6.518296,109.6154916,daisy
78,50,45,26.7507747,59.6974487,6.736602944,140.7210145,marigold
80,48,50,25.7928057,82.17484159,7.066842377,205.8048039,lotus
88,68,73,17.37586125,77.45025141,6.910153641,167.280851,lily
94,56,77,18.52500578,68.86334457,6.382311225,123.4542577,carnation
93,52,60,19.93391329,74.1784983,6.612358379,121.0523101,carnation
97,57,68,15.78044486,67.11287439,6.742342326,112.4231693,dahlia
57,32,52,23.2132354,78.9503282,5.471890908,172.1277684,orchid
74,41,50,22.02668638,65.60144002,6.8235859,120.2190926,daisy
78,43,57,17.3508424,59.26075156,6.476432732,114.9482716,petunia
69,51,46,14.74160079,56.24117881,6.443823911,118.5448203,poppy
79,41,48,24.68200154,63.89126028,5.883263758,111.9936874,zinnia
94,67,76,19.30904703,65.30483958,6.739384291,87.4486492,dahlia
78,53,46,23.5559478,66.5055738,6.67041748,134.0230695,hollyhock
96,60,65,24.02398609,70.12357726,6.714534768,118.5223628,dahlia
80,46,57,28.34103475,72.13552422,6.577761968,163.6194347,hibiscus
87,49,56,26.5351888,61.60242095,7.383125949,131.48232,hibiscus
102,63,75,15.04428509,67.58532069,6.417302694,90.6376105,tulip
91,52,46,29.43827723,67.22545267,6.975746252,165.0087348,jasmine
90,50,60,22.64930625,64.3827335,6.391577738,95.0771991,rose
74,40,52,19.23413961,62.40662305,6.53671767,97.0670728,hollyhock
98,48,63,13.43372221,70.79656101,6.197630766,104.6677448,tulip
80,59,62,23.70892589,57.21413367,6.638242171,98.8013248,sunflower
74,62,45,29.09779201,68.71080326,6.533923527,116.827797,marigold
75,47,45,16.35299963,65.13794806,7.036449764,102.0676993,daisy
69,55,54,15.37758342,57.63581313,6.03773573,91.845914,poppy
81,39,48,23.59197566,59.19217081,6.815563796,123.4482285,zinnia
74,51,48,22.56757215,59.63249573,6.818568065,108.6369426,petunia
90,58,68,22.46594126,69.15210709,6.114299195,117.5905332,lily
110,66,49,19.04185372,59.84307129,6.11917795,130.7631338,rose
82,68,82,25.85701693,70.65685624,6.169073132,107.2118076,gerbera
87,66,84,19.848108,70.13683145,6.318314524,132.4914501,dahlia
74,45,52,24.89948816,59.99203216,7.031938531,94.9974077,zinnia
47,44,47,21.85545758,51.1685496,7.275663901,64.1253825,lavender
87,49,55,24.87151569,64.90787013,7.07857645,136.4140155,jasmine
121,66,50,20.78941482,73.0676446,5.98769916,126.6572914,rose
105,66,68,22.57410764,62.72689483,6.6247286,113.2935221,gladiolus
99,42,63,18.55935862,63.93064481,5.791918519,129.7677703,chrysanthemum
95,74,69,21.46369762,71.46349035,6.411552317,111.0240773,gladiolus
74,56,46,29.66049881,59.31476963,6.726759459,106.6255569,zinnia
53,36,47,27.74214896,78.59646364,6.432366517,188.7425356,orchid
83,53,58,24.05455078,83.73140161,7.033225952,238.8796243,lotus
81,49,56,24.17984361,69.23957912,6.317924335,143.7805965,hibiscus
72,48,50,25.40143495,62.01218408,6.831081451,124.2877553,marigold
46,40,48,21.30932903,80.87534383,5.851601144,190.556787,orchid
113,56,60,10.23997993,74.85084812,6.029212448,95.5321714,tulip
79,61,57,24.18534,72.07737628,6.202759145,119.4014382,chrysanthemum
86,44,65,27.5257576,68.79357407,6.697245294,142.2336383,hibiscus
53,46,43,26.77310005,49.52846868,7.248205649,94.3773991,lavender
78,55,55,21.68210351,64.56751625,6.585071524,98.9231312,hollyhock
91,44,56,27.17018067,72.11507597,6.850505514,153.7248771,hibiscus
73,57,66,16.77667556,70.45991275,6.595747246,101.6950857,tulip
71,52,48,18.50976697,69.63874137,6.520901923,127.9160373,daisy
84,62,67,22.07297626,70.79189612,6.191864922,111.7860992,dahlia
73,47,57,24.92779766,62.4301,6.316379244,95.2892928,hollyhock
108,62,57,23.01184902,67.4900156,6.781977248,121.853924,chrysanthemum
75,50,54,23.70988818,62.38448311,6.561317413,104.7860453,marigold
105,55,74,13.61060541,71.74324729,6.522938121,103.0268848,tulip
93,56,71,22.16535279,67.90067874,6.60316034,104.8420061,gladiolus
53,43,47,25.95286275,77.47140344,5.370325124,193.7485351,orchid
107,60,50,23.71114587,69.55656944,6.626120814,101.2435883,chrysanthemum
87,53,67,21.93313425,65.36840605,6.760160611,114.1686781,gladiolus
115,69,56,19.52598795,67.49685232,6.216717474,136.4128728,rose
104,50,77,27.57874728,62.71648658,6.692850449,120.0133193,dahlia
64,51,54,25.01716334,77.2370168,6.5618823,219.3007646,lotus
97,54,71,20.44039938,66.89216362,6.75619345,120.90725,gladiolus
103,44,63,25.97549689,71.13343484,6.258853135,131.0584534,hibiscus
107,63,64,10.80480166,70.69193073,6.446635805,105.9543902,tulip
95,54,73,21.87808587,68.04588397,6.848185311,125.717162,gerbera
61,47,51,20.84315838,60.77180664,6.785891511,111.2779278,petunia
102,60,48,21.45082028,69.42845029,6.643368213,112.2259467,rose
73,50,57,24.28781127,56.97528099,6.627550766,109.073537,sunflower
80,52,54,26.88572832,76.75565349,6.912491154,155.2717231,jasmine
66,44,60,16.84858649,66.70783052,6.5898289,104.9437183,daisy
84,60,68,18.17478286,71.93578384,7.145893415,94.0372849,carnation
72,44,43,15.98733172,53.35535159,7.069193741,109.6485823,poppy
111,52,63,22.23947757,64.35473243,6.523244812,114.3780466,chrysanthemum
55,50,46,17.25911673,58.45869427,6.468208933,70.7479721,poppy
30,45,47,19.67063129,51.76426621,7.192914606,89.5939893,lavender
104,59,61,21.16901029,75.1919782,6.730877154,107.3925201,chrysanthemum
99,57,82,19.96863557,76.42118972,6.508721987,103.4938693,dahlia
78,50,51,31.00853896,61.76952481,6.760329714,122.6078528,marigold
96,60,75,24.41794531,69.97590953,6.409413111,128.9018675,dahlia
86,51,52,27.9129225,82.97958921,6.519010945,234.3389709,lotus
85,59,49,23.22898308,65.94514243,6.159058097,126.2379609,jasmine
82,57,54,26.73369728,56.43194944,7.017980915,119.2550892,sunflower
52,31,53,19.83696991,55.54315407,6.736620082,88.8270078,lavender
73,57,46,16.36323886,67.73107877,6.675222227,119.2396248,daisy
79,55,76,16.62605947,70.33914493,6.508506853,121.670589,lily
75,49,54,21.73997693,54.96716449,6.437220541,98.3340534,petunia
72,40,49,13.08130587,69.41508252,6.406209931,111.9603243,daisy
103,38,63,25.60717357,65.6543394,6.514068362,136.3684549,hibiscus
70,52,46,18.67022534,56.56697206,6.672350257,106.6030088,poppy
86,52,51,25.65309791,66.98021212,6.776851182,167.8996651,hibiscus
97,61,69,21.0564415,84.63108513,6.581357455,124.9577697,gerbera
102,56,64,23.53365041,71.86998443,6.566099627,109.1304334,gerbera
78,48,48,29.92189327,65.75894193,6.471819801,116.8512919,zinnia
87,64,81,25.45608335,62.62261598,6.713656828,102.0420515,gladiolus
86,64,67,21.02013212,74.20319029,6.611193452,107.6151948,lily
107,55,71,23.1845823,63.23478601,6.396966083,105.3797749,rose
71,68,52,27.03301297,56.88414828,6.616071949,121.8555784,sunflower
93,68,81,21.63662644,73.38958995,6.202399436,118.233687,gerbera
73,49,41,22.97924504,61.64318681,6.902573245,98.725218,petunia
84,46,42,21.82492556,60.6099988,6.447311285,109.0418102,hollyhock
68,54,62,24.87836912,58.13118798,6.4724514,106.5439893,sunflower
72,57,73,16.4005235,70.14735455,6.397143348,113.8468088,tulip
98,72,63,13.27707447,73.66578415,6.486523788,88.212357,tulip
97,56,52,24.43378975,68.16224305,6.588337967,166.3312293,jasmine
55,44,50,28.11562235,76.24635533,5.54544873,177.4696221,orchid
93,68,60,26.83965256,72.54342361,6.380799868,117.6232828,gerbera
66,48,63,28.27563056,83.0480663,6.980026886,210.9570753,lotus
89,52,49,19.85731594,72.97387651,6.466187402,102.177337,daisy
84,67,67,22.05516925,59.8226781,6.170476991,117.3177502,gladiolus
114,58,53,28.43339951,68.23687374,6.204178788,119.6381237,rose
73,49,59,20.71739158,74.14424473,6.879261312,101.4643613,daisy
73,46,46,19.0044576,63.76315317,6.549921695,103.8066003,daisy
81,47,40,24.11120389,64.01108685,6.382288863,123.2446402,daisy
90,67,63,19.555614,67.79367497,6.307027406,99.3796564,gladiolus
77,52,56,24.97793261,59.83410797,6.47449843,118.0522137,petunia
95,61,56,18.97104055,66.63971172,6.608054173,111.8234372,chrysanthemum
50,42,58,27.20661899,46.63101948,7.950971342,75.293756,lavender
66,45,56,24.04886368,83.28399025,6.00067085,211.2051106,orchid
78,50,43,27.49066705,60.02497367,6.23302543,104.8626181,marigold
73,53,57,21.57913444,62.36432359,6.833468769,120.2086327,daisy
58,62,42,17.89852635,63.72513527,6.347757288,93.5083887,poppy
96,67,66,23.00664245,67.71815864,6.606745921,102.1452207,gladiolus
80,45,56,29.79658084,68.0521735,6.646224692,148.3499175,hibiscus
90,61,64,20.79630251,68.03321335,6.341779931,122.8399246,lily
87,52,67,28.11848484,65.99506357,6.565437149,153.5783243,hibiscus
110,64,72,19.53841578,74.28456497,6.255302676,135.199935,gerbera
92,54,73,25.72918465,74.89931749,6.584595513,113.7524327,gerbera
70,57,55,23.30611303,60.20561251,6.43545445,102.9054126,hollyhock
98,68,71,20.3775037,75.53442714,6.126760332,107.0230394,gerbera
111,55,67,17.9831066,68.67175478,6.362471179,98.2356949,tulip
79,51,69,19.78141168,74.19327851,6.737398643,119.1087723,lily
92,61,73,20.41846129,71.90285402,6.909740132,120.896272,carnation
92,61,65,19.4069843,71.68871426,6.431012137,105.659314,carnation
91,65,70,23.64882867,75.0660472,6.759651517,121.1179001,dahlia
85,52,65,17.70468254,76.95833603,6.40094258,136.02569,lily
87,61,56,19.89382037,74.78345536,6.793360569,116.7294633,chrysanthemum
87,60,65,24.05527712,68.5618679,6.21886958,110.973495,gladiolus
68,46,50,15.29156277,65.35270888,6.652829082,94.2928837,poppy
72,50,61,26.98949521,88.82144943,6.402778924,218.3949051,lotus
86,52,67,17.02168765,69.84808588,6.616611149,110.9485736,carnation
94,46,66,27.52624075,67.35832247,7.450270149,134.1654077,hibiscus
85,50,55,21.28609907,63.06820106,6.966889239,110.9874079,marigold
86,47,58,27.91877603,72.16172357,6.113485369,144.4659084,hibiscus
71,46,52,17.99067631,56.22428431,6.705787264,109.7322975,hollyhock
66,55,47,16.28563072,68.11918466,6.507953663,127.8049269,daisy
103,68,71,19.89544592,58.25875067,6.671040802,110.222928,dahlia
69,49,51,28.87625123,58.00658384,6.99529672,107.4321339,marigold
109,46,59,21.31617845,70.88982297,6.82281846,125.0613609,chrysanthemum
90,54,72,24.27321849,71.75428427,6.689238184,108.3976912,gladiolus
98,54,60,21.96148916,77.98684163,6.37625863,114.02913,chrysanthemum
83,66,56,21.70188201,57.18807745,6.459988431,109.0471314,sunflower
81,48,41,22.98532483,75.85940653,7.184674847,131.4847669,jasmine
114,66,65,20.08068646,67.68063021,6.346603099,122.3548913,chrysanthemum
52,32,45,24.78241865,84.32712708,5.695133065,203.1366756,orchid
93,53,73,21.17142157,65.92533312,6.713300386,120.3531671,dahlia
92,74,71,21.3176667,64.65724398,6.774305048,130.406249,dahlia
98,72,53,18.96452847,72.63244349,6.437498808,129.3617973,rose
79,47,40,20.87407952,63.62739054,6.753848082,95.9380244,petunia
73,51,45,18.13192744,62.07132902,6.711270058,80.5679419,poppy
52,37,43,23.14203857,85.85907958,6.089996212,199.2061034,orchid
109,60,65,19.13210122,72.35961984,6.357204006,120.5259456,dahlia
81,46,64,25.22642211,70.57838173,6.585264281,120.3605505,hibiscus
106,67,74,23.59635829,78.79049512,6.466416292,127.7535561,gerbera
83,58,73,23.04164765,66.45776408,6.547730933,111.285744,gladiolus
100,58,56,26.63069546,67.9460111,5.882686721,132.3381737,rose
63,47,50,21.84345274,69.59787749,6.793141826,96.4728345,daisy
57,46,51,17.34685763,62.64716616,6.804017205,90.9556835,poppy
71,47,50,25.39964098,67.88929944,7.079712352,137.0073773,jasmine
78,54,60,31.16313058,81.28517246,6.887445347,240.1235643,lotus
53,38,50,24.81717631,50.21657171,7.015672943,76.1565255,lavender
101,69,76,12.54079506,73.44566927,6.176714614,106.8686837,tulip
72,52,49,16.86516773,73.16184297,6.716559773,134.5844991,daisy
72,53,49,20.98730778,73.39654042,7.017451028,115.6461182,daisy
89,67,77,21.16299253,60.82431555,6.358323723,112.8021433,dahlia
65,47,51,18.17618493,59.18737415,6.239982373,103.4386191,poppy
80,64,62,25.04904164,60.69144494,6.87754424,104.6893893,sunflower
89,42,53,20.56349535,60.65688553,6.420724292,100.3587887,petunia
72,45,57,23.21396484,84.19480191,6.675245944,177.3698098,lotus
78,72,51,25.47426542,55.35207129,6.827766162,110.2872167,sunflower
74,49,54,26.6308072,55.69443137,7.142962105,126.5610962,marigold
82,51,69,22.50807622,71.19064437,6.454188689,92.6970757,carnation
87,59,66,19.53119259,74.96527927,6.507091749,134.5081224,gerbera
81,59,83,16.44079341,64.59262907,6.695897416,109.8203541,lily
107,68,65,21.60015368,67.92393517,5.899241191,119.722303,rose
74,57,60,25.01335204,79.15472036,6.878539356,252.4673323,lotus
85,44,64,32.81168326,67.9319757,6.851506326,151.2677771,hibiscus
94,53,74,22.46077266,66.31988909,6.023831327,137.3329463,dahlia
73,41,51,22.66120421,62.25480944,6.445793237,106.486905,petunia
90,62,80,21.27851303,64.30891291,6.644268046,107.8637205,carnation
101,59,59,23.98562114,78.98343588,6.680668706,100.9615546,carnation
106,45,77,14.67604696,67.17191341,6.231171902,120.1167163,tulip
64,38,56,22.10209434,78.3723885,4.994863244,213.457364,orchid
102,64,56,19.50128462,71.11385361,6.205759472,141.8465269,chrysanthemum
68,59,54,26.43281953,50.85653403,6.592111098,114.5166101,sunflower
80,55,63,25.31192851,77.32535625,6.980091876,101.6565747,lily
75,63,71,21.08939597,64.4688503,6.731306781,96.5182393,sunflower
108,54,69,20.04186677,66.71175394,6.444055165,101.5370353,rose
88,58,58,20.20024352,71.54143666,6.566067068,118.1985966,chrysanthemum
102,57,56,26.4136356,69.61992684,5.821734814,133.7679292,rose
61,43,61,22.94210647,85.82921929,5.668172809,204.6681215,orchid
60,44,51,15.77927048,61.21762705,7.12271379,101.5895201,poppy
95,50,54,22.74365513,68.55799118,6.428790766,118.7256709,dahlia
49,38,51,25.86617969,51.16274484,7.435805187,61.2098448,lavender
90,56,75,11.79027441,72.88216571,6.804489788,93.8416436,tulip
43,39,43,25.80345739,85.13658567,5.430591832,164.679096,orchid
84,61,69,17.96746407,75.29311966,6.556440381,120.2641988,lily
84,45,56,24.55314791,66.91035993,7.070117284,137.9235723,hibiscus
95,62,65,20.112189,69.95538356,7.09614945,122.0397598,gladiolus
71,51,46,18.85509,61.944678,6.889262681,131.1789657,daisy
92,54,75,19.85056379,72.67460547,6.669089262,109.5477546,carnation
84,51,50,26.77362954,70.25805452,6.853931739,146.1067998,jasmine
69,53,53,25.72477794,67.26402968,6.538364549,107.7553098,zinnia
92,60,76,15.6116267,67.94942223,6.01614251,103.4100927,carnation
80,48,57,29.55405746,66.48496065,7.324798097,156.4629363,hibiscus
69,52,46,16.34784702,58.60648878,6.705228686,98.9703624,poppy
98,49,76,14.50513769,77.53812819,6.611049582,113.2158755,tulip
85,54,48,24.12685574,60.7134598,7.323024395,114.5832254,marigold
53,34,58,27.36298491,78.46452442,5.7441894,166.390119,orchid
95,64,57,23.11745429,65.4456567,6.913327409,127.4770482,dahlia
71,44,47,21.76212969,60.44608037,6.445999645,114.0075818,petunia
110,45,72,21.59055988,68.89400344,6.53928198,122.1142779,chrysanthemum
94,62,48,16.89928509,74.95672198,6.626755068,119.3112556,chrysanthemum
71,44,58,25.98246027,89.40312457,6.350207744,222.5672629,lotus
77,61,57,21.38287289,69.80719881,6.980861449,108.3807754,lily
90,55,60,24.47963425,67.30115585,6.188414927,100.0821035,gladiolus
111,64,54,25.50698578,62.39259575,6.376057128,152.8568344,rose
82,54,52,27.66668672,66.67718236,7.114647697,117.7845187,marigold
77,50,54,22.05776087,58.08824466,6.346894277,86.2517757,petunia
90,58,76,19.09265253,70.57033981,6.5906019,116.4014703,gerbera
91,56,66,22.43455881,77.23075291,6.314075021,106.1822884,gladiolus
62,40,45,25.91598788,84.65418247,5.392175747,187.6285124,orchid
50,49,59,24.5135016,81.95393965,6.009197942,201.89597,orchid
112,63,68,21.86313401,66.31605653,6.522510396,109.5559029,gladiolus
85,56,48,28.72681534,62.59466983,6.598874209,102.639168,marigold
90,60,71,16.02426818,74.89215176,6.521378332,89.4115002,carnation
44,45,40,25.79623465,80.52886189,5.910759994,153.351033,orchid
106,65,76,20.3272581,71.21594598,6.992112822,101.7362011,gladiolus
91,56,50,24.16848623,55.45279254,7.457011999,102.9174247,hollyhock
100,64,60,17.91376354,72.65717906,7.049055786,125.9158375,chrysanthemum
78,50,52,22.69831602,62.6774433,6.275885651,108.6652873,marigold
79,58,63,23.63971499,57.34882838,6.712275753,94.9671882,sunflower
95,53,65,11.43083147,75.9112622,5.973588265,113.8430841,tulip
66,49,49,17.61972397,68.68504984,6.775448101,102.8609362,poppy
59,45,50,16.15577145,68.17637065,6.81551655,62.5092117,poppy
52,44,50,23.3253236,41.98340588,7.033060267,81.2065226,lavender
88,67,71,23.53039202,64.40450476,5.761544129,103.7227483,gladiolus
91,51,72,15.05443688,72.18773961,6.974441754,105.7816092,lily
90,57,74,24.39813344,67.60787571,6.479732315,115.5711649,gladiolus
72,48,46,22.07214138,69.84431213,6.77518847,119.7028521,daisy
107,63,78,11.3157445,66.53670338,6.462757673,106.0334131,tulip
77,54,35,30.22093676,61.44164149,7.032454845,97.5211289,marigold
90,51,73,26.36077779,74.65439147,6.440959575,124.9096911,gerbera
97,63,72,21.25286147,72.94417226,6.403494301,99.0109395,carnation
105,74,58,22.75386836,67.86115292,5.849396589,137.1423422,rose
74,49,55,22.26354712,81.35984531,6.797645534,247.4896116,lotus
70,38,51,17.06098349,64.79865838,6.550303823,130.9383369,daisy
100,68,54,22.27766868,61.05706425,7.110447146,104.3825056,gladiolus
84,61,65,22.92929479,67.29530665,6.621890074,137.7283664,lily
84,59,61,23.06942364,80.7701564,6.81698368,221.8721896,lotus
102,62,64,19.32221465,72.27135406,5.995018167,137.3033401,chrysanthemum
63,49,54,23.46238373,62.2268266,6.843654272,109.6734304,hollyhock
75,48,52,17.36867927,65.55529139,6.541601793,126.2368299,daisy
81,50,49,21.37055332,61.16144003,6.882547495,114.4063976,hollyhock
82,50,67,25.68379411,80.26082123,6.944678273,179.4256259,lotus
56,30,52,26.09679978,81.67573158,6.223375161,197.1966712,orchid
34,37,65,20.57996759,52.59121117,7.024214769,81.1085417,lavender
75,46,54,27.38281261,74.05234168,6.917528736,157.7426743,jasmine
85,59,65,31.10885377,69.56451151,7.050252947,139.140529,hibiscus
64,42,48,21.59836678,65.40393071,6.927191267,117.2615962,hollyhock
84,41,55,23.16352106,68.75899025,6.760170759,167.2295602,jasmine
96,62,58,23.78500124,69.8929505,6.178151326,107.2980942,rose
72,61,56,14.44924194,59.21676156,6.652201427,116.4147067,poppy
91,61,68,13.81322628,69.88267155,6.121382423,103.8591185,tulip
90,51,80,22.26821467,66.82627439,6.400143805,91.8406464,gladiolus
76,44,52,20.46697027,60.7015213,6.559432932,111.2369387,petunia
79,47,45,25.30667579,78.49871383,6.796923782,146.2146975,jasmine
111,54,59,13.89683165,63.90244943,6.124229555,101.2832523,rose
89,54,59,25.50044494,61.76485202,6.94581198,156.3583422,hibiscus
85,45,56,19.88834549,60.76292914,6.890598759,108.5879924,daisy
76,58,42,20.49778206,65.29072971,6.583829314,112.1636606,petunia
102,50,79,13.33975981,71.15333207,6.343066523,96.5435335,tulip
75,49,55,18.72505861,52.86704546,6.635970191,115.6223751,hollyhock
95,61,58,21.65697074,70.2536398,6.459271952,102.3945363,gladiolus
101,64,48,22.31890248,68.78420634,6.576836404,117.026971,chrysanthemum
44,47,52,18.92936488,40.92195905,7.180706865,60.4471126,lavender
109,65,63,20.07766054,75.0262587,6.151376233,132.6466986,chrysanthemum
68,53,50,17.77852685,72.18421814,7.213691406,88.7297488,poppy
92,61,76,20.88560635,68.47215694,6.111457043,125.7607634,gerbera
94,64,76,18.82956892,68.14641464,6.01698371,88.9175756,carnation
66,53,61,27.65454161,67.65611654,6.765501625,121.6151834,zinnia
71,47,64,29.6713739,81.64571573,6.905414456,193.0761365,lotus
82,46,45,21.23105653,58.12899064,6.869349461,96.0589844,hollyhock
72,55,53,25.4453567,58.03750711,6.414202108,119.1077803,petunia
34,38,52,20.93816505,50.3472074,7.119287672,88.9209901,lavender
93,59,68,24.4257905,69.67503984,6.555145884,104.7485793,dahlia
73,49,41,24.1508314,50.93069831,7.514445082,128.0225496,hollyhock
82,55,53,22.14248772,68.53372613,6.356096382,113.6316256,marigold
53,42,52,21.8409343,85.98823743,6.038205027,157.4030029,orchid
89,60,74,19.5961821,66.3033296,6.977901517,102.3060208,carnation
96,59,64,21.88686425,63.06759478,6.84774309,103.7283559,dahlia
67,50,44,17.18684447,64.90848993,6.873718472,115.6050913,hollyhock
102,57,69,21.95857898,70.73329805,6.647686084,117.3586352,dahlia
54,32,46,22.19438215,85.23705879,5.735049052,154.28818,orchid
72,44,43,27.90206697,60.12919519,6.803951165,109.4369531,marigold
42,40,52,20.1582672,52.94193508,7.391135712,93.7006081,lavender
55,51,46,15.50349777,63.23711354,6.636184025,97.7655186,poppy
93,65,70,20.57268672,76.29727205,6.556084914,133.5602633,lily
87,66,74,19.95164667,72.03543081,6.146118983,121.7344673,carnation
102,63,73,21.06122755,69.37561106,6.653851134,114.0321942,gerbera
70,40,47,19.15906208,62.92659229,6.503189573,123.3395777,hollyhock
63,43,53,25.4271636,61.26406665,6.70553018,114.1709805,marigold
75,52,52,23.11720667,57.50834129,7.450951537,104.1921879,zinnia
76,39,46,22.85445992,59.81494396,6.868873198,108.7106614,zinnia
94,65,69,20.60780865,70.82302998,6.839145846,116.9947113,lily
66,40,52,17.54545676,61.69085905,7.412339885,86.8047787,poppy
90,58,74,20.55571331,74.28194932,6.525430802,127.9761412,carnation
108,68,65,27.38295614,64.93060975,6.461696191,122.7501301,rose
83,52,48,26.92924678,50.60582952,7.04462971,89.1234347,marigold
101,59,61,13.8951911,78.81642207,6.811722929,99.2559519,tulip
95,57,71,23.83337002,73.46698695,6.578285756,99.311647,gladiolus
85,51,58,25.60188295,82.40673246,6.869652894,123.5885586,jasmine
47,42,53,22.79278254,46.71701451,7.250044818,88.8816474,lavender
86,54,62,16.22805853,60.59987956,6.6361456,134.6503261,carnation
35,40,51,26.83780435,53.24077942,7.459375438,49.0478519,lavender
98,58,61,24.43886282,66.08330305,6.144302307,103.4049754,rose
68,42,48,18.68148282,68.41058211,6.610661153,117.5987037,daisy
90,58,70,22.90612717,67.94029851,6.354639228,86.4396963,gladiolus
72,49,44,21.57295109,60.82342596,6.861929354,106.0815698,daisy
85,49,67,14.31610698,71.61350532,6.396008268,88.6510473,tulip
96,46,50,23.14382354,66.71990996,6.516469273,149.444448,jasmine
81,46,51,18.08260157,63.62836153,6.988264924,98.0617238,petunia
94,53,67,22.21131746,71.64086313,6.454117957,105.4896155,dahlia
66,44,51,15.23400157,63.73627395,6.687143126,95.8912843,poppy
96,65,62,18.16870431,74.31775157,6.34706009,133.6313742,dahlia
76,43,64,26.73004078,81.54807551,6.968337653,228.3593687,lotus
47,46,49,19.53178372,52.22692172,7.630826804,85.7789349,lavender
98,61,67,19.80674188,80.39175736,6.368592267,120.3888842,chrysanthemum
76,63,62,25.9767398,52.69411149,7.014195312,127.5438499,sunflower
58,51,53,17.68208255,64.2975454,6.55078914,103.5745971,poppy
80,51,44,25.27139926,71.86708004,6.637564943,148.0719373,jasmine
77,50,49,20.21592777,59.82406635,6.828212814,93.3756738,hollyhock
68,56,41,19.98370042,68.70880204,6.391215313,94.221456,petunia
73,52,51,24.11863439,60.23639125,6.365064743,121.854339,zinnia
70,51,52,25.65168441,59.79877938,6.49851299,109.6933511,marigold
103,66,73,14.72332212,79.0447525,6.499921582,85.8175105,tulip
95,61,54,22.10677797,71.8642991,6.10131101,125.0483956,chrysanthemum
96,58,56,22.05147544,69.20716772,6.371876652,96.1443566,gladiolus
48,45,48,27.9722116,45.64265374,7.270266124,77.9433232,lavender
81,62,77,17.23210796,70.53797625,6.462175195,99.063162,lily
61,47,47,17.74947924,60.76740948,6.162053949,94.4201639,poppy
60,45,49,23.28384111,86.90909529,5.336951849,188.7715858,orchid
101,61,62,12.93566287,69.57058227,6.480694739,105.1101239,tulip
47,45,51,24.19670295,48.62436295,7.406265216,56.0732444,lavender
111,73,70,10.3266889,76.94732986,6.364905915,100.3821929,carnation
74,60,58,26.09080917,62.15201391,6.736009398,117.3622157,marigold
61,45,47,20.3545869,60.40297342,6.97206116,90.4888611,poppy
83,67,70,21.49336684,69.72338402,6.559135548,119.2047523,gladiolus
109,64,72,14.73746629,73.57518919,6.018081855,96.6533993,tulip
51,37,48,24.53610086,84.86069756,5.684664392,180.3224958,orchid
44,40,55,22.71530848,48.0601357,7.020105147,80.1688792,lavender
100,60,58,23.29205515,60.64997423,6.495847414,118.7301749,chrysanthemum
81,57,35,23.08565912,56.29340316,6.624777627,111.5351264,petunia
117,49,76,13.65439653,75.08768062,6.610326788,91.2021256,tulip
75,57,41,19.99944316,59.78922818,6.404592226,118.881508,petunia
73,46,52,22.75383005,62.11272463,6.697264301,123.0307468,marigold
95,57,79,20.82271372,75.14138241,6.418346555,133.8245647,carnation
98,49,65,23.02839408,73.64153311,6.642933356,118.2615989,gerbera
98,68,59,19.22446098,75.99052831,6.428301441,129.1141786,chrysanthemum
81,50,46,26.74555828,63.57394154,6.968557966,117.6220616,marigold
79,41,70,30.13135183,64.88392231,6.781726419,156.2619763,hibiscus
72,42,64,27.35857234,78.69453886,6.582331117,261.9544981,lotus
50,37,43,24.81812988,84.66651153,5.295022309,170.8960219,orchid
87,53,47,30.39327053,59.57714031,6.922628612,113.591511,marigold
77,39,49,17.80124302,57.16678594,6.643850336,125.3151679,hollyhock
92,49,81,21.84725623,65.00480082,6.604200394,134.0054495,dahlia
80,47,56,19.66081447,84.55099413,7.016817043,153.3485837,jasmine
78,46,48,21.63532269,68.72296856,6.557133738,163.1158377,jasmine
53,37,50,23.45863557,50.47739718,7.204314599,77.2825315,lavender
96,76,72,11.99189081,71.61814301,6.055938417,99.032803,tulip
84,47,45,26.17853889,59.79110782,6.889879545,112.4350763,marigold
97,49,72,19.7857155,69.50066153,6.179742702,128.7858147,gerbera
80,54,50,25.6714807,78.11387371,6.852350727,158.0744412,jasmine
64,50,55,24.53780811,55.9770088,6.951983362,130.228421,zinnia
90,77,64,19.69637244,65.73842812,6.560783664,114.3575599,dahlia
90,53,45,27.71495529,69.85614622,6.942417339,155.5093097,jasmine
78,54,48,23.35791133,57.68673973,6.807675275,97.5224813,zinnia
66,49,44,16.38759743,66.1082812,6.635329617,98.2180034,poppy
81,68,61,20.52914986,71.63191903,6.661511336,96.7019036,gladiolus
57,56,37,15.19537995,50.02517359,6.450613631,89.1086126,poppy
44,38,50,24.57975085,44.38239799,6.955263682,82.7952584,lavender
100,56,65,13.85528964,72.61612737,6.479325564,123.6342965,carnation
70,62,59,25.73482036,60.67736535,7.427853401,114.420224,hollyhock
78,51,44,24.0181844,60.51415192,6.167205326,98.2286393,zinnia
80,63,53,24.38979882,57.84277085,6.659650965,115.0078995,sunflower
69,55,52,19.7937775,68.54002866,6.83231075,84.9370321,poppy
96,62,64,26.05814173,75.96548167,6.598228378,139.0848428,dahlia
77,55,64,24.45436525,77.65614732,6.489625137,244.4034673,lotus
83,47,42,26.28400027,69.86919664,6.349024949,106.9160668,jasmine
100,65,60,21.79084197,68.16972418,6.352666942,114.4963364,chrysanthemum
111,57,63,20.84145577,66.13708099,6.272588681,91.3007963,rose
78,55,54,26.1479502,61.71933715,6.20171172,115.1554186,marigold
98,69,61,22.2719355,68.71169595,6.195178883,113.1666027,chrysanthemum
95,50,63,27.13523896,69.83790024,6.313359162,115.0185809,gladiolus
64,39,51,25.66631553,79.47900282,5.959274515,125.8491229,orchid
85,50,53,25.42467056,59.43433684,7.033203305,113.3047548,hollyhock
62,44,62,23.52377474,69.66915187,6.948729532,101.0978821,hollyhock
36,46,53,24.96493525,50.35532781,7.250090287,92.528164,lavender
75,43,48,28.47708387,63.27523336,6.693723689,132.7534793,zinnia
67,50,49,25.80396135,62.46603221,6.813909903,106.2623937,zinnia
77,47,57,24.53896738,69.06973827,7.152493225,194.9932369,lotus
105,64,69,22.54172274,73.18266221,6.480659921,98.0921041,gerbera
53,43,52,24.54098573,46.39977026,7.183469565,64.1721941,lavender
104,48,70,10.36404155,75.03884918,6.476385321,105.0353197,tulip
76,46,65,26.47948686,78.84911027,6.76788768,269.0888208,lotus
92,51,78,22.19881504,71.83500748,7.039780289,111.0957767,carnation
66,53,49,15.26388344,60.36964262,6.516545259,104.4505199,poppy
95,58,63,17.46087756,69.94364478,6.579531154,135.0743693,gerbera
42,48,45,19.64717492,54.11192629,7.559028967,80.1854429,lavender
71,48,54,22.46054307,64.43980555,6.630439448,105.8957919,hollyhock
67,49,38,22.84225816,63.80909751,7.202690888,107.6720625,hollyhock
77,47,55,19.22562468,63.29298875,6.113107551,112.4473263,petunia
106,58,68,22.27464937,78.46520017,6.151816132,119.5853925,chrysanthemum
45,49,44,19.06696765,43.51965947,7.556738934,96.0732191,lavender
104,55,63,23.24158654,74.54040005,6.480033921,95.8312407,gerbera
60,51,53,19.0241359,61.3844089,6.538171062,97.0768118,poppy
68,43,38,14.04585571,61.02933415,7.47408757,101.5190836,poppy
73,57,56,26.86047993,57.27510331,6.505188089,129.8195605,sunflower
106,58,58,22.53248595,67.83922512,6.986298769,98.1469672,chrysanthemum
79,59,50,24.45817053,60.96311275,6.73731543,100.0604749,zinnia
68,53,62,26.24955409,54.0354394,6.591630942,111.4698911,zinnia
87,46,58,24.6513419,72.47697967,6.611663273,171.7913332,hibiscus
79,57,44,25.97360321,63.13564423,6.498234274,105.2294156,petunia
101,54,71,21.87191041,74.50233837,6.355345682,116.3130453,gerbera
49,39,45,25.3903305,80.49746536,5.308554933,188.8332513,orchid
109,63,64,21.64868042,69.86909801,6.709915966,103.7097895,chrysanthemum
97,53,62,19.31135193,72.40993857,6.379293102,98.626099,chrysanthemum
76,48,47,17.73803524,61.00818317,6.380007963,103.8082281,petunia
81,52,61,22.46104655,65.29029168,6.30653681,111.8881588,zinnia
68,48,52,30.1352311,64.42161802,6.841791929,116.369619,zinnia
96,58,78,18.29400803,68.99461812,6.704018348,121.5734319,gerbera
98,56,80,25.86599672,68.13134324,6.883907745,131.3973742,gladiolus
104,58,65,24.38983956,76.73419641,6.16706733,105.5530362,gerbera
71,45,51,22.06592402,58.02431628,7.045873977,132.8077885,zinnia
74,52,48,16.50624749,67.07485558,6.547555805,105.444506,petunia
83,52,56,27.08066203,78.42466712,6.645224536,206.135169,lotus
74,57,35,23.27471812,64.87095483,7.04408886,109.2215427,hollyhock
75,55,52,20.91187951,56.36415701,6.568750575,92.0947758,petunia
98,57,64,22.87412439,68.80413401,7.027585663,102.5022655,gladiolus
96,60,66,24.06463167,60.54854565,6.366306936,104.1805335,gladiolus
77,52,56,26.6571728,62.49865357,7.029839131,105.7800778,hollyhock
50,43,39,26.3065446,48.37383397,7.317613351,64.6212467,lavender
89,55,63,27.68279609,64.00715097,6.699164167,142.003644,hibiscus
97,57,62,21.69668348,68.40867973,6.378073657,132.8919961,chrysanthemum
72,39,50,14.28467824,68.21223725,6.959586927,104.2774825,daisy
45,33,43,17.46432954,51.27013804,7.448297253,85.1226035,lavender
79,48,67,22.50407956,77.57381811,6.677637276,126.4401123,lily
102,66,64,21.03036589,68.1007737,6.661396928,120.2325749,chrysanthemum
80,61,74,15.96028303,73.19859075,6.733108718,113.7734957,lily
99,68,69,23.1976458,65.10375276,6.673455863,123.99834,carnation
91,50,72,25.17974886,73.11192976,6.230505222,120.534626,gerbera
63,51,43,19.18984042,61.95089387,6.785178366,88.0759467,poppy
105,64,52,15.99184073,75.77754089,6.537914318,97.7149286,carnation
84,62,76,22.18078845,67.42792275,6.705039547,119.0296709,lily
77,61,41,20.95506847,64.35353079,6.694024481,107.0254386,daisy
83,58,63,17.06941562,73.85747945,6.362362017,124.7453748,lily
90,56,73,18.51399489,66.70540172,6.391024633,120.5305706,carnation
77,34,51,17.8609016,64.58528065,7.14234921,98.8851306,hollyhock
75,56,60,29.09457634,67.59202113,6.447270211,161.2630917,hibiscus
49,45,43,25.72618042,52.17992198,6.918613977,94.1837711,lavender
81,54,43,23.83512255,65.29195437,6.712462552,97.1156858,zinnia
101,60,60,12.39435111,71.70410855,6.481083599,123.6705061,tulip
68,51,49,18.59029709,63.61976542,6.448402709,86.8290941,poppy
105,58,69,15.37257548,72.36602741,6.573825558,88.8991465,rose
52,51,50,14.79782385,69.23890712,6.842725598,117.0756708,daisy
93,56,55,18.96944814,75.65389493,6.634407476,126.4227937,lily
91,64,81,20.11425467,65.33949881,5.999651967,118.1943823,gerbera
72,47,65,26.15776218,64.61426279,6.977701663,145.0383766,hibiscus
104,73,67,22.27392895,66.33424627,6.500494211,138.3944803,dahlia
82,52,64,22.6844651,81.35819983,6.615966698,212.9857073,lotus
64,45,55,12.24203811,60.68881978,6.687501993,95.1909039,poppy
87,52,37,28.04180873,66.35851809,6.592214409,118.6071625,zinnia
95,55,72,21.45869201,64.24303384,6.833137867,131.1471842,dahlia
69,47,54,26.43830025,86.30008486,6.698721119,241.4853564,lotus
81,50,50,16.91432164,61.12931141,6.770842723,120.8595445,daisy
86,43,51,23.37160777,69.88553327,6.875909206,168.5742461,jasmine
57,58,61,22.12246479,59.54529327,6.638658634,136.3321355,sunflower
84,53,54,26.93434802,65.50195818,6.924094252,150.4723734,hibiscus
100,60,69,19.82201742,68.28861295,6.684559308,106.2799321,dahlia
78,65,56,21.99199786,53.83182235,6.553839124,104.7211802,sunflower
85,45,59,23.25638333,73.4529159,6.608912178,142.6667082,hibiscus
45,40,46,25.45502747,46.27691357,6.800805275,65.7480118,lavender
106,72,70,23.27633845,72.80695462,6.506073838,118.5652949,gerbera
78,49,58,15.30200995,68.5586067,6.719507389,119.7593649,daisy
61,46,48,16.33538307,60.73481385,7.047600107,101.0970526,poppy
111,70,55,23.15369629,63.32129033,6.20145265,108.4946585,chrysanthemum
50,43,51,18.67444468,44.89290436,6.849953169,50.8198987,lavender
98,61,57,21.37137716,78.03652405,6.651401558,126.1033005,chrysanthemum
50,43,48,17.14434626,63.95693605,6.841560984,90.3989847,poppy
58,45,51,19.014379,80.00344419,6.059150408,163.8481732,orchid
74,53,57,25.94357895,76.75004524,6.772422735,228.1312919,lotus
85,50,65,27.83609629,73.91228759,6.401923145,152.0388685,hibiscus
107,49,54,26.51043549,70.77755754,6.682739744,112.1920821,chrysanthemum
103,57,64,23.11065828,66.55613534,6.547798941,103.7840501,rose
88,62,65,24.1620611,68.60561219,6.574612953,110.6088168,dahlia
72,43,53,12.10532025,61.64265654,7.033614053,88.3818112,poppy
76,33,57,28.90975727,80.43842213,6.560131782,193.9636762,lotus
106,52,71,11.80539494,69.64453269,6.290684392,92.7054969,tulip
88,62,65,21.06098484,77.11807468,5.94579529,127.5411721,lily
89,36,49,23.31423448,68.48737786,6.926025242,111.1979158,daisy
65,48,50,14.41057811,73.55465808,6.742713374,114.576234,daisy
46,45,48,26.53716647,83.96565103,5.333033931,208.4925546,orchid
77,54,66,25.42836424,66.88994552,6.389107226,146.9480829,hibiscus
77,52,55,26.79738328,75.98419074,6.472961473,128.67284,jasmine
76,47,43,27.18114332,64.60080471,6.670247241,132.159644,marigold
73,44,59,17.10081746,70.65458539,7.017869672,103.336634,daisy
105,63,69,18.90546125,76.5321335,5.61437366,117.7232236,rose
79,47,45,17.80540037,67.82157387,7.102654039,86.7909471,daisy
82,42,54,24.80540701,71.27808035,7.65793227,154.4812936,jasmine
72,49,64,27.84018853,84.00045132,6.849867672,242.1110609,lotus
66,41,53,13.7756274,68.23672916,6.685367121,80.043278,poppy
72,51,60,27.25569293,54.36897528,7.155785177,117.6618813,sunflower
83,39,53,21.90185401,72.23973052,6.783213081,170.4098789,jasmine
94,61,79,15.97089937,75.47661837,6.386115118,89.3291101,tulip
74,48,49,20.21333971,60.56035563,7.309347614,99.0478549,hollyhock
77,69,65,26.03716375,59.85315412,6.713054401,118.3720927,sunflower
74,44,72,19.76293942,69.9408693,6.560882551,119.0939441,lily
69,57,67,24.78340208,84.69102715,6.346428165,255.107907,lotus
82,59,64,19.20821491,65.53131244,6.586578178,102.4394188,carnation
78,45,51,17.17186358,64.40936246,6.50875377,105.4951106,daisy
70,45,55,28.05948406,65.79718599,6.857199687,111.1129168,zinnia
100,61,65,22.00166318,68.48610479,6.685614728,112.3489495,chrysanthemum
87,60,76,19.85135352,72.13733355,6.409375249,121.3701429,carnation
72,48,47,20.77646441,51.01880179,6.601258846,99.8533739,petunia
81,58,64,19.91248097,68.75599655,6.221488387,123.8799172,lily
57,44,59,21.42656447,50.80752901,7.601555853,64.244,lavender
100,53,59,24.3878558,64.05709581,6.351213955,112.0461357,rose
40,37,44,18.47090038,50.87364679,7.266906091,75.1258558,lavender
105,58,51,20.94838669,66.62914193,5.959316819,117.5807143,rose
90,70,68,17.82732428,63.1367103,6.451141288,120.0378097,carnation
83,48,47,20.18833731,63.746582,7.006487429,97.3281223,daisy
100,53,69,12.39006704,70.44920033,6.396596084,94.268253,tulip
82,56,65,22.27016525,61.56099,6.751551802,118.2987683,sunflower
78,49,54,28.47551887,64.23124123,6.703105786,94.2579652,marigold
87,41,57,26.17627675,74.69943869,6.617559309,116.9813479,hibiscus
79,40,49,24.69563123,78.05379897,6.889243505,134.6371976,jasmine
82,43,64,31.22297233,74.67969113,7.067184626,147.035693,hibiscus
75,47,47,16.31065838,66.27417742,6.063973835,101.1672362,daisy
95,57,61,22.64400214,75.56876704,6.279070215,110.7236435,dahlia
77,53,51,21.19410203,62.4507535,6.511220982,133.0059156,sunflower
51,50,54,14.33427345,58.65464585,6.140065554,114.0787471,poppy
88,53,71,32.46273724,65.25313863,7.187165498,155.7475228,hibiscus
78,46,55,15.21439797,57.65345524,6.730844273,102.7891206,poppy
80,37,49,28.55687034,75.70486161,6.989619245,168.5419608,jasmine
67,49,52,19.35284684,64.904144,7.077665862,96.1361767,poppy
84,45,55,17.91652608,75.01277921,6.590454216,99.9140842,daisy
100,51,68,19.48915543,72.50729874,6.326731665,122.1211452,gerbera
70,43,61,17.71209619,55.26398393,6.487291329,104.7929725,poppy
68,47,57,24.3206749,54.52107335,6.681009033,109.0569393,zinnia
105,52,75,15.78590774,79.31848081,6.397578352,108.5478659,tulip
96,56,71,21.1729737,71.52194584,6.583264609,106.2166618,gladiolus
78,65,71,20.06636039,75.59493993,6.52175412,107.5662771,dahlia
41,40,53,19.69697692,60.38635558,7.208569729,76.7038734,lavender
80,49,51,22.9759912,73.69624418,6.557848196,149.7832159,jasmine
58,37,49,23.88313976,85.30561327,5.380190349,178.9691558,orchid
95,48,48,28.32048535,74.22492004,6.836766332,182.4750352,jasmine
69,49,51,25.80339304,63.68768302,7.184113381,115.4424116,marigold
75,54,56,24.90097907,79.29571714,6.528421436,240.3831042,lotus
85,52,61,24.42506931,68.18431689,6.377893402,151.2162381,hibiscus
88,65,66,13.76646817,69.45776863,6.934712838,96.1450868,tulip
76,51,65,26.06091584,73.40445636,7.087823587,174.9559925,hibiscus
85,56,63,27.18671461,82.09000155,6.929139932,210.2082348,lotus
47,40,48,20.91982383,43.66012805,6.85932082,79.8628803,lavender
62,52,48,12.65605506,60.10923089,6.378952461,98.2056356,poppy
85,66,69,18.17118941,70.88650813,6.69321196,119.3979187,carnation
80,59,68,22.79208444,72.74566468,6.317092065,148.3566103,lily
81,48,48,24.65894462,58.88676579,6.566971175,106.7567556,zinnia
56,56,46,20.71641937,70.96429512,6.436990874,117.9255194,daisy
77,55,45,17.96342373,65.10278986,6.794333377,105.6924994,daisy
65,44,58,25.11490234,61.02966785,6.340238702,115.3723552,zinnia
51,38,53,22.51353834,48.1354822,7.057942986,72.8202583,lavender
79,43,60,28.40393368,81.20532346,6.811260338,195.2166402,lotus
97,60,79,18.48695015,70.38337136,6.500448718,111.412489,carnation
86,48,58,26.22743738,74.93951114,6.898864381,167.6021079,jasmine
99,65,55,21.7131589,70.01994912,6.459726558,101.9955539,rose
89,54,59,25.07199925,60.90412154,6.494185073,140.7418163,hibiscus
89,60,69,16.75195909,72.93114697,6.310809006,87.1511744,lily
70,52,56,21.26702547,61.32486105,6.784939247,108.7753233,zinnia
81,56,53,24.46152928,62.56445799,6.242504518,108.3946475,zinnia
88,62,75,22.52658861,64.79511856,6.61405083,105.1754084,gladiolus
66,55,56,18.88712356,67.43047853,6.464104603,115.0221747,petunia
105,52,52,21.16053825,74.6760861,6.122122595,97.4528557,rose
70,53,47,25.52154873,61.49701481,6.667817534,118.9522874,petunia
95,60,71,24.29967879,72.07569296,6.351447282,112.6062785,dahlia
83,52,73,17.91429547,80.73638693,6.642626802,111.2902755,lily
76,55,42,23.01922434,64.32399816,5.985209879,119.5820161,petunia
85,48,63,25.46754182,67.77183533,7.055196233,155.1273782,hibiscus
86,51,48,26.4667345,70.10038537,6.961389189,129.8103048,jasmine
112,55,58,21.01972962,62.14594021,6.288836083,123.9158291,rose
78,68,62,24.21735492,57.99716562,6.32487768,119.0677299,sunflower
106,53,54,19.06051256,72.44214127,6.343421181,125.928767,chrysanthemum
85,55,69,26.24966031,52.4027753,6.810294788,78.4996024,sunflower
81,59,79,21.64584342,73.2092916,6.675119393,115.1508563,gerbera
65,41,55,31.09938102,67.53709127,6.869172736,117.1370521,marigold
75,68,74,18.24880863,62.0848915,6.918066476,111.1514412,dahlia
106,67,50,22.46158465,69.03953118,6.434546862,101.4457393,rose
108,72,67,23.28858614,66.4485258,6.690965088,119.3627184,chrysanthemum
42,44,49,22.53462945,43.0053463,7.435644777,67.1765742,lavender
76,48,59,30.40901824,80.24629053,6.883480468,220.9390838,lotus
97,68,65,20.27630066,69.88433448,6.694399015,92.4948993,carnation
84,60,62,21.78917095,79.76707895,6.883847597,209.4629251,lotus
96,52,68,22.08429764,69.07437432,6.221294453,134.3629314,dahlia
84,66,70,17.57960772,70.79730256,6.492660302,116.0034285,gerbera
63,51,61,29.90662015,82.72135476,6.297037183,196.016126,lotus
49,47,55,24.41690095,52.27456888,6.875504671,56.972817,lavender
85,62,77,16.66805651,70.60224269,6.306857813,125.6872968,lily
104,61,71,25.61212572,70.31831139,6.889657004,83.6762249,gladiolus
93,55,58,17.80821206,69.04388537,6.663082585,137.1276644,chrysanthemum
50,45,49,19.56044411,76.40127398,5.625189112,156.739147,orchid
78,50,40,22.65166152,61.42364978,6.337091577,117.1991448,marigold
43,45,51,27.03077882,52.78995416,7.063051317,53.4584496,lavender
51,32,49,23.65430865,80.25694201,5.83269506,164.9854079,orchid
104,53,59,17.62298962,67.51981031,6.667727812,127.2454862,chrysanthemum
70,46,48,21.28156388,62.34881997,7.074191095,111.6258965,zinnia
66,53,47,14.71777669,68.63547878,6.995377868,104.4880678,poppy
82,67,71,20.48512986,66.91975565,6.571738964,107.5206762,lily
69,43,39,18.92303374,65.75227954,6.271328618,124.2707175,daisy
103,73,71,12.19186342,65.8041579,6.564493995,113.2465281,tulip
54,58,62,27.82455765,81.75289575,6.749028346,205.0680266,lotus
87,63,75,22.42867329,72.61059241,6.195649052,125.6154051,dahlia
91,59,62,24.359923,66.9722195,6.792349712,181.0233906,hibiscus
83,45,60,24.56028547,72.49281923,6.865445613,150.6540367,jasmine
94,63,61,22.62623213,69.38579284,5.995992584,123.4838055,rose
77,57,57,21.92706825,62.55727852,6.777727786,91.9903758,petunia
107,64,80,10.68675358,69.90220745,6.316174135,108.6577519,tulip
89,48,69,22.42137945,75.21973356,7.04760425,120.5887651,carnation
81,49,63,21.24257418,73.01495865,6.840307952,166.2867949,jasmine
55,37,45,20.48912421,79.21940257,5.841943636,165.9417712,orchid
92,66,64,20.49915335,74.37415773,6.400612023,127.0154754,gerbera
85,66,52,26.55517498,63.31573328,6.816042556,126.3647064,sunflower
100,72,63,21.15060248,68.9264299,6.696601553,113.2854446,dahlia
64,50,51,27.2139427,69.12673915,6.290597102,109.3703137,zinnia
62,52,59,29.83659925,79.31233076,6.639004514,248.0550833,lotus
76,56,58,29.18363023,63.36184421,6.310125629,122.4459863,sunflower
96,54,60,30.37753938,61.94988414,6.300788461,117.330484,hibiscus
64,51,46,24.68632448,62.90107889,6.651690538,126.9283078,petunia
71,40,46,26.32325217,56.03568031,6.699856385,110.4097267,hollyhock
72,51,51,28.9436332,61.61881787,6.783706458,117.2947581,marigold
81,45,43,21.28953029,68.27116604,6.893679424,118.4475761,hollyhock
95,61,65,20.53035924,68.9224434,6.216644745,124.1990846,dahlia
96,51,66,17.08224631,67.92966089,6.71504566,119.7231205,carnation
65,48,48,25.96850151,63.59998621,6.541464757,120.0438939,petunia
116,63,59,22.69992157,63.49804381,6.933725594,121.9383177,rose
76,52,54,26.97874359,61.31275814,6.656010468,138.1893027,zinnia
72,70,61,26.24435772,60.66369701,6.826475983,122.5841075,sunflower
87,55,72,23.99641668,76.48374605,6.713925717,119.1906413,gerbera
87,67,73,17.88243487,68.48670769,6.405498025,102.7773511,tulip
92,46,47,23.44214868,59.77809152,6.508783862,124.2681984,marigold
72,50,48,22.30682227,67.14778914,6.662635456,96.0474747,hollyhock
67,45,47,17.10998995,68.8957075,6.116042414,96.5848687,daisy
67,57,53,17.61908378,63.1760656,6.249053479,82.4640016,poppy
79,44,47,18.98981791,67.83496139,6.924923643,85.8211852,daisy
97,63,68,19.08440601,70.6484889,6.500557906,106.704275,carnation
83,66,69,22.09388269,73.60256655,6.242384749,125.4762717,gerbera
96,62,84,21.31219643,66.72895642,6.529144628,132.8581912,dahlia
74,40,45,27.24124918,51.03829431,7.056228146,116.2547599,zinnia
105,59,70,18.95051721,76.68264652,6.086193822,117.0142886,carnation
98,55,39,22.86013445,58.5350423,7.01853543,89.6628783,wheat
120,14,43,25.60763719,87.88625002,6.442283407,62.6260853,watermelon
38,63,85,19.01902713,16.43800907,7.71743739,77.8775569,chickpea
78,50,37,25.27805737,79.81950844,6.422233029,172.9539996,jute
87,48,20,20.90871284,70.35840187,6.288567428,76.8466602,maize
73,46,19,21.61786252,67.1678123,6.728893896,78.9073988,maize
114,27,30,27.57772685,57.33498418,6.403732315,192.2881129,coffee
42,62,15,30.89099461,64.60301809,7.185510423,64.9360457,blackgram
19,16,26,25.89270139,91.40636632,6.48941754,175.705271,coconut
48,70,73,16.13376182,19.02041839,7.225924502,60.7402218,chickpea
18,22,35,26.0616487,89.86059641,6.306161712,172.7092031,coconut
77,39,23,21.8478762,64.03329525,6.4690392,90.0678976,maize
49,28,40,18.70058505,81.22556196,5.14891728,266.0486782,tea
24,15,6,24.84100857,91.65955806,7.066467542,124.817023,orange
103,21,53,26.57811337,85.33530651,6.852614786,54.2781024,watermelon
19,106,195,25.20191927,89.83338982,5.692612601,73.9669922,grapes
17,15,54,18.85334394,88.71345622,6.524751051,114.2025556,pomegranate
98,83,57,25.36612866,81.47469324,5.781998356,104.3449379,banana
15,42,16,28.6725259,86.16015121,6.818197172,52.768652,mungbean
85,46,42,14.86608429,59.05527634,6.772322824,77.7551088,wheat
54,59,55,34.03598955,92.07861426,6.608930702,140.7862399,papaya
20,51,25,27.39892803,86.06790313,7.203572189,31.0077834,mungbean
82,43,33,12.68071427,58.77119517,7.137748298,67.9264323,barley
54,29,46,22.32507207,78.70857639,4.792155967,270.4495386,tea
91,50,35,17.06871908,61.00187945,6.684084402,75.3093408,wheat
106,86,48,27.65226604,74.99554569,6.177208106,101.7811744,banana
51,40,57,27.80422286,68.91637933,5.919208084,129.0321853,tobacco
96,27,33,23.46735495,56.67727051,6.909727996,126.9349152,coffee
114,37,28,24.93795616,78.03217238,7.198417067,70.2723548,cotton
25,12,27,28.03007053,96.54135785,6.054514306,252.0546298,coconut
44,53,55,34.88557703,93.46191571,7.02157896,128.8107583,papaya
93,28,32,26.92500577,51.86910321,7.458993816,170.2796695,coffee
14,18,5,20.7402309,90.53517847,7.189998048,110.2715702,orange
72,60,34,22.29249065,82.93790698,6.076864044,170.7650696,jute
40,24,44,22.74557483,83.45201714,4.655784496,241.0399106,tea
107,15,35,27.25035589,88.88436854,5.992181046,17.8128668,muskmelon
14,49,25,28.56185699,57.04494305,6.828368736,61.8919161,mothbeans
79,46,19,19.05055813,64.85324149,6.318592176,85.3962797,maize
50,25,43,24.35949476,83.36842416,5.38345183,211.8607073,tea
21,125,178,22.83378885,75.9811185,6.190013991,69.8243975,grapes
106,98,48,25.40340551,74.48272309,5.680720988,103.6024763,banana
75,35,33,14.44015144,57.67966801,6.783946479,72.6528834,barley
26,148,210,26.27992906,84.96850996,6.01885841,52.9803419,grapes
15,18,8,21.73566129,92.2168369,6.549933442,100.6539555,orange
23,45,24,28.76406741,41.28760831,6.589901593,48.7517668,mothbeans
120,37,27,23.67151603,82.79034788,6.549172499,83.080099,cotton
19,129,176,21.69341996,99.53466965,5.439980564,112.6126327,apple
93,49,38,22.14796377,81.57549287,6.948797132,163.6302726,jute
21,21,31,25.2774316,99.56937223,6.061673013,154.2550769,coconut
9,48,18,25.87348263,50.23379499,6.327889057,51.6161136,mothbeans
22,55,18,24.04399549,36.54353597,5.367450873,126.4451128,pigeonpeas
30,129,194,22.96116079,80.78728087,6.199985475,52.8368939,grapes
20,54,18,17.18354646,21.30831445,6.016708275,91.8342736,kidneybeans
20,30,24,27.47838238,42.37171843,6.078775231,88.3777022,mango
83,53,48,24.50732944,70.79411313,6.453736323,167.3175245,jute
37,58,15,29.90607931,70.36559013,7.178259852,75.9988729,blackgram
91,42,17,20.86827463,59.16067346,6.101487422,98.2926532,maize
42,61,17,25.94962913,64.02605189,7.008407254,70.9919977,blackgram
51,41,62,26.9537431,64.54285895,6.283905146,120.2498068,tobacco
104,23,44,25.94726415,81.29447548,6.638878162,43.6505079,watermelon
17,56,23,25.69251594,52.57701485,6.066813538,124.9692921,pigeonpeas
50,52,45,33.19562659,95.31180064,6.623115753,138.4612521,papaya
25,53,21,25.31748055,87.15401263,7.166284732,58.9582488,mungbean
45,43,44,23.20347572,83.96797395,4.678748642,259.8739493,tea
90,35,37,19.05960936,50.19639813,6.727714438,66.0030351,barley
11,63,16,25.8863184,64.95564534,7.240106549,34.4013356,lentil
92,19,35,23.62692249,63.81688028,7.120637696,137.4240047,coffee
16,52,23,27.64330532,49.99356401,5.58899326,145.8097463,pigeonpeas
97,81,53,27.355402,74.65862257,6.014059355,111.3270289,banana
20,60,20,24.85866326,45.36173112,5.701074781,147.0800446,pigeonpeas
23,63,21,18.67772578,20.19771528,5.676623179,111.5948918,kidneybeans
96,16,53,25.67011606,86.26462383,6.617316897,38.715423,watermelon
18,65,20,21.40650766,13.90489947,4.523279925,108.4054563,kidneybeans
131,67,71,30.9884342,76.74929132,6.461203327,195.0205269,sugarcane
19,14,46,19.78968753,92.7312555,6.872120265,112.4802561,pomegranate
94,16,51,24.02554287,82.29716768,6.508538104,42.3020325,watermelon
17,42,20,27.54667559,87.59659088,6.564022142,61.7475169,mungbean
116,46,22,25.27521162,81.03507922,7.158659416,64.8103022,cotton
112,19,51,28.51724097,86.48842189,6.597289799,50.5750348,watermelon
28,65,18,22.4605858,61.85014984,7.582228071,52.5229575,lentil
22,14,25,25.70685423,91.75535599,6.406142491,192.6327951,coconut
68,41,36,23.11587963,77.80801673,6.635754907,190.0687808,jute
23,54,20,26.32971372,47.32332883,5.331151453,143.8211515,pigeonpeas
24,43,16,30.63164368,56.23371968,6.524859453,55.7866934,mothbeans
21,56,20,29.1963443,81.09786826,6.930381299,43.7888731,mungbean
24,72,21,28.19816837,53.18502662,5.617355305,152.7342034,pigeonpeas
25,69,12,25.01077802,59.18498571,7.322042259,38.4170592,lentil
18,150,210,20.72600902,90.44181088,5.814773031,118.1398003,apple
22,130,210,24.18711344,70.23844546,6.163975194,70.9473619,grapes
16,40,21,26.73953585,78.71809982,6.991403285,59.1608153,mungbean
19,50,18,28.53760987,45.44726975,6.293664712,46.5839106,mothbeans
46,69,14,28.71936754,75.08903224,7.133367,64.7267442,blackgram
24,24,29,31.02937639,46.07550843,5.89448413,93.5486222,mango
21,132,209,20.11229037,72.81527619,5.862365788,56.7928757,grapes
108,49,35,15.0793617,55.9281308,6.164277615,67.9584149,wheat
17,67,24,24.99276329,59.6026304,6.595525029,40.2055777,lentil
52,55,53,30.85961687,97.15712184,6.431100202,145.2895351,papaya
77,57,22,19.21918133,59.16121292,6.582405155,71.3723691,maize
20,65,15,29.54496666,40.19914587,6.335197243,143.8310935,pigeonpeas
76,53,27,13.91201667,54.5008951,7.083362956,66.2722421,barley
63,48,41,23.63965305,74.86245186,7.142763745,183.8460192,jute
111,22,27,23.00381074,49.22857574,6.82835827,186.8974259,coffee
116,18,43,28.97207258,87.35808803,6.670672763,21.6443767,muskmelon
45,65,87,20.27291115,17.30935378,7.164566383,70.2717211,chickpea
19,148,195,25.43431704,88.08526421,6.249577725,64.6837969,grapes
71,50,42,24.68292462,76.32792375,6.727713037,146.8368017,jute
55,60,59,35.05021831,90.03830484,6.708194014,141.2894395,papaya
22,138,203,21.49606134,80.72378426,5.800993536,79.7600714,grapes
16,16,11,26.18639586,87.46434974,7.347814313,121.6772187,orange
22,19,7,22.84038309,89.43050529,7.029301113,94.8260191,orange
125,36,21,21.62446952,78.41070699,6.96030947,80.9109361,cotton
17,60,20,20.62412426,24.43308172,5.321111119,82.0660881,kidneybeans
137,71,64,22.61437765,75.43309143,6.512225195,180.4349012,sugarcane
17,63,21,21.85761028,71.66605281,7.125613915,45.1640138,lentil
18,16,38,17.97991758,89.33838531,6.341888386,113.4834553,pomegranate
89,11,51,21.87039446,85.3813768,6.434137946,56.4331422,watermelon
58,30,40,24.27442329,76.27458061,4.742880177,209.6038382,tea
88,24,21,22.15208378,58.89264585,6.210639189,134.3016684,coffee
106,19,46,25.07587567,87.73331597,6.447671545,59.5838244,watermelon
20,41,20,28.32689549,53.64424811,6.435250773,61.1028622,mothbeans
21,61,24,18.43407914,64.56425804,7.242268793,34.0890565,lentil
137,71,70,34.54942947,77.66764269,6.894664578,188.3119805,sugarcane
58,30,41,22.62005448,79.10055566,5.010810333,253.1387147,tea
20,123,210,24.79457739,92.47008118,6.155882661,115.1034413,apple
114,15,49,27.85210487,90.64502157,6.448756246,20.2085897,muskmelon
13,49,15,27.44337949,51.13967837,6.584267338,47.5776727,mothbeans
20,116,209,21.59631693,93.91598051,6.164529581,117.4114381,apple
96,56,34,28.1642335,78.40213804,6.738756242,173.8610687,jute
55,42,53,30.48362388,71.82281588,5.985802851,111.6434637,tobacco
90,17,45,24.18379832,81.01673842,6.66278406,57.8676089,watermelon
100,45,37,16.45512273,57.06436806,7.256535572,84.5387154,wheat
103,54,39,23.69907173,55.58194456,7.223348665,79.2636075,wheat
14,18,40,18.84297452,89.47411641,6.519795281,111.3247207,pomegranate
16,133,204,19.95086597,96.05660804,6.006016715,113.4733646,apple
112,33,19,23.34797501,81.56146478,6.753828432,76.7961494,cotton
65,44,51,19.11379269,68.07300984,6.307615012,132.9122125,tobacco
79,47,30,17.84264715,54.35487977,6.638412244,84.8443404,barley
112,49,36,15.04798762,56.0469051,6.08416527,71.3009679,wheat
38,64,18,28.33752138,66.39620051,6.58694747,78.3717147,blackgram
17,50,17,28.45260842,52.49913616,6.564477789,48.3220688,mothbeans
29,70,81,15.98313396,12.41075313,7.761219019,94.1411039,chickpea
23,134,196,25.97972688,75.59638409,5.792875744,67.9674524,grapes
26,43,20,26.49258471,88.37109612,6.538382116,47.2192489,mungbean
66,47,44,21.61005312,83.28092959,6.945191861,192.1735318,jute
17,49,21,27.65955242,56.17622768,6.192127287,56.88188,mothbeans
14,121,204,16.73480875,95.03791223,5.860461539,151.9171156,apple
46,63,51,31.0309319,91.98213587,6.935200834,139.17608,papaya
85,49,18,21.329078,65.40645713,6.345377414,88.2097047,maize
19,125,210,22.33044934,80.38540615,5.761219355,73.2359907,grapes
99,87,43,27.76481949,80.66580883,6.047735379,107.4700237,banana
36,67,17,28.33700122,65.40181163,7.112156883,75.6117404,blackgram
94,24,37,26.10581046,53.31703997,7.131869468,161.2111791,coffee
47,58,49,35.44056579,88.76996262,6.471244228,157.5445434,papaya
60,38,66,26.69126869,66.3626377,5.735972108,96.7956738,tobacco
16,130,210,23.04177298,82.92280362,5.684958809,62.8363859,grapes
89,69,45,26.90882797,80.9733578,5.827629183,108.2246648,banana
13,16,10,22.35107246,86.46861925,6.732904646,109.2310668,orange
20,52,21,29.17104307,78.31467093,6.811316121,42.1201992,mungbean
17,22,5,24.622335,91.32704309,7.257875462,110.9576178,orange
20,48,18,27.03966083,82.62880307,6.692981812,28.9379012,mungbean
49,60,54,34.05379585,91.42738334,6.640541297,149.652362,papaya
105,43,21,21.60688414,74.02596089,6.162815725,87.2099695,cotton
99,91,45,26.93002302,87.08320254,5.711909883,125.7493827,banana
62,37,52,23.63925963,65.98230927,5.6200268,138.8938624,tobacco
75,38,18,17.3663784,61.28363408,6.701637353,54.7241906,barley
23,60,17,28.98875746,50.64018002,5.469469345,150.736421,pigeonpeas
48,63,21,29.32444643,56.82354865,6.824415062,66.5012197,blackgram
79,53,27,18.49982191,64.48093758,5.845861854,104.1042988,maize
21,23,28,32.44476272,48.13583424,6.218089155,90.2043658,mango
44,68,18,30.07595194,60.2356948,6.846596821,68.6173468,blackgram
49,27,43,20.2094329,88.37185638,5.293042101,227.7114128,tea
47,55,51,30.00548471,95.84281873,6.500373311,152.8285523,papaya
83,48,36,14.42322257,59.89181426,6.605018967,90.5480982,barley
21,68,20,21.73895909,65.98686303,6.934127305,46.8533815,lentil
93,17,49,23.52353753,85.63789954,6.248283706,26.2884329,muskmelon
50,64,89,20.55686992,13.99697137,7.609956959,73.4855745,chickpea
116,54,19,23.96041131,78.07074572,7.129695007,99.5983725,cotton
34,77,81,18.21552011,16.25031879,7.387644653,82.8023595,chickpea
82,45,39,25.29551181,76.95270131,6.763110134,202.5460222,jute
24,46,20,27.50416795,87.2795055,6.49718369,55.9499221,mungbean
78,49,19,23.39957112,66.18821328,5.836777212,73.7383947,maize
105,45,17,19.61123506,86.39788376,7.010942763,85.3320732,cotton
23,66,19,24.8157581,56.21106288,7.07117541,33.3416057,lentil
73,41,47,21.8664957,69.58365688,5.970706999,148.6122018,tobacco
127,45,20,23.73814839,84.51295913,6.537247278,71.9420035,cotton
19,22,38,21.13873961,90.57779076,7.117632891,81.8077248,pomegranate
81,31,26,14.26129797,58.83135353,6.580422388,59.626738,barley
16,45,20,27.3011501,88.61223267,6.765242045,55.2628191,mungbean
58,45,50,26.78120441,72.1255221,6.097046449,110.4459301,tobacco
63,40,45,19.36052167,69.72403877,6.043486802,115.7273744,tobacco
20,18,15,21.03646806,92.97337581,6.458841162,81.2965255,orange
25,132,193,22.78078039,81.64654816,5.907497243,66.4120394,grapes
39,68,82,17.39640301,24.59110901,7.231632232,77.6921385,chickpea
19,127,210,23.22654082,76.24688809,6.229807234,62.3185591,grapes
20,15,31,24.10383132,90.77760868,5.684466734,170.731057,coconut
14,136,210,18.49015466,92.55413142,6.134478884,113.1499919,apple
39,43,42,21.42001662,84.46065594,5.141882196,246.4861629,tea
73,43,40,25.86988208,78.42405328,6.861330457,180.5150107,jute
25,19,40,23.36313543,97.03096216,6.661223993,118.3857572,pomegranate
14,52,17,27.70072811,46.31511021,6.496290219,49.3734325,mothbeans
103,39,30,19.04637179,55.81264618,6.403642578,95.2501475,wheat
20,147,209,19.29892944,99.45556975,5.966193828,128.3046889,apple
17,24,33,30.41010064,56.23871036,5.497952813,98.3479299,mango
19,12,39,19.37435282,92.48417644,6.72132415,82.1061638,pomegranate
97,17,49,27.15152733,90.29050122,6.482377184,16.4141315,muskmelon
27,145,198,18.7562902,79.56871205,6.324248637,68.7713194,grapes
20,52,20,27.772333,47.22654834,5.914163233,151.4852167,pigeonpeas
39,68,84,19.21847766,16.00440541,7.397434478,84.7993974,chickpea
158,65,70,25.54843582,84.01093731,6.932868551,190.3213311,sugarcane
24,20,27,28.92675226,96.23834278,6.146618048,212.9358597,coconut
43,64,21,25.6262461,63.73823259,7.275113426,75.4042121,blackgram
21,10,30,24.391061,97.00901765,6.009979474,156.2024043,coconut
17,101,202,26.60102236,86.95578541,6.052414854,64.0836381,grapes
15,25,27,30.62605739,50.28324962,5.858907826,94.1540147,mango
14,18,35,19.96349472,93.97582827,6.648134629,108.8956917,pomegranate
14,64,18,25.01107775,59.95993388,6.669251304,49.0854091,lentil
47,26,48,19.43971224,84.94107724,4.888167233,238.4923309,tea
86,19,46,28.43875581,92.97006141,6.308335853,46.6035429,watermelon
93,19,53,31.69721767,91.47330816,6.567163701,24.4903377,muskmelon
84,51,18,23.30830946,60.99704829,6.107147034,87.3040508,maize
114,31,26,24.38797209,58.72713609,6.58888688,185.0775452,coffee
14,20,35,30.58135265,46.65463631,6.011971406,87.7326135,mango
20,13,10,24.92439188,93.34590729,7.288596157,107.1558564,orange
58,28,30,21.57605674,76.22429781,5.088970708,260.289143,tea
20,65,19,22.63323793,70.5433721,7.326979476,43.9328774,lentil
71,38,14,16.00357415,55.42451196,7.033343565,73.9019261,barley
94,18,45,28.11796844,93.3406175,6.3143627,24.8523189,muskmelon
94,90,45,24.18307741,73.77348331,6.081802985,88.6348478,banana
24,43,19,28.92266143,83.25657058,6.839296168,52.4431909,mungbean
89,18,53,26.39136848,94.68606629,6.242105568,25.2658262,muskmelon
84,35,26,9.78232689,56.82350728,6.373648736,70.7920293,barley
19,34,36,30.08580749,46.9889397,5.840632277,83.0193747,mango
17,49,25,26.99969464,87.12808973,6.390974184,67.5661566,mungbean
21,66,19,24.32465163,51.06085809,5.870786797,151.0750283,pigeonpeas
19,73,21,24.24691511,59.55243296,6.469625742,45.8520432,lentil
106,13,54,28.07586384,80.50982078,6.270624295,59.1412917,watermelon
100,66,65,29.79526405,81.96476445,6.924233491,205.9575238,sugarcane
78,41,38,27.74020371,84.79719829,6.690316932,173.4324749,jute
38,69,74,18.45984869,19.33339289,7.080310135,87.8135812,chickpea
18,14,10,25.30723454,92.4196617,7.298835464,93.3173369,orange
16,18,43,25.76342706,92.48170832,6.74795199,100.9284056,pomegranate
19,39,18,27.48247118,50.51473757,6.51640846,55.5313581,mothbeans
16,148,209,19.89415833,95.00547456,5.77560729,103.6159581,apple
76,46,40,25.15134708,78.27081928,7.08181442,153.9493487,jute
19,56,14,18.28511514,21.79286931,5.797577849,106.7825748,kidneybeans
96,83,47,29.51151225,76.42157079,5.843938507,98.7232273,banana
136,51,20,19.39157613,78.55596311,7.610908269,77.6933833,cotton
84,40,30,10.28533846,56.50975088,6.495594518,63.4094031,barley
128,45,25,22.65697559,79.78088656,6.523276105,80.0736268,cotton
33,67,83,15.69754668,20.31499161,7.186740655,92.5761311,chickpea
111,67,55,28.67030562,80.00366932,6.405302718,232.1071192,sugarcane
20,133,210,20.52178585,76.12989894,6.04119021,69.508877,grapes
55,24,36,22.98911647,78.95295852,4.940060789,289.3968952,tea
20,129,197,21.15715406,85.61379772,6.014542029,101.2433453,apple
16,64,19,23.1782946,23.0045171,5.554010644,104.8775328,kidneybeans
115,72,62,26.28703459,69.80210206,7.078254856,212.3332795,sugarcane
13,15,5,23.50219891,85.80475086,7.008537274,85.0662582,orange
46,64,58,32.19640995,94.04408698,6.353892316,153.3209995,papaya
100,47,40,17.30375752,54.17698257,6.580389465,80.9284914,wheat
74,49,18,17.99195788,55.92558085,6.288779972,86.625146,maize
105,80,52,25.79202963,80.34635915,5.853296829,118.0133847,banana
95,56,42,19.06736515,62.90441834,6.857783254,91.1406641,wheat
20,20,31,24.84451044,92.85408887,6.103879325,160.3926674,coconut
16,65,21,26.36033547,56.00453996,6.166924811,163.9934303,pigeonpeas
145,66,70,28.4296265,83.14552855,6.622884277,205.5510503,sugarcane
20,42,22,27.20334597,40.53805174,6.697954884,43.0644729,mothbeans
101,18,52,25.15191054,87.97072967,6.620562238,41.0987006,watermelon
25,26,30,30.65385635,50.07789524,5.371117474,77.7193894,mango
24,25,26,28.91038161,40.16821705,6.316862139,81.7614996,mango
125,62,51,31.17620749,85.88937792,6.839275371,212.1827104,sugarcane
36,54,81,18.14457669,18.66747808,7.232041758,75.695723,chickpea
77,38,30,12.14302326,54.9325219,6.164516809,60.770231,barley
14,130,201,20.09090456,91.34404017,5.877150111,112.029458,apple
14,53,16,24.40803453,85.95150063,6.623617604,39.1231251,mungbean
73,48,22,16.79582886,57.59520949,7.270249545,73.408646,barley
88,44,33,17.79244857,57.62960242,6.139307777,69.2770734,barley
19,15,5,19.84052736,85.93460408,6.969615784,102.818749,orange
83,15,50,28.89843744,90.47057992,6.408610253,15,muskmelon
18,69,17,26.36339797,45.29189618,5.673895433,141.2531575,pigeonpeas
27,33,28,28.76076513,50.70443123,5.16946819,98.8780126,mango
78,37,21,15.84618276,58.59554642,6.245465519,74.5327404,barley
14,64,18,26.12857834,47.83562757,5.71209231,163.4239509,pigeonpeas
45,58,44,28.00387797,92.60137889,6.882671607,145.9310021,papaya
37,61,80,18.3742142,18.16527384,6.991824434,63.988188,chickpea
83,57,19,26.62027276,67.70008901,6.518650234,81.1178206,maize
25,17,28,30.10230395,95.3470239,6.253789155,176.3503696,coconut
20,130,193,25.90493507,83.30697906,6.07511859,75.2220714,grapes
41,58,15,27.37566106,61.68330838,6.687455182,70.03482,blackgram
21,16,27,25.84645734,97.26617368,6.050275156,155.4488951,coconut
19,30,34,28.54478437,52.98700035,5.910351823,91.429238,mango
66,52,24,22.98192091,59.56125662,6.162832291,71.5777182,maize
18,41,10,25.92291829,58.56399098,6.379149971,50.6453691,mothbeans
23,63,17,16.04635686,19.01913961,5.608696539,101.2448524,kidneybeans
17,44,17,25.26840814,49.0734104,7.084688933,57.8852411,mothbeans
21,19,10,23.2377726,96.9150792,7.114392884,113.7398343,orange
106,15,47,25.53175646,83.25312106,6.483466846,67.7977743,watermelon
22,19,29,27.6483327,94.60957084,5.929098789,186.9031405,coconut
39,74,16,28.47610999,53.31965197,7.620428838,57.2953176,blackgram
22,61,24,26.86317781,61.38609872,6.958101006,50.1382261,lentil
121,21,53,28.14407372,91.36337309,6.162020385,24.3874026,muskmelon
21,13,13,23.14401256,89.88581469,6.538724561,108.2611451,orange
21,13,28,27.09479734,92.4187599,5.784633337,195.1258562,coconut
105,54,39,19.44124426,49.8462139,6.383107561,81.9664568,wheat
26,65,23,20.73985123,16.53069196,5.687552669,116.6458615,kidneybeans
117,49,24,22.50380787,72.13069974,6.793626566,82.9353753,cotton
104,43,45,9.94957794,61.33622181,6.980293521,74.8111858,wheat
65,36,45,23.73341292,68.95949101,6.371369342,94.2884422,tobacco
39,74,69,19.07277844,11.98655851,7.048491436,67.8734287,chickpea
113,26,35,24.61339155,65.35792541,6.793442976,169.315702,coffee
23,20,34,28.3027825,94.05419227,6.127690766,159.5434957,coconut
47,37,30,16.86324857,82.35758112,4.911482141,250.1931973,tea
17,46,15,27.01838707,47.34506306,6.462254195,43.4152694,mothbeans
63,43,55,21.44662514,75.00916764,5.372760705,113.4685038,tobacco
100,25,37,28.66779309,53.66038769,6.967141286,169.9885209,coffee
52,30,35,22.21589513,78.97800447,4.979602669,286.1736037,tea
21,132,187,19.5617811,98.14943629,5.900170705,122.38556,apple
16,51,19,27.22701022,48.93167712,6.269100077,54.5604655,mothbeans
21,49,19,31.66148765,55.46597844,6.209499241,53.9864438,mothbeans
19,68,17,23.6552146,57.07376995,7.006943131,50.1808479,lentil
19,47,16,29.88323803,53.38259031,6.44766682,46.020566,mothbeans
23,16,30,29.1975537,97.47624905,6.144052891,201.1095761,coconut
17,44,20,26.87567532,79.31176601,6.764509583,56.5869327,mungbean
13,26,26,28.79282137,50.89947076,6.117600686,106.0197993,mango
26,131,196,23.04493179,84.18847646,5.704796796,80.1432169,grapes
93,31,30,24.98067116,62.39481987,6.944182578,181.1450127,coffee
22,10,9,22.28609754,94.54883597,7.207857275,116.9908558,orange
85,42,33,9.94017097,51.78617547,7.001448745,54.9472082,barley
19,20,10,22.41906846,88.72512448,7.070154408,122.425321,orange
20,50,16,27.08320327,86.39745421,6.802629844,52.0608946,mungbean
18,17,38,22.71579765,91.66070859,6.32281,119.9853478,pomegranate
115,17,51,29.38544551,88.19200851,6.825628665,25.011644,muskmelon
18,17,8,17.98508628,90.83495919,6.908314267,117.6039323,orange
25,55,23,30.62104496,54.07472053,5.731731115,145.0233184,pigeonpeas
19,140,210,23.43638942,95.17210492,6.11804925,109.2189592,apple
98,12,45,22.99208526,85.82906932,6.517336084,45.2260996,watermelon
47,60,21,27.09969494,65.53036288,7.312337484,61.4050456,blackgram
96,17,42,24.4006467,84.79918153,7.155198273,42.1042638,watermelon
19,30,28,31.53478463,51.60848903,5.499572864,106.9045082,mango
50,28,40,21.30281479,79.68419297,4.82072649,238.7826079,tea
41,59,27,28.05830034,68.28058101,7.330764583,66.6040487,blackgram
17,70,16,17.97462887,13.96016447,5.566261406,98.955332,kidneybeans
24,122,186,25.25086957,77.24235243,6.410668238,59.9937927,grapes
91,56,40,18.41311781,64.0569904,5.992460757,95.3464852,wheat
112,37,19,24.06875062,80.64235773,7.208639721,77.6355116,cotton
13,13,10,20.21442497,93.54084339,7.010414125,86.3779494,orange
23,40,17,27.75784914,59.82780185,6.486051026,55.6004374,mothbeans
90,14,49,23.56848002,87.72820826,6.871811539,46.3595741,watermelon
74,43,23,16.56277637,65.12559887,6.86998235,76.3789832,barley
12,56,15,27.82416693,42.43467949,5.829919184,147.2034538,pigeonpeas
101,29,40,23.01281399,52.39791041,6.573540141,158.5142904,coffee
19,27,29,32.92775823,61.05261501,5.532752464,78.5623642,mango
13,124,195,19.07092441,93.51789666,5.717931949,138.9806728,apple
22,53,19,19.32896834,22.02390859,5.364224927,120.0233695,kidneybeans
27,45,17,29.5669313,56.5413311,6.73270259,67.1142596,mothbeans
84,94,60,25.77442262,78.44919376,5.985759617,108.0134815,banana
10,9,8,24.19460038,87.30305591,6.097710298,116.8541529,orange
15,59,18,23.53384562,62.91367317,6.87497678,36.177789,lentil
37,64,18,29.1040413,65.6358696,7.267469632,66.2737365,blackgram
43,66,81,18.42996563,20.37028186,7.503098229,81.9286184,chickpea
68,49,51,24.5319317,72.13063007,6.363460059,117.8005304,tobacco
14,140,210,25.54289949,90.78680773,6.022857363,119.8371243,apple
93,15,44,25.87900246,88.11574601,6.614443217,64.3959395,watermelon
123,49,15,20.99425878,77.01623149,6.601537567,87.5341946,cotton
14,27,29,32.158583,50.59790184,5.408079318,109.358858,mango
53,66,59,34.68621066,95.48851573,6.5259951,124.6537627,papaya
16,123,210,21.67710575,89.18622327,5.954156244,100.6909678,apple
31,64,15,29.9026951,59.0940323,7.07815327,76.3801405,blackgram
87,18,54,24.15847641,74.58314457,6.549737037,54.4939084,watermelon
61,27,49,24.48540035,62.54211659,5.76793354,137.144863,tobacco
26,114,210,19.67501602,86.13018482,6.281676284,58.0903357,grapes
22,49,20,29.86106664,49.69579402,6.327444065,51.9047934,mothbeans
19,63,18,19.32813861,67.14519784,6.863478824,42.3103701,lentil
20,16,21,23.96961788,99.1006228,6.393490314,170.0192792,coconut
41,64,21,29.47063434,65.28253837,7.567504988,74.6230614,blackgram
24,52,17,28.68490176,46.61314433,6.773272111,51.4081217,mothbeans
15,51,18,29.8355443,59.05083048,6.306521462,58.3461,mothbeans
15,118,173,18.28910499,89.87293713,6.388314784,106.6894439,apple
46,76,22,31.54105845,63.27682581,6.90912295,60.2141295,blackgram
84,51,39,21.19421023,61.71058213,6.510866443,84.4735299,wheat
27,52,21,23.13370941,23.39635904,5.752702114,93.3781962,kidneybeans
25,58,11,20.86072528,26.0986125,5.977416542,97.0477022,kidneybeans
72,51,40,24.04689715,74.78164222,6.431921496,145.4551579,jute
91,22,54,27.52688943,95.40686044,6.123426622,19.8774292,muskmelon
16,55,19,25.99339634,83.56347349,6.309864931,59.4710757,mungbean
16,61,24,17.66136947,20.39940867,5.180251622,100.281588,kidneybeans
12,18,43,21.75091172,90.50271032,6.748677879,100.5249054,pomegranate
22,139,204,20.32175544,93.11018335,5.86906683,118.4936673,apple
21,55,27,23.08968292,23.41638971,6.108302011,105.7774962,kidneybeans
18,12,9,24.41321631,87.41849643,6.68347319,111.5152128,orange
24,72,14,23.15356743,46.77413789,5.24447529,150.6931741,pigeonpeas
21,76,18,23.18899327,67.66990399,6.366539182,43.1051836,lentil
16,48,14,26.50237666,87.65309353,7.480743962,51.8207106,mungbean
105,13,53,25.99556596,89.74269429,6.033303702,21.4929893,muskmelon
16,25,39,18.19152087,89.59745937,6.555807624,127.0803674,pomegranate
18,121,189,22.04255981,92.96503562,5.942014951,101.0582182,apple
79,29,31,29.12844027,58.79047438,7.045921915,154.8724377,coffee
92,45,24,24.22960145,64.22675147,5.656011958,84.7681803,maize
36,55,17,25.02537954,60.64204764,6.643783541,71.8416018,blackgram
28,131,200,24.41642885,82.93286453,6.238284158,71.8712417,grapes
19,113,202,23.85771542,87.5776036,5.753518082,116.9492813,apple
108,29,33,24.67170117,64.00965835,6.802636533,158.9258248,coffee
24,131,186,23.64871856,77.28384084,6.296919847,64.353827,grapes
116,43,18,25.15869352,85.64810751,6.611556878,80.9893379,cotton
56,62,39,31.94106607,90.3144737,6.843808286,102.6277442,papaya
108,15,53,27.61899379,92.97217108,6.113077153,24.4260472,muskmelon
46,22,34,22.98859765,83.01892455,4.974224524,237.2726549,tea
80,45,25,11.67648724,52.83417774,6.348801241,75.9532329,barley
103,9,50,25.65564235,88.69708056,6.246526012,51.6854973,watermelon
120,50,73,28.06238759,74.58202615,6.57908024,205.4447345,sugarcane
71,48,11,24.07802776,69.35777983,6.298151166,71.5463918,maize
19,11,8,19.92038694,90.17706096,6.95880671,121.4934994,orange
19,16,35,20.97826573,90.41205744,7.275452067,104.7902502,pomegranate
25,64,18,27.2321541,65.71542469,7.251916024,74.7068717,blackgram
98,24,31,24.56842575,52.11119271,7.240935278,148.0436764,coffee
21,14,25,28.8523551,100,5.480429728,186.2593847,coconut
22,56,19,21.37354814,18.43271438,5.529194573,112.1000166,kidneybeans
26,129,186,18.6963692,79.12338672,5.94721744,59.1282047,grapes
21,17,27,28.03869303,99.59821674,5.867371955,183.0342344,coconut
25,33,30,29.49316426,52.29986071,5.496685389,119.160647,mango
21,80,22,23.82278779,65.01598995,6.742542162,37.4000344,lentil
58,64,54,31.06768655,91.76183473,6.609860215,126.9159794,papaya
98,19,44,24.2258006,87.78215103,6.712275528,48.6482644,watermelon
38,68,69,21.69573399,20.57158893,7.239794434,75.9530414,chickpea
24,17,7,23.98033248,91.34860678,7.157961005,104.2710715,orange
18,65,21,18.37169349,16.339192,5.261909269,107.2553013,kidneybeans
25,67,17,23.30627202,69.29186616,7.009554312,47.3302693,lentil
25,64,90,17.04787488,15.5281633,7.215172202,68.7910303,chickpea
43,28,35,20.22777445,86.06088357,5.021596784,300,tea
130,54,70,28.61222693,78.04867873,6.67213765,174.5690296,sugarcane
34,71,80,12.9567904,18.28505874,7.417548612,80.2012113,chickpea
106,17,41,26.07990741,91.6318732,6.423343094,18.3489814,muskmelon
16,49,17,26.60611708,52.62703661,6.603079261,40.5091803,mothbeans
70,47,16,17.63866778,61.54861883,6.144937903,83.6205888,maize
19,17,13,24.54378484,91.66756232,6.883527084,109.3289546,orange
83,36,22,12.67815921,54.99639854,6.856478548,81.5221366,barley
80,45,23,19.08715713,61.60705875,6.678809806,68.5127041,barley
48,33,35,21.28395983,83.25489273,4.703079042,265.2066792,tea
96,25,25,24.91741728,50.62748656,7.08404227,158.880047,coffee
93,13,47,28.36285324,93.7850884,6.260644237,21.9350109,muskmelon
18,62,18,24.82273031,62.00686495,5.553849845,116.7358638,pigeonpeas
97,14,58,26.28645581,90.33335966,6.451097258,17.9892524,muskmelon
23,21,19,32.86863982,43.16560651,5.632570379,80.9586437,mango
20,62,20,20.91508387,22.73499044,5.168430995,112.6424419,kidneybeans
16,14,8,19.26876519,89.07763446,7.211028375,94.3115626,orange
16,65,24,25.0222553,45.54563553,5.540420548,189.4857931,pigeonpeas
15,8,7,23.91340637,93.55083955,6.933546021,109.7323966,orange
104,26,28,25.57512781,52.17974684,6.69260287,144.2461838,coffee
23,68,20,19.48962566,14.18151217,5.675059942,114.8810782,kidneybeans
18,15,48,23.08012364,87.78068651,5.999616818,102.3719284,pomegranate
73,47,19,23.91826841,65.72126761,6.299235142,86.0183855,maize
108,80,50,27.41676562,71.83306053,5.825846785,95.816189,banana
49,65,88,18.35114817,13.92574775,7.854412058,89.9071085,chickpea
16,15,26,27.62849467,92.27592777,5.47630889,204.3129754,coconut
69,37,48,21.67748091,65.03068795,6.131745348,125.1134027,tobacco
92,49,37,20.02068685,56.09870633,6.459183485,103.3109261,wheat
22,54,20,29.25620594,82.27689773,6.787679637,58.636274,mungbean
103,20,57,24.28046271,79.69580926,6.39663371,53.0822441,watermelon
37,64,18,28.34255037,57.96594728,6.936035511,67.023793,blackgram
11,53,17,26.9930383,47.27483154,5.663493394,156.1214409,pigeonpeas
24,137,210,23.21180085,90.30815754,5.695945689,113.9377168,apple
20,145,196,23.57738726,83.04128736,5.966422815,77.1080827,grapes
100,17,58,27.1430863,85.76254237,6.735327645,42.7398088,watermelon
18,15,48,19.72918024,89.87612194,6.566806629,99.9045825,pomegranate
145,54,73,31.68784264,71.13586701,7.51323829,198.7250943,sugarcane
114,14,59,29.55031099,93.65912026,6.458506114,22.7573569,muskmelon
29,137,195,24.39390881,80.66472204,6.293281159,72.6964219,grapes
15,18,31,35.98599903,49.96964544,5.951547232,95.9819523,mango
96,28,34,23.78301219,52.96066043,6.876121189,129.3107776,coffee
22,122,210,22.75923767,73.30932182,6.211855419,63.6467181,grapes
102,17,31,24.30368521,57.62536722,6.68941419,170.9127427,coffee
102,16,46,30.09741425,96.96622134,6.279109629,20.9391654,muskmelon
18,14,9,22.98301129,91.97213432,7.092094322,131.7608924,orange
98,43,26,22.46586509,77.58464681,6.665611598,67.8519386,cotton
76,43,20,18.15573048,67.82388132,6.40534584,74.4442759,maize
23,46,16,27.77200689,83.64006511,7.285883366,38.1957222,mungbean
20,134,206,15.93550783,94.04620847,5.931544476,110.3303012,apple
42,63,53,33.76840414,89.01671443,6.774864457,124.2541572,papaya
106,15,44,27.09997428,95.77144765,6.266166228,25.7922681,muskmelon
31,138,207,19.39788453,79.8293048,5.803054062,62.791524,grapes
26,66,21,30.81498135,43.11317941,6.266287536,135.5217888,pigeonpeas
20,62,11,23.57928479,63.39460285,6.783476628,46.7817285,lentil
26,66,14,20.44798994,23.94705338,5.885658099,97.4491948,kidneybeans
12,138,190,19.33873421,84.0448104,6.343414636,67.6255149,grapes
80,19,51,29.01653728,100,5.878971765,32.6234832,muskmelon
35,67,83,20.40715611,12.53214721,7.226201398,84.4670361,chickpea
83,51,18,24.48853798,67.87780963,6.111483143,79.4457246,maize
14,21,42,19.53153336,89.57541109,6.879496542,115.8025738,pomegranate
107,16,48,25.30351598,81.65942839,7.02238468,38.1387118,watermelon
93,26,32,29.99686097,56.85997137,6.377906761,164.4362892,coffee
87,18,53,23.60645636,87.32810627,6.565110566,46.6892652,watermelon
19,37,20,28.69923066,53.6674971,5.608008149,41.8749084,mothbeans
100,20,45,29.08695876,92.5994313,6.46600502,30.3617675,muskmelon
83,52,41,14.37169546,54.31112289,6.692590707,84.1969738,wheat
17,140,207,23.13954291,88.40090741,5.320964034,123.2961703,apple
21,15,45,19.90418939,85.99241279,6.617240968,122.4891011,pomegranate
20,13,35,17.38591721,89.1754641,6.386121635,108.3692179,pomegranate
37,69,72,15.58112934,20.72848068,7.518150397,80.6589161,chickpea
93,16,55,28.38821526,90.40635712,6.520969163,18.4885393,muskmelon
18,45,20,28.07059078,49.38582602,5.847335367,44.0570504,mothbeans
18,17,37,19.34777602,87.9389577,5.994833211,106.0895426,pomegranate
35,66,18,29.16063915,77.62254638,7.211255568,47.6409743,blackgram
24,18,7,21.37938459,90.15703057,6.787063302,121.7466747,orange
104,25,28,22.19426769,57.45930505,7.133630186,168.9646414,coffee
20,55,18,20.00436718,15.49965907,5.56124011,109.6521585,kidneybeans
18,54,19,26.28108055,56.39686585,6.40859965,56.9640072,mothbeans
72,40,29,19.18010443,59.98887192,6.148108638,57.3511116,barley
22,51,27,25.45146016,46.88166714,5.799183978,141.5197507,pigeonpeas
24,27,39,31.78663568,50.96024558,5.607265061,96.6024909,mango
80,35,15,18.37386578,60.88089607,6.856293062,63.9267695,barley
69,34,52,24.96506693,66.66605488,6.22131408,138.1852123,tobacco
20,21,27,31.63956387,42.03503133,5.832142421,94.7643464,mango
19,143,200,22.98139936,80.68842113,6.038797671,77.2509826,grapes
21,13,10,23.34306234,96.58409408,7.26625119,119.1301599,orange
24,59,18,21.1312658,22.09007196,6.009131636,120.4976267,kidneybeans
104,49,39,18.2067819,56.34587496,6.444228223,87.3189095,wheat
11,47,15,28.34237429,80.42822981,6.344514418,60.839476,mungbean
65,49,44,23.79774689,84.66366608,6.199970978,148.0943894,jute
22,136,176,20.74646506,77.22429997,6.035735774,86.32515,grapes
22,46,19,30.54017605,59.47503575,6.415362517,46.9530919,mothbeans
113,58,69,28.89098292,74.58470765,6.507044997,213.9790614,sugarcane
50,59,20,31.96247318,68.79423883,7.349883633,73.876949,blackgram
100,20,47,21.24689459,87.47884578,6.341159403,41.4826667,watermelon
20,52,22,30.2277248,73.80014279,6.608662594,58.4570834,mungbean
17,21,39,22.45812729,91.0534964,6.50249807,103.7442203,pomegranate
20,19,42,17.83555367,90.1506831,6.543852264,115.7472943,pomegranate
117,42,17,22.29877349,77.83597254,7.026699752,77.7811173,cotton
16,142,176,19.73448994,93.78932341,5.741428538,110.1683602,apple
99,15,53,25.84194589,86.96807539,6.368491289,33.7732566,watermelon
109,49,12,25.29178084,75.60382099,7.175685099,81.6129954,cotton
82,48,23,24.42853089,58.5237069,5.84373405,91.9469178,maize
137,70,77,28.82663383,72.85654393,6.548353073,204.1770709,sugarcane
102,53,34,17.65164039,63.27016328,6.872097089,80.6930498,wheat
23,22,31,27.51510078,94.77666225,5.324368635,174.4697225,coconut
19,18,46,22.57983944,92.90870708,6.49805662,90.3284152,pomegranate
76,39,44,27.25537259,72.2106301,6.993537342,160.4104847,jute
74,39,31,12.52711371,56.34475953,6.733791005,70.4668173,barley
24,46,18,26.5261973,52.72051767,6.476422761,53.653421,mothbeans
77,45,46,24.01687612,74.34909696,6.544945935,186.142593,jute
20,126,189,23.37346924,96.30900622,5.840472391,113.552033,apple
83,47,30,15.36007725,58.07247391,7.234607234,66.311169,barley
20,25,30,28.30574742,45.14192981,6.060124172,87.1172687,mango
58,33,50,22.87204879,70.66133814,6.552401394,113.2014186,tobacco
128,62,67,31.09787533,81.33271773,7.084838491,201.5601484,sugarcane
47,26,42,23.62121183,86.68440789,4.748686933,282.2300763,tea
49,69,88,19.21388522,11.47424276,7.691450429,81.3517624,chickpea
88,36,29,24.88409892,60.94038338,7.088703551,173.1342105,coffee
15,12,36,18.21608324,95.11230623,6.365467092,102.8489681,pomegranate
19,60,16,25.514112,68.44970138,6.839935,50.4673174,lentil
91,50,45,16.13002613,48.98986594,6.643245899,78.1256732,wheat
16,68,17,21.13391919,75.95819128,6.545530026,46.7610335,lentil
25,15,6,22.69512323,92.2600931,7.106700685,112.2989288,orange
20,19,33,26.95819681,95.35198215,6.283299469,163.1685722,coconut
22,127,170,24.49582051,77.7090279,6.059811716,89.7408267,grapes
52,28,35,19.51502644,81.14184934,4.279782979,232.4677607,tea
117,65,60,27.42203493,79.61314755,5.736524274,108.7896334,banana
65,43,57,23.02495726,70.77126084,5.929073318,142.8571248,tobacco
41,73,17,31.15078111,70.55249933,7.424761103,61.3985213,blackgram
17,70,19,21.06416364,67.29580658,6.569957275,52.5136228,lentil
85,74,41,25.04825349,84.21456719,5.615180333,135.5885848,banana
16,48,22,28.28537682,91.41480742,6.837891195,55.3088577,mungbean
25,131,160,20.27737888,91.80744752,5.647350445,106.8173793,apple
90,47,25,15.2781713,60.69699323,7.15490424,77.184903,barley
76,46,42,23.23200229,80.52998857,6.585553176,151.231118,jute
13,15,46,20.66175463,90.2387206,6.627647325,115.3558743,pomegranate
51,61,46,29.67783317,93.50975619,6.080979054,137.2397426,papaya
46,32,41,19.3802198,87.67614245,5.058670407,268.2454841,tea
88,34,35,20.26464086,61.0566332,6.937104703,71.6959768,barley
103,43,14,25.38784647,82.86635736,6.280921181,93.3388575,cotton
154,78,65,30.96646557,83.4371904,6.655858149,186.8675186,sugarcane
20,15,28,25.27201846,95.14556488,5.650714965,180.4091365,coconut
90,47,21,21.43662129,73.3333163,5.996499611,77.6302776,maize
82,41,20,21.70857163,66.07084471,5.907013905,86.9232263,maize
40,67,72,18.15517078,21.19028053,7.433490495,80.3106343,chickpea
26,50,20,18.62261113,19.75611413,5.820754863,113.0332605,kidneybeans
20,139,201,20.84511308,88.41411871,6.262731887,134.6863597,apple
98,66,78,29.11683966,77.09802631,6.788653507,188.8240836,sugarcane
23,124,210,21.62626428,94.06119739,6.266635215,99.661037,apple
81,61,12,23.99107592,73.3199314,6.102542622,95.3155694,maize
99,47,41,18.27524683,55.70965581,6.74990166,94.8344597,wheat
93,50,27,10.0000336,49.60725015,7.096564298,69.5294146,barley
27,59,20,26.86597992,43.89159587,6.187058763,142.0844788,pigeonpeas
104,55,40,21.195139,67.59379714,6.859325539,68.0880918,wheat
31,52,15,20.46719016,29.46721222,5.449141545,101.8100596,kidneybeans
100,23,50,24.61992193,83.57021831,6.45490208,61.9827878,watermelon
106,30,33,25.6638369,72.67703103,6.49162287,130.6303463,coffee
97,22,58,32.43756047,91.52286437,6.473906122,16.4167873,muskmelon
51,61,86,17.8275658,16.61098084,6.839040793,77.1521059,chickpea
23,47,25,28.44704753,79.06408376,7.13557799,40.4197541,mungbean
109,21,44,23.37828498,79.96968856,6.441495035,54.730867,watermelon
15,27,31,32.38621121,50.88220778,5.589891648,85.0689174,mango
87,50,42,12.97249308,54.32040732,6.65554644,69.3600196,wheat
22,17,34,16.82820424,85.58388878,5.987849553,123.5416355,pomegranate
80,49,36,17.2719087,61.18274808,6.909835027,81.5875483,barley
31,72,73,16.44038665,19.97577893,6.735104966,64.7640219,chickpea
17,73,21,23.63077801,59.21143538,7.053220665,36.8564044,lentil
87,70,51,29.09419661,86.73571077,5.762334721,116.94417,banana
14,43,16,26.54241961,50.59141475,6.572780844,58.9253972,mothbeans
94,37,25,15.74050111,60.86364166,6.973525037,60.3823758,barley
106,32,26,24.5119433,59.47359626,7.00796528,125.5571637,coffee
84,33,27,23.78435221,49.17306206,7.322282446,137.3683106,coffee
124,41,14,20.40357052,71.10570333,6.644579294,76.9901969,cotton
18,14,9,25.19707622,94.40638538,7.258667054,93.0052753,orange
21,15,9,25.33813905,89.17232598,7.484433637,106.1356621,orange
64,34,17,22.61726516,59.37401086,5.873391977,91.7376716,maize
46,78,85,22.34360533,14.23294601,7.054183951,68.1105888,chickpea
52,72,73,17.4363103,15.08937058,7.762764163,65.8012284,chickpea
52,39,51,24.31748313,70.34008533,6.070298004,152.4884186,tobacco
19,69,22,20.61017081,19.39952135,5.525050285,121.8677712,kidneybeans
19,128,171,23.42658741,82.0048219,5.795727842,75.5924567,grapes
18,48,21,26.82167922,53.96309574,6.456800007,51.2458183,mothbeans
141,60,69,29.72533969,77.26365253,6.468342284,233.3120643,sugarcane
29,14,8,21.87375397,93.18739655,7.079065244,125.4091495,orange
111,29,28,24.91732559,58.09799808,6.559270988,167.2628584,coffee
20,56,16,21.91077714,16.20987075,5.431855071,91.7516924,kidneybeans
18,49,21,26.84531597,78.96002732,7.686328356,46.8708026,mungbean
14,43,23,28.06572675,51.08610799,6.465053494,55.9136946,mothbeans
115,74,78,29.90213993,82.99884168,6.383050879,221.5044308,sugarcane
56,42,51,24.58296315,67.95201062,5.755494244,102.5415141,tobacco
89,52,23,20.51410494,77.56972483,7.270454729,94.4779642,cotton
89,47,46,22.28365016,78.22694614,6.613427465,172.9379303,jute
18,44,24,28.19005577,91.91331752,6.824126261,49.9396014,mungbean
45,37,46,24.803029,65.45261914,6.185254238,120.6777461,tobacco
22,14,34,18.80755935,89.79638585,6.529489489,115.8761056,pomegranate
18,16,11,22.58179412,86.01340466,6.663626878,121.1529198,orange
73,41,46,16.73791504,68.94384064,6.870630909,63.7011376,barley
16,59,17,30.05217488,57.21895013,6.594826347,46.6356547,mothbeans
21,64,21,17.93080408,23.60267052,5.82777329,92.1520031,kidneybeans
139,58,55,32.94985533,80.92759228,7.076355611,216.014039,sugarcane
14,133,191,15.14110262,98.15891607,6.172192414,108.4843913,apple
44,66,78,15.78653402,16.10091951,7.070960409,83.8345501,chickpea
23,135,194,23.53825388,80.6272309,6.155392972,65.3038966,grapes
17,52,20,23.92347744,71.73336501,7.011936719,33.1706112,lentil
125,20,43,22.35508409,86.92746425,6.636816199,55.3910707,watermelon
55,28,38,21.88829034,85.26301795,5.120494687,276.0014473,tea
23,128,205,22.40919718,82.67384391,6.329399384,58.9345743,grapes
22,14,9,21.09610126,89.63198448,6.997886504,107.4126851,orange
94,51,42,18.74606284,59.84079072,6.702095475,72.3656187,wheat
16,77,9,23.71964414,70.8613748,6.8720218,41.7599114,lentil
23,28,35,32.3463627,49.30772008,5.332710529,92.4917209,mango
22,60,22,18.38207221,27.23162173,5.997788431,88.8608666,kidneybeans
26,41,26,27.48055766,53.17685709,6.173986757,45.8298447,mothbeans
18,16,31,28.02887767,97.13484463,5.562607372,144.3177166,coconut
38,56,38,35.73940222,88.74183625,7.076621083,156.1880447,papaya
83,41,31,15.67985148,57.79232656,7.153384937,56.8733944,barley
119,46,33,12.64486515,62.30041382,6.597608646,76.9554832,wheat
19,73,19,24.1825438,64.43209066,6.4657856,60.5047592,lentil
87,16,48,29.85343297,86.7318393,6.155595625,46.481808,watermelon
26,141,187,20.90194132,91.51891976,5.982712826,130.4120173,apple
56,40,44,26.08986907,64.95223505,5.96457282,138.1673905,tobacco
50,26,38,25.00485494,80.76971433,5.072045207,263.5330324,tea
15,48,22,26.4587641,91.08256038,6.605619566,60.241485,mungbean
61,42,47,25.57932736,64.29050798,6.322108406,115.4858792,tobacco
48,30,35,21.21055725,82.60240997,4.699390628,274.8923439,tea
43,33,47,24.80511641,93.46084809,4.81960147,300,tea
22,57,25,26.05532999,43.28714714,7.207884278,70.1519329,mothbeans
115,77,47,26.43643078,74.62219796,5.624404416,91.9503108,banana
87,60,15,21.75171416,63.6378655,5.613622099,81.2752384,maize
82,48,39,13.56165658,59.01273478,6.271219936,78.2466862,barley
20,138,200,16.82704468,92.48146887,6.45313276,108.6795288,apple
22,155,177,23.51846648,95.43932261,5.65665529,125.0856,apple
89,67,47,27.03683676,86.70574925,5.998078212,101.3707937,banana
88,46,41,24.12452536,80.72795953,6.831845814,173.2304227,jute
125,69,66,33.27466292,77.70261868,6.644634567,211.8465909,sugarcane
88,14,52,23.10330399,86.85282517,6.158215548,57.7853937,watermelon
114,52,66,30.70307623,83.95839764,6.318891386,223.0938753,sugarcane
23,49,20,29.32461379,82.81533558,6.275661097,53.7839755,mungbean
108,75,50,26.04468511,81.9159193,6.000098632,116.4504793,banana
20,46,19,27.78276669,84.53571676,6.96191982,52.8718756,mungbean
101,22,65,26.21344612,84.26721353,6.633626412,58.1012434,watermelon
21,16,25,25.56031158,93.61808369,6.217136668,181.8723658,coconut
19,18,37,19.97219875,86.40314581,6.935432512,107.1614044,pomegranate
21,51,22,30.83812883,43.25204914,6.700165682,59.8698884,mothbeans
85,39,41,23.37197866,78.53729167,6.851281224,184.3860892,jute
67,49,35,24.58603082,75.8758989,6.946705141,159.9343536,jute
100,20,51,26.78699322,93.36771259,6.285227422,20.5269982,muskmelon
21,148,207,20.80416951,98.81730416,6.122259281,119.8849331,apple
20,55,20,24.51499833,43.27545639,5.893739292,134.7650515,pigeonpeas
26,115,188,21.4617153,78.2403876,6.20736871,67.0617386,grapes
104,22,28,24.91705644,52.50480388,7.338999561,144.3440723,coffee
84,45,23,15.05006835,53.7279025,6.684717316,67.7382471,barley
30,71,71,17.32266189,21.39932717,6.877235261,64.6740177,chickpea
39,25,24,20.72602084,77.43223272,5.011981051,209.3719685,tea
19,18,46,22.96536629,85.79978783,6.576178724,104.5324658,pomegranate
35,66,15,32.11658991,68.95195538,7.256153749,80.359432,blackgram
29,62,18,29.50736711,58.4262557,7.059502932,60.8236086,blackgram
20,42,19,27.57893012,84.36340211,6.485081712,42.8881196,mungbean
17,46,23,24.17429729,61.88647384,6.645152338,51.6613448,mothbeans
7,69,23,31.01281728,54.18732296,6.173502803,163.1798228,pigeonpeas
24,66,24,18.00235826,16.11054154,5.367938913,121.0140736,kidneybeans
25,46,24,30.26953723,86.7205719,6.852560595,51.3810289,mungbean
111,22,54,25.17063629,81.76693711,6.292388898,55.1801128,watermelon
92,20,55,29.16708861,91.61144826,6.544964321,20.4655372,muskmelon
112,40,20,21.61918453,83.7039004,6.772677242,78.2240401,cotton
49,31,21,19.38469888,80.43372009,5.301012408,222.9999348,tea
57,33,46,24.9771024,68.24314149,6.481571464,126.2191575,tobacco
22,45,23,29.92218691,78.30766395,6.525525771,41.1557785,mungbean
26,25,29,29.83663817,44.92621635,5.505216736,80.3127168,mango
41,64,73,15.80825838,25.30512082,7.22453443,60.7443264,chickpea
14,17,45,16.6174923,94.60344631,6.736712266,101.4828246,pomegranate
108,92,52,30.75359163,76.9048432,5.526603589,82.655357,banana
88,48,40,15.91969739,67.76369586,6.448412898,94.1530936,wheat
65,36,21,17.90820533,57.90105832,6.031497268,73.7574688,barley
103,17,52,28.44457971,95.83659744,6.161920905,20.6150243,muskmelon
16,64,9,27.21403802,72.97380995,6.595347768,43.1769257,lentil
28,14,27,25.80121471,88.62831283,5.742273493,159.8173468,coconut
12,62,15,25.07571754,48.00111974,5.671462537,128.8188659,pigeonpeas
41,49,52,32.5718646,93.13821619,6.907141806,145.9842549,papaya
54,62,52,33.00323806,93.24431867,7.181301732,137.7235861,papaya
21,30,34,30.79969185,48.98163125,5.436605224,85.0774358,mango
102,84,42,24.83788692,84.21261141,5.888133454,112.1780084,banana
88,24,32,23.53303587,56.49587022,6.311806482,160.9918434,coffee
56,45,44,25.86353545,66.46327334,5.809466638,163.7896276,tobacco
110,25,28,26.53806331,55.36305469,6.79846801,164.3802202,coffee
16,35,25,31.61964142,53.1688844,5.824139729,92.7765481,mango
120,44,20,27.03088962,81.52693668,6.687989472,74.9980218,cotton
20,17,6,20.23849182,97.39617506,6.77943969,129.874499,orange
22,43,19,27.92915972,50.36466941,6.192902076,49.7145076,mothbeans
19,15,31,25.99304869,90.34800971,5.920568892,153.7539257,coconut
94,15,44,30.44616613,91.2234368,6.488126242,21.1482432,muskmelon
37,57,77,19.2470516,22.41625054,6.940612611,75.7342875,chickpea
27,131,186,22.67386607,79.02038942,5.831205431,67.5548133,grapes
26,50,18,30.64668184,52.83465999,6.566252531,51.657405,mothbeans
102,13,51,27.6894819,86.27657733,6.184903747,21.9319723,muskmelon
19,73,14,29.57826367,51.28203283,5.556142502,174.4397778,pigeonpeas
37,63,66,18.03909169,16.84173468,7.496043695,80.6890613,chickpea
45,52,53,31.40772639,89.14980951,6.266918721,134.7563524,papaya
21,15,31,31.62931713,89.39820442,6.105878057,142.7456826,coconut
98,28,28,21.91309811,65.97088978,6.831061446,180.8984339,coffee
14,14,43,21.03891651,89.58446327,6.272832987,103.3377339,pomegranate
125,28,34,25.46418928,60.49441597,6.697355405,161.1212308,coffee
24,29,33,29.89762857,45.90900558,5.698987663,92.9577845,mango
100,47,15,27.42205762,82.09584205,6.680030003,72.5483223,cotton
109,14,47,25.92412179,88.13356204,6.437115278,46.2199184,watermelon
27,17,8,18.77686528,91.21202144,6.899083916,121.5236576,orange
51,30,40,19.72438261,81.76865355,5.225557605,252.8492667,tea
16,14,34,20.25346351,91.93355547,6.678473707,101.0416192,pomegranate
25,45,19,32.34238572,60.22171706,5.998278642,55.0971865,mothbeans
73,40,58,24.59981378,67.02635879,6.014127662,123.1261761,tobacco
90,19,55,21.30762428,81.28195656,6.125867686,45.7998085,watermelon
52,58,54,32.76955153,90.84517133,6.862272556,155.1425375,papaya
89,79,39,27.79844625,82.58878376,5.755044061,122.8878412,banana
46,72,78,15.4919547,14.00319087,7.381790054,83.4222558,chickpea
100,25,51,24.37294063,88.68720601,6.620671972,54.3607559,watermelon
95,87,63,27.36373251,80.99288235,5.76219173,93.8018676,banana
19,16,32,25.87255089,92.53333881,5.973106163,179.8993314,coconut
24,136,201,22.10811554,89.41489079,5.90750787,87.1713975,apple
21,31,30,30.48191571,49.01825075,5.678519622,94.5533332,mango
109,46,13,26.30053479,79.17886392,7.135564983,74.7346831,cotton
89,45,21,22.51872199,67.22838954,6.327052362,65.7435399,maize
61,45,53,24.5768139,73.40945018,5.408786157,155.7810997,tobacco
19,61,20,20.00360701,16.64262945,6.032533381,108.5423444,kidneybeans
55,41,49,25.23233913,65.80030067,5.872484012,129.3090877,tobacco
17,36,21,28.49709021,85.13757518,6.507330256,47.7234222,mungbean
24,128,200,21.1023958,90.49464742,5.556883613,116.875694,apple
36,58,16,28.33998626,53.15487844,7.040793453,77.2435737,blackgram
21,31,25,34.34514477,52.09509505,5.488496443,94.3307711,mango
119,85,70,35.92321825,83.58173633,6.772540621,206.0281414,sugarcane
43,68,13,28.3354546,61.93724549,6.961476488,54.9599682,blackgram
103,26,27,25.6755322,55.27456385,7.345026689,137.6913423,coffee
47,70,74,20.40449801,20.61960717,7.380715808,70.9983977,chickpea
24,39,16,28.45914528,82.10254547,7.713330472,52.125757,mungbean
17,138,210,20.5545586,95.1955159,6.263154186,102.004149,apple
96,16,42,26.02850951,87.28822977,6.484452246,59.9948269,watermelon
15,53,22,17.43054447,19.67590266,5.836411319,104.2060088,kidneybeans
89,36,27,20.78011014,55.18545422,6.922662989,75.6209226,barley
114,65,61,32.94716484,83.24464919,6.959220995,206.1226911,sugarcane
85,39,25,12.69486738,64.34271669,6.986781418,89.4358409,barley
14,64,26,19.12230002,16.44375397,4.962549171,93.2308219,kidneybeans
8,14,6,21.48731864,90.38585672,7.239353134,87.6879587,orange
82,51,23,21.02243833,72.39740881,6.002292852,100.9437569,maize
24,138,210,23.81963731,81.03496938,6.168143425,87.9988193,grapes
33,68,63,18.96506742,18.98102916,7.524263838,76.0495315,chickpea
132,71,62,26.90880428,83.09776091,6.671397673,234.6064363,sugarcane
14,60,21,28.03232605,53.32712362,5.467559347,142.0108986,pigeonpeas
79,21,42,24.46669534,83.28302232,6.647138317,38.2150052,watermelon
81,20,48,28.85097987,95.59174077,6.057081576,20.452795,muskmelon
111,51,36,17.9975119,64.83019556,6.975011942,86.5703184,wheat
35,62,79,15.87392745,18.26374214,7.554051984,85.3434721,chickpea
95,16,56,26.11538212,80.55416817,6.561626195,54.985774,watermelon
99,20,43,25.20576363,90.24920202,6.659594713,16.4032696,muskmelon
47,69,45,34.54359235,93.06875837,7.078455776,131.9921637,papaya
110,15,49,25.11604547,88.39372353,5.938277667,46.1463976,watermelon
20,19,8,22.72623126,92.93332997,6.433105212,134.1833013,orange
85,28,36,25.30281478,56.53657271,6.614551865,172.3761873,coffee
16,24,34,33.18262024,53.0456906,5.372306171,91.2030986,mango
44,64,73,20.03707486,13.13149979,7.209526058,83.2864403,chickpea
40,53,47,28.92755899,92.1424804,6.625278447,116.9065915,papaya
95,44,20,23.89498986,79.42048575,6.812912261,90.2284147,cotton
44,41,48,25.79016967,70.33553209,6.321026174,102.3916127,tobacco
94,24,24,24.57009032,59.92874984,7.010798,161.8540281,coffee
17,58,25,21.73561092,21.90962032,5.433046569,93.4706453,kidneybeans
21,55,14,24.34083084,65.67759001,6.833175536,47.9513376,lentil
65,41,34,26.99194736,77.2069526,6.737252705,168.1462587,jute
153,66,61,27.05693396,79.87416065,7.23487168,195.0531923,sugarcane
23,133,190,22.36785429,84.4630846,6.300971109,67.6055372,grapes
103,34,21,25.82723252,68.67793365,6.884610266,184.4091674,coffee
111,19,49,27.16418091,85.92257638,6.132286895,33.5570954,muskmelon
80,53,24,23.82309237,64.58414114,6.613200509,58.6962561,maize
43,37,55,26.97072914,71.65630866,5.753238455,149.2380874,tobacco
102,22,48,23.30473214,82.39164445,6.227591741,44.7219047,watermelon
111,32,24,27.08064796,77.78729102,6.723814488,72.4613789,cotton
57,33,36,23.35683864,80.80193985,4.752859396,245.698966,tea
104,84,55,30.33094889,84.05748026,5.347737731,88.6450764,banana
95,90,54,30.69341465,82.33571274,5.792212373,111.087858,banana
78,44,33,12.54224213,53.95763759,6.623687675,77.3683712,barley
111,42,17,23.22691677,77.4578356,6.862496753,83.6036872,cotton
106,15,49,25.05077684,77.32130738,6.496540563,45.4821778,watermelon
16,41,19,26.26710446,57.53392133,6.62175508,51.4411851,mothbeans
36,63,49,35.4049025,88.71418844,5.746988856,146.1862579,papaya
112,38,25,23.00465495,74.92745278,6.74952226,80.6837157,cotton
20,51,13,28.17068791,84.71981423,6.917625648,46.4983872,mungbean
16,24,32,34.33980901,51.97335765,5.341235081,100.335232,mango
21,61,23,24.89811767,46.29829759,5.632283211,156.8347037,pigeonpeas
107,85,44,26.90457729,79.98558984,5.552490593,122.0407796,banana
83,40,31,19.18782485,57.8491282,6.927018101,90.5150946,barley
41,62,71,13.87026944,20.66541405,7.180068847,81.5714578,chickpea
15,70,17,23.80669218,73.06390116,6.690226781,45.4797029,lentil
14,54,22,24.75216431,56.8157115,6.776744351,52.995009,mothbeans
51,36,53,21.30835694,72.23120403,5.866964027,119.1714767,tobacco
20,53,21,19.08463088,25.18685086,5.932067312,99.0515286,kidneybeans
23,64,13,30.5682364,68.91652119,6.819898871,51.9522502,lentil
18,19,28,18.60406714,92.66123933,6.486032234,105.2335367,pomegranate
13,71,21,23.13053006,57.52401206,6.902420028,44.9383308,lentil
73,49,42,26.28460247,73.22297642,7.001981962,164.7454187,jute
86,49,35,29.35712435,80.77733385,6.655797932,192.3506576,jute
23,21,30,30.12928731,87.14076469,6.146570751,176.7409414,coconut
37,67,20,26.96941525,68.11617948,7.591136537,66.2718665,blackgram
16,68,20,21.32433751,15.00545801,6.058264345,120.6132248,kidneybeans
22,128,210,24.89505292,78.90848933,6.101763072,59.2834327,grapes
142,46,17,29.64866118,74.72412601,6.80603194,81.7962227,cotton
50,73,84,17.7606822,21.54284221,7.234598311,79.6873859,chickpea
20,131,173,21.61057374,80.36287025,5.868977901,70.5235487,grapes
15,18,36,22.31810869,93.08068385,6.579873262,126.4254517,pomegranate
45,60,46,32.19127601,89.94116259,6.270198613,144.1875471,papaya
101,31,31,24.88069138,49.49167071,6.557082549,161.0048054,coffee
65,37,37,21.73215408,78.30067461,6.850749909,158.9665205,jute
112,83,50,24.28028772,82.98501426,6.093645254,129.9590567,banana
56,37,60,24.38357236,70.94052845,6.001595385,97.276122,tobacco
102,20,44,26.36043221,89.77003005,6.055353104,53.5572146,watermelon
56,25,44,22.40867242,89.40816018,4.916443397,222.5597254,tea
92,45,24,22.21250796,78.44814012,6.747159949,51.0048612,cotton
97,21,24,22.99737069,53.38905547,6.513614569,166.2915032,coffee
99,47,41,20.94951739,58.9542645,7.35008778,69.2246962,wheat
90,47,45,30.28402382,82.39239662,6.71479845,188.0040457,jute
74,35,41,24.45431091,83.88070033,6.370477235,163.8557869,jute
12,18,39,21.2938706,88.43360529,7.323058111,123.3213908,pomegranate
18,29,33,31.17681377,57.38765041,5.357493266,92.6760865,mango
13,81,15,23.67627047,66.29101367,6.813402552,42.6797568,lentil
82,51,13,21.0429563,61.96958084,6.053997103,96.3231733,maize
22,22,27,34.82806271,49.046588,5.765229862,105.4408128,mango
120,69,51,32.94997132,82.20884462,6.729230233,195.4611507,sugarcane
91,38,37,24.93696297,59.28686553,6.610746079,164.9176434,coffee
109,34,18,23.54456077,82.86197239,6.380276472,64.7971321,cotton
47,62,43,33.44630611,93.65565792,6.904069063,112.9487095,papaya
19,138,210,22.46927509,89.04258857,5.828961226,127.3371543,apple
12,55,21,21.28877691,18.28602108,5.608350161,97.8314273,kidneybeans
35,68,21,27.27895226,64.6376114,7.053048851,62.4826215,blackgram
18,17,8,20.30728056,90.24527704,6.856372429,114.3137096,orange
19,26,26,30.1134355,45.57598643,5.648116182,115.5405018,mango
19,62,23,21.87551937,64.32063476,6.987947168,55.8276125,lentil
79,46,38,24.37921802,73.80879377,6.779276429,174.2739896,jute
94,18,39,26.83076454,91.9068232,6.172579146,19.3174681,muskmelon
96,79,41,25.44436662,75.55769662,6.425681133,115.2281407,banana
108,20,32,24.53255188,61.53728855,7.033079508,183.726641,coffee
15,66,15,23.36189797,57.34263594,5.281854706,152.761791,pigeonpeas
22,27,32,30.83856684,50.39317595,5.100539795,105.9959321,mango
108,19,57,26.79203875,91.31135403,5.990128959,22.0376445,muskmelon
20,70,25,25.12152254,67.00184145,6.972687356,41.1321749,lentil
27,142,196,18.94726158,95.69000172,5.658823644,132.5416227,apple
80,45,32,15.84342681,59.82070268,6.627313571,72.9228891,wheat
54,65,54,33.5026333,91.30609717,6.527074127,164.0655204,papaya
20,53,20,16.56213917,25.18781814,5.71399121,98.7492852,kidneybeans
93,50,40,17.65972124,52.18154101,6.733250914,62.8824331,wheat
90,55,18,18.84283812,58.85236874,6.232168787,79.0015476,maize
96,16,49,24.53759739,96.48481468,6.410331408,26.2150107,muskmelon
20,13,5,20.52125719,95.575698,7.285004749,112.9160567,orange
20,23,30,27.88820871,51.65440116,5.950058688,71.0751723,mango
111,22,52,26.24037129,97.96118334,6.267257276,22.3243111,muskmelon
22,25,9,22.7866141,89.78582875,7.054375349,115.5232595,orange
15,57,11,25.69742507,43.15935701,5.885228589,139.8987864,pigeonpeas
44,69,27,29.0878166,67.88631184,6.664726121,59.7503931,blackgram
89,50,12,15.69788248,65.74404381,6.13582206,73.2766511,maize
24,52,24,28.18813968,82.32656734,6.281641469,47.6797023,mungbean
124,68,55,28.14403407,77.53601171,7.269366188,197.7237492,sugarcane
121,41,20,21.06865229,72.92379879,6.910023922,76.1612526,cotton
19,68,24,25.29216648,68.5062782,7.116921097,43.7695298,lentil
95,27,34,32.05811038,51.77756775,6.934948164,146.6791634,coffee
38,75,85,18.73852756,12.48250278,7.28502693,74.100846,chickpea
40,57,48,34.25322727,92.13669164,6.887022141,152.551602,papaya
89,79,60,28.28168572,77.71528404,6.071774834,120.7922652,banana
25,55,20,27.58883796,49.86826703,5.621227302,169.220751,pigeonpeas
20,67,16,22.001641,17.87331171,5.445711836,114.8231354,kidneybeans
67,42,46,27.04007301,78.54747341,6.9563206,181.1418852,jute
73,16,41,30.41198903,94.33222206,6.516667745,31.6050311,muskmelon
56,60,56,33.57745601,88.52865014,6.300061494,118.7273163,papaya
17,52,18,19.52278894,22.07365309,5.775285306,95.0618332,kidneybeans
121,51,13,24.81887706,78.89331291,6.834018318,84.58994,cotton
21,55,18,19.6477316,14.86350123,5.193589702,97.7910248,kidneybeans
13,15,12,21.60615638,90.60625677,7.013307639,89.0515108,orange
24,133,210,22.72525642,83.5618594,5.974194562,71.6536235,grapes
67,46,42,22.58448121,83.23645116,6.445083724,166.3062893,jute
77,40,20,20.378827,54.21777311,6.088622789,96.7737966,maize
106,51,51,18.00985104,57.43503272,6.443049413,71.0690796,wheat
101,87,52,27.44776805,76.83810218,6.041440507,126.584294,banana
23,17,28,26.5837555,93.5209972,5.723190573,191.9920419,coconut
23,55,20,24.43713778,73.34404041,6.441423605,57.4574931,lentil
86,48,36,16.09917431,61.6155656,6.434219522,77.7629359,barley
101,78,51,29.1472635,75.8939388,5.939890902,95.5985502,banana
141,74,75,30.72844746,78.12874035,6.961845125,214.641619,sugarcane
61,28,46,23.79856397,60.50043174,5.710646052,95.2874529,tobacco
54,25,46,21.28408896,79.30837867,5.132568219,272.3297087,tea
105,45,33,16.82073413,54.38281925,6.937185316,89.7744255,wheat
37,75,78,16.18534688,18.67608585,7.178608444,67.7561273,chickpea
19,65,16,25.45243884,42.95946747,5.725491889,133.6816048,pigeonpeas
26,23,26,26.69321977,46.80519126,5.303073062,114.7041819,mango
17,18,34,20.5606611,91.82857814,5.93338788,109.4101411,pomegranate
26,122,207,24.01094032,86.24083963,6.68991501,72.9241597,grapes
68,40,45,28.97380759,64.99835949,5.459491925,131.8758351,tobacco
21,47,24,29.94092527,55.06686015,6.516383535,57.2585688,mothbeans
113,50,40,13.38195555,56.76302437,6.627605529,70.0502782,wheat
15,43,24,26.37237272,85.72187257,6.767962825,58.383332,mungbean
42,68,77,19.61851726,20.69698582,6.842301277,74.0302797,chickpea
104,54,21,21.1861132,78.23260429,6.833265915,97.0459209,cotton
108,52,16,20.76439877,81.52311229,6.55477756,83.2129147,cotton
97,19,47,21.7868458,91.99833562,6.84536352,40.6618984,watermelon
76,33,30,12.95604603,53.77991698,6.483916427,94.8531392,barley
18,21,11,20.27301279,91.90638953,7.005405062,115.6715642,orange
76,41,35,27.60518079,80.55064776,6.53482388,184.1744062,jute
90,28,31,22.64671011,62.64045305,6.268855659,148.7501847,coffee
101,52,34,17.90004116,57.0873946,6.784734929,71.307378,wheat
20,62,20,29.37928529,49.72810172,5.681373391,165.6328587,pigeonpeas
15,45,19,25.66911695,60.35330995,6.102415588,62.7688274,mothbeans
37,68,77,19.87791436,12.41067776,6.851720941,81.8087111,chickpea
22,68,19,22.58651364,73.70691828,7.752778118,42.7713222,lentil
87,93,49,29.23459166,81.37090139,6.037025966,110.8372074,banana
93,19,54,28.90245064,95.550481,6.105489783,32.3361206,muskmelon
91,21,53,24.11391196,83.08202813,6.574143886,54.7054784,watermelon
41,71,83,17.04974944,15.40101884,7.491970887,87.1523658,chickpea
98,12,48,26.78076633,87.30082006,6.62516643,51.3981895,watermelon
49,35,49,22.46458945,69.35590357,5.941931624,125.1581857,tobacco
43,71,11,28.1731224,69.74850192,7.182340501,56.0348495,blackgram
21,61,20,20.97826111,21.22068255,5.699817455,119.3595254,kidneybeans
126,47,21,23.14848879,81.8019829,6.721472513,85.5594145,cotton
50,20,35,19.64022292,78.8161185,5.038377909,245.9860098,tea
139,54,58,24.28555689,74.86963455,6.929916543,191.7221012,sugarcane
113,38,46,15.63927927,57.68756396,6.541790999,98.5146573,wheat
91,40,21,15.91829847,55.21482568,6.959581347,76.9618972,barley
106,42,50,13.93860765,62.09954573,6.401568485,72.5721344,wheat
75,46,45,27.54885685,79.31330538,7.029545463,181.4379046,jute
84,43,36,17.20906137,57.35805512,6.363129653,86.6779793,barley
47,27,41,19.83587733,83.59617656,4.735984562,244.0311849,tea
102,21,53,21.9938394,89.20779047,6.250484843,47.9282298,watermelon
78,45,17,22.73207211,55.59782228,5.729183121,77.3574113,maize
111,15,40,27.01502738,82.2614807,6.6976564,35.2391695,watermelon
24,41,23,31.36153143,84.99101519,6.454599345,48.9841494,mungbean
39,71,76,19.65829807,10,6.9940596,89.7925974,chickpea
45,63,18,30.57198563,70.8648385,6.942872213,87.5968398,blackgram
23,30,31,31.20840221,49.68703436,5.473810623,91.6318991,mango
19,15,34,27.65750222,93.41071939,6.05398023,176.941551,coconut
91,41,26,16.99811614,60.26295402,6.710752988,72.6629536,barley
22,27,35,31.25044901,47.85297229,5.736689251,101.5195763,mango
46,61,52,32.79904856,91.82782789,6.823165026,138.5339578,papaya
110,66,54,30.09928455,72.30849237,6.838381625,181.5128533,sugarcane
22,132,196,21.69999484,82.67461869,6.110485162,58.0960092,grapes
43,75,82,18.20676399,14.0406785,7.45504758,101.5634963,chickpea
17,44,17,26.81100456,46.60176076,6.162739971,45.365437,mothbeans
84,46,40,24.6298047,84.84851682,6.328123596,185.9411261,jute
53,58,57,32.03176301,94.86580771,6.688377132,132.8747385,papaya
24,137,176,24.79007663,80.06775579,6.036698253,85.1222063,grapes
134,41,22,23.82659773,85.03047623,6.921816837,77.6507573,cotton
74,49,32,25.36994115,81.81102541,7.212198943,161.1252616,jute
31,76,15,24.04002761,68.76822141,7.135098142,48.5386901,lentil
93,96,49,24.1384498,80.51241766,5.695684503,114.0877226,banana
75,60,41,24.22735505,71.17882251,7.11692924,150.7862259,jute
14,77,16,25.06725285,57.72719297,6.842842443,47.3309956,lentil
14,21,12,24.18172334,90.61118146,6.955017784,92.8021782,orange
107,13,53,25.02854614,81.18424232,6.398240922,56.4905477,watermelon
19,64,13,25.29960451,39.8087717,5.622120983,168.1714126,pigeonpeas
25,74,22,25.0927979,63.20728736,6.46495105,43.3916898,lentil
52,41,49,24.56531545,73.35436855,5.82372237,104.7559212,tobacco
25,12,11,20.52645973,87.75419842,7.065560213,122.1136615,orange
93,78,38,26.09538736,70.30448269,5.424829153,113.1249759,banana
34,72,14,26.78247021,66.83680175,7.580853274,64.474069,blackgram
29,133,198,22.99116303,97.10951783,5.490492736,91.5634944,apple
13,24,33,28.49142115,51.46778966,5.293025459,100.5971598,mango
21,16,33,22.48730355,89.38537001,6.40941876,126.2909397,pomegranate
119,39,18,25.68356155,75.79511988,6.040469205,77.7289399,cotton
41,63,21,30.09317945,70.78759803,7.389844104,72.9127402,blackgram
111,71,67,32.6251226,79.29863294,6.74289719,165.4797876,sugarcane
106,18,48,26.3228284,89.33995723,6.533704334,30.1449025,muskmelon
89,19,44,26.332625,86.85036517,6.068548318,45.5794828,watermelon
43,64,19,27.88767086,65.74380367,7.562032347,77.684988,blackgram
18,142,198,24.34096123,77.71257107,5.611560308,77.1788966,grapes
85,47,15,18.62587582,72.10092469,6.37763417,76.5199708,maize
81,41,23,10.3906176,54.72378943,7.131458676,73.3427547,barley
24,17,36,26.47068633,100,6.087700204,157.8568489,coconut
91,48,43,16.14320556,62.31370478,6.400672665,64.9769329,wheat
20,15,37,20.09317178,84.61307048,6.300972942,115.793949,pomegranate
126,66,58,29.03903156,77.17693203,7.18168595,158.3851895,sugarcane
12,29,33,29.8469792,37.04478854,5.536126666,99.7016481,mango
110,17,40,25.76562708,91.44246274,6.477499746,23.7170576,muskmelon
14,14,10,21.84186532,90.26262767,6.855749863,118.354016,orange
104,27,27,20.90097097,59.86766842,7.236630345,148.5437047,coffee
83,22,35,24.44622129,54.64139605,6.423751704,149.1197328,coffee
10,125,210,19.83643593,88.47836011,5.850515568,137.8148761,apple
15,21,8,24.90655095,91.76530802,6.447430668,120.7048112,orange
36,72,19,27.95749039,68.09203608,6.881763823,74.3818404,blackgram
54,32,47,27.71125133,67.89924527,6.156920104,149.9696273,tobacco
16,62,18,26.34038467,64.97479565,6.767034392,32.7950806,lentil
124,46,12,22.27854167,82.68955735,6.849996745,91.8098991,cotton
21,17,25,25.91123455,95.33276777,5.554701927,182.5139604,coconut
83,36,17,19.11073106,63.98697114,6.494001271,88.66181,maize
67,40,48,30.37074216,67.62438573,6.290750242,118.9818619,tobacco
22,132,186,22.76281506,94.16340609,5.670931475,129.2653136,apple
87,16,54,24.74490176,91.04461972,6.137206077,50.9032884,watermelon
18,17,23,24.3436279,95.59058371,6.121539974,178.4273656,coconut
19,28,33,29.3936421,57.46344284,5.61866292,94.7435925,mango
46,63,81,16.98021209,17.54651188,7.56756329,67.7298592,chickpea
21,16,8,24.0721753,87.73107522,6.708962722,105.2293068,orange
22,35,30,29.54399412,49.08551779,6.112462926,87.2484299,mango
22,14,32,27.39811939,93.19934937,5.920940625,167.2937281,coconut
20,16,9,22.42418671,89.0199239,6.695236352,93.3374894,orange
23,151,184,21.64451006,84.0556314,6.044895445,72.506301,grapes
69,50,47,24.36983614,79.03427774,7.140034767,184.1000414,jute
58,29,46,20.62061301,85.39833812,4.556286007,300,tea
15,49,24,17.40790261,20.28527645,5.925867324,97.6206708,kidneybeans
104,59,45,18.33675987,62.1182677,6.588680791,73.9008182,wheat
122,51,13,26.16302817,80.15016737,7.127541602,79.2977964,cotton
16,58,22,21.09547796,18.17784821,5.446188098,112.8827845,kidneybeans
18,44,20,26.81770634,86.3147294,6.538791223,51.7481888,mungbean
79,36,35,9.07278657,55.87576332,6.945494121,67.0590569,barley
45,65,52,29.91012531,90.38208496,6.815914796,154.5664633,papaya
59,47,46,23.51374076,69.9125623,5.855692819,127.2878882,tobacco
93,18,59,24.61819242,87.87903177,6.176681761,43.348509,watermelon
45,67,46,31.38724614,92.22708482,6.905676924,139.8752712,papaya
20,48,19,27.45696436,47.56918948,5.531075677,135.8015322,pigeonpeas
83,17,40,27.86273191,87.89505488,6.896819,28.5568136,muskmelon
17,17,10,22.95965407,91.19406274,6.449092065,104.8067134,orange
72,36,23,13.80663785,55.61350522,5.986729051,77.0022191,barley
52,63,51,32.35186365,93.77432646,6.904066108,146.6110535,papaya
64,37,49,25.22781217,68.4307978,6.249554414,134.6550313,tobacco
118,61,67,31.14062372,65.82137384,7.006490564,228.7273607,sugarcane
20,22,18,31.87311961,54.51967421,4.991120269,82.8832315,mango
51,32,44,20.01161995,83.13537827,5.192500518,279.1398724,tea
34,64,71,17.10218323,15.78166893,7.329026476,63.8525014,chickpea
29,73,66,18.4945429,19.65973848,6.86463211,70.757316,chickpea
19,17,30,26.5580608,96.8425001,6.127252313,164.389977,coconut
21,14,27,25.36837943,94.76869487,6.002345592,180.533816,coconut
110,77,57,27.39519921,88.30104349,5.693243655,124.8315656,banana
25,130,189,17.06215372,92.31031439,6.41051901,116.3283015,apple
131,47,18,22.09763126,78.63271272,6.497921792,80.4782532,cotton
22,59,23,27.80147451,45.86700182,5.662584553,147.7766567,pigeonpeas
94,79,44,26.11141348,81.50920197,6.127096585,92.9340161,banana
18,53,19,26.05762026,93.70928152,6.152506676,42.0900902,mungbean
26,45,23,29.6879028,83.86525512,7.094903451,24.730714,mungbean
20,59,26,23.79446508,64.27077784,6.610381137,45.1915711,lentil
16,59,18,22.07705637,64.74143605,7.106329155,52.9624232,lentil
13,52,16,26.03010775,52.43087614,6.629891878,53.3113925,mothbeans
48,35,38,21.86204592,81.54574974,4.988829563,240.5653371,tea
95,16,54,26.83690889,80.01713049,6.513733528,45.3233612,watermelon
20,50,16,32.27064225,51.31727539,6.407535222,49.2260009,mothbeans
99,48,34,16.61729067,59.66931721,6.857269054,106.0454261,wheat
133,58,65,31.71714478,69.7387889,7.336489392,194.3369623,sugarcane
153,62,55,28.98256408,78.05601987,6.869136363,188.1721054,sugarcane
68,52,18,23.51378413,65.32203761,6.371283708,75.2271661,maize
47,66,87,17.03957113,17.80655236,7.362804657,79.5495588,chickpea
42,71,17,30.00514955,63.35555252,7.315798281,69.6969316,blackgram
62,57,45,33.49216723,89.59315992,7.144588231,137.7517294,papaya
108,23,42,21.24015123,92.4838607,6.597403544,44.0536581,watermelon
94,88,43,28.05960836,85.76627448,5.15850665,94.4372569,banana
17,15,34,27.42818749,91.26278366,5.951954278,182.7063476,coconut
17,53,15,20.86708322,20.10970029,5.195409365,110.7364538,kidneybeans
20,135,197,23.38341499,91.74884612,5.620113468,108.2776417,apple
21,70,15,21.66558103,66.40791703,6.84544198,62.2577271,lentil
22,18,38,28.90084768,93.26928903,5.630475599,184.8383834,coconut
55,61,50,33.77474296,92.96955645,7.085145058,161.4247838,papaya
25,126,196,21.01130125,71.75066536,5.952243059,93.1261542,grapes
14,16,46,21.029018,86.29159261,6.776301508,115.7720075,pomegranate
45,60,41,31.9079164,88.7236364,6.740601504,156.9167106,papaya
16,17,29,25.646156,96.83502887,6.209299857,193.6256024,coconut
100,41,21,27.43181526,79.60989847,6.898343322,89.5247816,cotton
114,61,57,27.94458598,72.84957887,6.429865462,228.3891136,sugarcane
105,12,56,25.52250106,83.52289144,6.535847117,36.7901181,watermelon
23,16,27,27.15160912,92.96851487,6.19253592,172.0588524,coconut
38,62,22,27.15902242,69.25018198,7.162355971,67.5495552,blackgram
93,82,53,25.54851237,80.74706706,5.67338512,96.6617864,banana
105,15,51,25.58844826,84.0623688,6.304058584,45.4756716,watermelon
43,34,41,23.62756435,81.93811344,4.826404915,244.6601689,tea
19,126,210,24.09346714,81.0442716,5.908293897,65.0824185,grapes
30,24,30,34.08421991,60.03046444,6.318451073,109.5003948,mango
17,63,19,23.52108981,63.63433928,7.304797178,57.3041303,lentil
56,28,37,23.26560939,88.38958917,5.128937961,233.6307556,tea
122,45,22,23.87285292,74.19628844,6.822672912,90.4886414,cotton
16,49,22,24.25026869,55.61010318,6.33703955,50.4575513,mothbeans
17,48,17,25.88370714,47.11484184,6.968706353,59.111902,mothbeans
15,49,14,29.20746603,87.51231479,6.201638678,60.3985489,mungbean
17,138,204,23.38547033,88.22639553,6.082845063,120.0850647,apple
30,142,193,25.56203272,82.27142204,6.213193419,73.8473282,grapes
53,58,44,35.11562836,90.2326636,6.41932111,139.3312319,papaya
22,55,14,24.40454325,40.68944772,6.00287579,127.2813974,pigeonpeas
16,114,202,22.58635138,91.6338286,5.785537903,111.0876532,apple
83,36,31,12.69854194,64.0651538,6.228929004,82.3228383,barley
23,16,13,19.25319422,93.55970642,7.560645352,115.0364673,orange
29,72,85,19.66032274,18.11852675,7.366056794,90.323894,chickpea
96,69,71,26.0353859,78.70593673,6.835367805,198.537854,sugarcane
84,53,22,27.03388574,66.22049222,6.282173326,66.7219304,maize
28,22,30,28.9431419,96.93612785,6.310589467,155.7015308,coconut
85,47,16,23.08802882,61.29250875,6.096873044,86.4575328,maize
97,79,33,26.89141027,79.07626188,6.108861909,126.1874731,banana
46,56,53,32.68450603,90.07499954,7.199605575,129.1574524,papaya
22,134,207,24.29043117,84.22241786,6.02239517,67.0266158,grapes
45,25,37,21.14772687,86.77434614,4.731902272,242.0043431,tea
96,16,51,25.17178601,76.12279851,6.442550092,44.1887485,watermelon
57,29,33,20.02864251,76.04855319,4.77496278,259.7204728,tea
61,40,43,26.39352139,70.52886526,6.170584696,139.1986551,tobacco
81,42,36,25.20583478,70.74382374,7.202032566,182.9514413,jute
21,57,13,26.56117536,49.17464063,5.583725733,125.0192304,pigeonpeas
107,77,53,28.9451089,82.48723985,5.428932584,95.2743539,banana
23,14,34,27.61459904,97.43858636,6.088888653,158.4200998,coconut
117,77,51,26.96715421,84.75357309,6.658079728,97.6295747,banana
19,25,31,32.63147443,54.30236744,5.525076768,92.9945394,mango
24,15,31,27.0251848,95.2930283,5.668097065,175.4902035,coconut
12,15,9,21.20464061,88.44790833,6.880030281,113.231537,orange
23,17,43,29.23914982,94.61624723,5.613337868,142.8710736,coconut
40,68,18,26.2114045,67.56760685,7.676667368,72.0921258,blackgram
17,55,21,26.8778983,51.74583164,6.993606486,50.118681,mothbeans
19,29,33,29.42802108,43.34383523,5.149138388,101.0958959,mango
104,87,57,27.39304234,82.83601503,5.873079292,121.2814066,banana
81,41,43,23.14172732,75.46391926,6.595968527,164.455731,jute
114,44,16,20.08532282,77.32742781,6.858013836,66.5182295,cotton
111,69,46,27.75442375,86.26209612,5.880274922,97.3376057,banana
102,98,55,26.34795294,84.80485569,5.777577388,79.5425056,banana
79,36,22,9.76390618,57.47527938,6.570699668,63.2406234,barley
15,39,17,29.61547911,60.90169885,6.774970284,60.4594183,mothbeans
16,17,13,23.1723316,90.76275855,7.077159691,107.1120179,orange
20,45,15,26.08414432,81.03738369,6.613983492,63.6154327,mungbean
100,25,29,25.36058976,53.92565926,6.357121237,186.8891909,coffee
24,24,39,32.96353097,48.37584308,4.950178286,122.4913109,mango
18,121,210,26.42122675,81.58220313,5.957794569,69.7005216,grapes
104,15,49,29.4793063,86.27193174,6.729575581,24.3634026,muskmelon
21,62,24,25.66990816,43.7212871,5.34422352,152.7437185,pigeonpeas
75,39,45,23.32581973,79.76511829,6.833960952,178.5929875,jute
47,51,43,24.19561824,67.87007586,6.478172034,105.1273133,tobacco
112,87,43,25.95095947,81.95749824,5.533361657,112.5559812,banana
80,41,28,14.28229449,53.83245227,6.725203057,62.1075341,barley
14,18,29,20.81608643,90.04807585,6.638380115,118.683467,pomegranate
81,51,16,23.69823455,61.44931697,5.56559192,79.9131871,maize
99,90,50,27.30060352,78.54555115,5.882916313,107.6936212,banana
91,16,53,28.31394592,90.24040619,6.456054101,27.573049,muskmelon
22,19,24,28.08672038,93.01212872,6.071179601,159.7348169,coconut
21,61,16,22.28179145,61.37733865,6.802895174,42.8676216,lentil
84,44,24,20.073938,70.71680765,6.255457596,88.0263383,maize
71,54,46,24.06685186,77.48531901,5.91456004,148.3315461,jute
31,69,27,26.34128188,63.57744848,6.342962791,64.9906471,blackgram
17,55,25,27.06173857,82.98734592,6.395918247,42.9632461,mungbean
19,44,18,28.06028132,85.44792773,6.562990257,45.814782,mungbean
15,16,37,19.39694482,88.95844051,6.631240666,94.3539741,pomegranate
94,19,24,25.0421855,52.34466382,6.779816761,140.8054234,coffee
105,19,47,28.24709539,97.8624723,6.273563324,18.7054621,muskmelon
24,130,210,25.3747721,92.35825457,6.144908293,72.2579632,grapes
20,43,18,27.8968265,49.77154691,5.971056205,144.1876303,pigeonpeas
21,120,196,22.38393143,85.11864213,6.327577187,82.9568381,grapes
57,35,63,25.60517668,64.59609968,6.215980887,136.5370367,tobacco
110,77,58,31.59779625,78.54864576,5.766349244,121.4406137,banana
18,49,25,27.84124772,54.07231634,6.471084609,61.8989583,mothbeans
53,61,51,33.16255684,91.88632075,7.416511598,159.7638497,papaya
27,122,203,24.95039526,84.00437668,6.047395404,79.0104609,grapes
10,63,26,20.2333235,16.87557579,5.546061826,126.2389568,kidneybeans
92,40,26,15.90032738,59.66983613,6.72434315,71.7871512,barley
101,80,46,25.90628212,79.86898692,5.736972569,95.4458506,banana
22,17,28,31.28788818,96.90175707,5.292457224,178.7290863,coconut
17,57,22,30.2437475,45.40082927,5.300265066,159.4712791,pigeonpeas
13,38,20,25.34968569,93.42034656,6.081543066,41.5985976,mungbean
108,13,52,27.46471782,94.54031233,5.868193145,23.5045285,muskmelon
18,17,40,19.97647288,83.68575148,7.012653373,108.8639,pomegranate
18,65,16,24.27349301,63.38009575,7.050670416,32.0214351,lentil
12,57,21,27.91444962,54.76379515,6.059467618,145.7168756,pigeonpeas
23,16,33,30.04605971,94.29753988,5.829758913,206.5842563,coconut
35,68,95,16.27362058,23.12040166,7.901326991,79.0268885,chickpea
49,26,35,21.66543866,76.66740797,4.950532807,258.3307634,tea
44,41,32,18.40379219,87.2569063,5.14265325,224.3508796,tea
47,43,48,26.39218681,75.45619412,5.46464228,114.5059879,tobacco
108,64,51,28.54173039,74.08565502,6.243126213,108.0619569,banana
66,43,17,23.66469456,65.94315541,6.682420174,72.5727513,maize
43,61,51,34.91567926,89.62735462,6.710202429,121.5246731,papaya
112,49,40,17.84882197,70.74629965,7.103330172,88.4135744,wheat
119,66,68,31.76897955,82.71301139,6.822440774,172.4873182,sugarcane
111,46,20,24.29868382,74.35577268,7.040946423,82.3962752,cotton
84,43,27,18.46991396,55.4687696,7.121869708,74.4230216,barley
83,47,19,21.42881864,68.33532736,5.736483078,80.6402559,maize
15,44,12,30.01423565,59.3551505,6.401877971,49.6164051,mothbeans
25,61,23,27.01879071,53.28144242,5.819258327,150.2013073,pigeonpeas
108,15,41,26.15106802,96.68866631,6.33150173,22.7830801,muskmelon
27,70,13,28.9854886,63.44146204,7.298520984,70.2818729,blackgram
96,59,17,20.55616434,68.48619023,6.095742517,71.1213374,maize
39,60,70,15.98936975,14.83049468,7.409981874,72.0428234,chickpea
94,75,51,25.04325444,81.63301102,5.389224919,116.3498676,banana
57,53,53,32.44098507,91.52508357,6.644843832,129.3149034,papaya
75,46,22,20.47249719,68.9817001,6.199513485,82.8739826,maize
122,56,19,25.18227224,79.57211412,7.382673678,62.5277833,cotton
26,17,37,24.23979708,89.88985268,5.88333569,182.681309,coconut
88,47,44,27.44771184,81.35182222,6.522327747,192.5628408,jute
49,55,75,13.74633302,17.09486592,7.381505075,95.9079574,chickpea
17,17,33,32.47368779,48.59336221,5.720097215,101.1912706,mango
101,76,47,26.35930538,81.69666379,6.056850646,97.1156,banana
50,37,33,21.78795045,78.79091266,4.899073252,229.9222292,tea
88,16,49,26.19758878,87.67336195,6.31645655,51.6559645,watermelon
17,70,28,23.66235427,20.22807453,5.165365475,76.8835308,kidneybeans
45,41,41,19.32975099,88.6116522,5.415555517,249.1743684,tea
21,63,17,25.89188192,65.99028463,6.28969324,37.1885957,lentil
18,70,14,25.02069807,44.56697734,5.446293207,145.981519,pigeonpeas
17,50,26,29.99105338,52.59272006,6.702647254,56.6201356,mothbeans
77,51,14,19.31026543,59.38402475,6.813696364,91.3641148,maize
18,19,36,26.85597976,98.01059869,6.008490808,162.0976049,coconut
94,18,52,26.58474821,89.86347841,6.372333658,19.5167889,muskmelon
17,21,39,22.00618074,89.04375505,6.091056445,105.5198712,pomegranate
17,128,188,23.63834902,87.36180178,5.531206883,70.1502608,grapes
80,45,39,22.57967811,86.36560147,6.963014256,192.3548059,jute
113,22,50,30.02292607,96.02442775,6.214378942,21.5734708,muskmelon
95,39,30,22.0016376,83.59343827,7.037433016,165.7734017,jute
105,25,30,24.37061834,58.64684003,6.085778268,128.725091,coffee
41,67,16,28.00624775,65.36943468,7.83196234,71.0124248,blackgram
88,49,16,24.40233045,68.23452262,5.994667879,69.0664159,maize
90,19,56,29.3904058,92.85125307,6.153031665,19.7657452,muskmelon
76,58,19,22.84689541,64.35800867,6.179514138,81.8389164,maize
32,64,22,32.65329416,67.08723517,7.450616838,65.5469251,blackgram
72,47,53,24.36843783,55.0339447,6.074290006,124.9725686,tobacco
97,28,35,24.41909217,63.362709,7.228628049,180.9489547,coffee
19,140,191,23.4416426,89.36967866,6.328010071,92.0283619,apple
15,19,49,18.39682403,84.44094455,6.362533934,107.1883736,pomegranate
112,44,44,19.05151869,54.10333029,7.29501208,82.7783418,wheat
67,42,33,27.67331472,86.19455718,6.796064973,196.983309,jute
16,13,44,18.23880259,88.69153368,6.322713854,106.1643986,pomegranate
16,11,11,18.33771024,88.31466851,6.377323597,108.9671637,orange
46,36,49,24.63379832,72.02564416,5.735540845,128.9115023,tobacco
20,20,46,19.29522647,91.42609683,6.589736265,101.3098619,pomegranate
22,63,19,17.68600709,18.27170081,6.045704592,99.1844572,kidneybeans
38,62,78,15.18656113,16.77128295,7.749064082,73.8891494,chickpea
58,26,36,25.24198713,85.91139026,4.52297726,235.8685315,tea
143,57,52,32.76677606,68.90151588,6.638761069,262.3536226,sugarcane
93,16,46,20.58886789,88.58826479,6.81871876,56.2121759,watermelon
50,62,41,33.960521,88.83467697,6.946834834,127.5602348,papaya
17,66,20,25.94046459,52.02427969,5.450257013,151.4302541,pigeonpeas
102,18,54,24.33738323,82.55105306,6.228712368,44.3967158,watermelon
95,27,30,20.56481784,52.15911086,6.470937476,171.1530572,coffee
122,46,20,19.23138642,82.98060346,6.840249925,84.2834205,cotton
18,17,38,22.49322273,90.97673345,7.082747628,96.7733043,pomegranate
117,64,65,25.20662778,72.11549438,6.800883367,185.2594128,sugarcane
100,26,33,23.78547717,56.99899373,7.219768385,182.6262775,coffee
20,56,23,26.879691,43.63607523,5.423954331,127.8425338,pigeonpeas
24,60,18,29.09011229,48.60395116,5.474993196,167.3249634,pigeonpeas
20,65,13,28.3552742,47.96162968,5.955578721,163.723017,pigeonpeas
18,66,21,26.90428214,49.25501772,5.753824251,127.2500618,pigeonpeas
25,46,18,26.67233379,84.03574711,6.569789994,52.4290193,mungbean
79,45,22,22.46864846,65.26228693,6.433948592,80.4986921,maize
20,53,21,26.87230334,75.69831938,6.62880633,56.223672,mungbean
45,76,30,29.50102841,61.68453913,7.235862298,65.3378705,blackgram
84,47,21,19.06449426,63.22032541,6.694363282,85.8198656,maize
76,39,37,24.40235982,78.56702249,6.534321624,155.2514143,jute
102,84,47,26.02478755,78.26976725,6.018335643,98.9481862,banana
56,37,53,21.10141055,63.68911702,6.085789639,134.3441605,tobacco
116,49,19,23.56568239,80.23348116,6.618842321,76.5679407,cotton
80,55,24,20.28753205,69.00590882,6.429620647,97.8809524,maize
57,59,47,31.014268,87.66438421,6.899880902,150.6696779,papaya
22,68,20,26.61368955,38.10807542,5.707855545,151.0693089,pigeonpeas
25,12,28,27.0104874,95.14094178,5.764980359,187.4569986,coconut
118,70,36,27.8800289,77.9917831,5.593630155,112.5002774,banana
44,27,39,24.77855759,82.95268522,4.831845622,255.5157701,tea
105,34,35,23.62865016,62.10149187,6.514713985,169.1349136,coffee
26,50,13,31.010392,91.3028818,6.705637153,58.5834093,mungbean
123,41,14,24.21441592,78.72461458,6.987930402,79.2009155,cotton
45,45,62,23.87089728,75.58059445,5.934209682,104.4138539,tobacco
12,124,210,24.71540469,91.68970633,5.590236824,138.150122,apple
25,66,15,20.91848438,58.89351308,7.159317449,42.4350042,lentil
95,18,44,24.9528957,84.30258297,6.556326981,48.0437846,watermelon
118,20,51,30.09017695,92.4346635,6.405975761,22.2429288,muskmelon
138,65,61,29.38318894,77.32632115,6.881093722,227.4922254,sugarcane
69,45,47,26.54647997,79.36864996,6.792487619,164.1930575,jute
148,44,22,22.70127036,81.1809303,6.728529897,75.8948152,cotton
99,46,53,16.57807015,63.17501262,6.229270293,73.638925,wheat
21,134,191,18.81567273,94.50425398,6.128442905,94.4512426,apple
16,51,16,26.65146593,48.51558791,5.618611031,114.6644476,pigeonpeas
15,61,15,18.28903461,19.90548956,5.384301159,99.2935866,kidneybeans
21,55,21,26.60491612,44.90588714,6.165462121,52.5857556,mothbeans
54,55,54,30.5416328,96.3563531,6.704244779,133.0538289,papaya
20,27,27,29.67419816,42.98697364,6.224873023,80.0736412,mango
55,34,43,19.74155865,79.17317293,4.74137555,252.0968125,tea
26,12,29,27.26148115,99.32381987,5.469241355,198.263275,coconut
20,17,42,19.68525489,89.85310491,6.613423174,144.3549224,pomegranate
83,94,49,26.14623786,75.9515825,5.403542998,113.878047,banana
75,43,22,13.95561219,50.91577279,6.488903087,76.4204509,barley
61,40,50,24.93967722,70.04240276,5.801086217,145.9912689,tobacco
71,52,47,23.36769002,74.17978158,6.79058827,165.1466646,jute
40,73,77,18.76248931,16.8781813,7.271136321,82.5893043,chickpea
98,55,57,17.28788079,52.75305323,6.524114485,87.505712,wheat
47,29,42,23.16716621,80.66615723,5.303990401,196.6050038,tea
61,30,48,26.10088498,65.9161258,5.737390593,137.691777,tobacco
21,77,22,26.95702776,59.76690446,6.99520879,46.2419684,lentil
68,41,24,16.57271352,55.50907768,6.384601295,77.9966452,barley
17,140,210,22.63100204,91.85573448,5.854212382,108.7199224,apple
94,11,44,27.47162324,84.37640729,6.362928176,52.2801458,watermelon
58,44,45,23.76770431,59.95913338,5.669012229,152.1144621,tobacco
19,17,31,24.7140594,96.07336208,6.068235358,196.6610249,coconut
69,38,51,23.76258862,63.93601828,5.563809903,109.1701376,tobacco
16,56,24,19.89698161,22.50143878,5.665443501,90.8029738,kidneybeans
13,77,23,23.43757508,66.53348471,6.895516776,60.7806392,lentil
100,32,39,22.1225598,56.87368679,6.086470502,161.0824245,coffee
13,23,33,29.03502521,48.87683425,5.86501563,83.3798665,mango
22,56,15,18.37062869,19.17863031,5.593842311,130.9862574,kidneybeans
61,40,51,25.23156897,72.97145025,6.030857295,103.1268033,tobacco
92,43,20,25.5845821,58.11352255,6.096999447,98.7064887,maize
23,53,27,24.4571549,46.85058442,6.258882902,48.2421616,mothbeans
81,53,39,22.1555407,83.37005559,6.92648763,140.0465441,jute
14,122,204,21.2910424,90.1576323,5.935245675,132.0635231,apple
95,29,30,26.87211234,61.88468351,6.809142924,143.6439519,coffee
44,32,35,20.5697724,88.16910651,5.198870304,272.556785,tea
124,57,64,29.87299803,78.64259976,6.898678895,179.2177766,sugarcane
20,20,7,25.11757837,87.40861577,7.488892639,105.527893,orange
15,16,37,18.03403114,87.54695281,6.059850893,102.0502519,pomegranate
57,57,54,36.27013279,95.93508035,6.372357522,138.1948588,papaya
31,121,200,25.82444111,81.68143444,6.113092949,58.3760647,grapes
20,15,38,20.97145929,90.44879387,6.429348152,112.2320693,pomegranate
56,32,33,20.04799813,61.61071257,6.797089742,69.7866762,barley
15,45,6,26.81955607,84.67250329,6.869102096,45.850577,mungbean
59,37,50,31.59167285,72.6140114,6.290643417,131.5331948,tobacco
20,60,21,26.81278195,48.04613496,5.523991623,138.7324917,pigeonpeas
20,55,16,21.40277979,24.38109319,5.881134441,123.1838171,kidneybeans
18,40,21,29.05033863,75.44587415,6.449698544,42.471565,mungbean
96,23,31,19.65086574,49.24512213,6.746752435,159.3190683,coffee
51,44,48,26.5092831,73.60600139,5.697785284,116.510943,tobacco
112,58,70,28.4580616,72.60801686,6.518296,199.3591526,sugarcane
104,83,44,28.40061976,77.6974487,5.936602944,134.7210145,banana
23,46,12,27.03424456,53.21855198,6.866842377,47.4575373,mothbeans
22,21,11,19.900689,96.08768856,7.492184369,147.8246808,orange
59,37,56,25.65625723,64.86334457,5.882311225,141.8178221,tobacco
58,33,41,27.41739161,70.1784983,6.112358379,138.8153876,tobacco
80,45,39,20.02435588,79.11287439,6.990810791,163.634754,jute
104,21,31,24.2132354,54.18791025,6.571890908,151.7022147,coffee
124,52,65,33.02668638,75.60144002,6.8235859,217.0318209,sugarcane
43,59,89,14.28067392,14.94556367,7.271719279,84.1235597,chickpea
22,69,16,22.74160079,57.80147352,6.643823911,60.6965469,lentil
22,50,18,19.74560123,22.89126028,4.883263758,106.9936874,kidneybeans
77,53,45,22.84723763,77.30483958,6.987261149,126.1729739,jute
22,50,16,29.24475824,89.5055738,6.67041748,64.0153797,mungbean
79,47,36,26.61918887,82.12357726,6.957441721,172.7835442,jute
15,16,37,22.0728278,93.10164316,6.277761968,117.8955478,pomegranate
19,17,36,20.62815104,85.20181571,7.083125949,92.185856,pomegranate
108,18,54,29.04428509,88.68899051,6.317302694,20.0990044,muskmelon
26,136,190,26.55062179,77.22545267,6.229788543,79.0058232,grapes
16,12,31,27.519445,92.28705012,6.091577738,141.7695988,coconut
19,37,21,25.78731169,85.40662305,6.53671767,39.3780485,mungbean
104,11,44,27.43372221,91.09742076,6.097630766,25.9448936,muskmelon
107,16,52,26.96714071,91.41060025,6.348535142,20.2671083,muskmelon
19,37,26,34.27823361,58.38850407,5.533923527,101.827797,mango
126,62,59,27.35299963,75.13794806,7.036449764,186.7794989,sugarcane
44,73,22,28.37758342,59.54476641,6.43773573,65.371595,blackgram
23,47,19,18.87358053,18.19217081,5.815563796,118.4482285,kidneybeans
39,68,76,18.45405772,15.2243718,7.682281678,78.8641189,chickpea
23,16,9,23.97275301,89.86408032,6.537159035,108.0724266,orange
24,20,23,24.63348297,88.88230347,5.81917795,189.3508451,coconut
67,56,26,25.85701693,63.32107031,5.853609698,72.2118076,maize
70,52,51,23.2784864,82.13683145,6.481977429,193.7371751,jute
19,54,22,26.91959053,45.4900402,6.031938531,131.2467596,pigeonpeas
103,54,37,15.85545758,61.1685496,6.775663901,69.1253825,wheat
24,131,210,22.89721255,74.90787013,6.315480375,59.942677,grapes
28,20,24,26.03153185,98.80073345,5.68769916,183.8763886,coconut
90,45,28,15.57410764,52.72689483,6.84967432,72.7446018,barley
45,41,52,30.55935862,85.94798361,5.850302223,154.2097129,papaya
80,52,29,14.46369762,61.46349035,6.593862781,70.8533978,barley
19,67,17,23.72839905,18.31476963,5.726759459,101.6255569,kidneybeans
98,25,27,28.74214896,53.74557955,7.532366517,164.9940285,coffee
24,51,18,25.64364063,55.16425201,6.833225952,58.0414798,mothbeans
16,17,36,18.74387489,90.92968434,6.017924335,102.0244772,pomegranate
18,25,30,31.32114796,50.0152301,5.831081451,109.2877553,mango
67,47,38,22.30932903,78.87534383,6.851601144,184.5011083,jute
120,15,42,24.23997993,94.13813609,5.929212448,22.1384047,muskmelon
30,60,47,36.18534,92.05803221,6.343310974,141.2517977,papaya
18,14,45,21.42060608,90.59518055,6.397245294,100.7869106,pomegranate
25,76,13,27.01848004,66.91058585,6.948205649,57.918266,lentil
22,53,24,27.74568281,56.20939531,6.385071524,44.6154208,mothbeans
20,14,36,21.13614454,93.08630697,6.550505514,109.9799017,pomegranate
75,15,47,30.77667556,90.84493456,6.495747246,24.7062857,muskmelon
47,32,38,20.60781358,83.63874137,4.880601282,287.3250776,tea
104,48,18,24.05838101,82.79189612,6.430237907,73.1550827,cotton
19,44,25,30.34223813,85.4301,6.316379244,38.1928619,mungbean
52,61,47,35.01184902,88.6175117,7.038372698,144.317405,papaya
100,82,55,25.96791054,80.38448311,5.761317413,98.7860453,banana
111,14,53,27.61060541,91.80743547,6.422938121,25.261202,muskmelon
97,46,41,17.16535279,57.90067874,6.823792408,74.8420061,wheat
98,30,28,26.95286275,52.3392543,6.470325124,168.9988281,coffee
21,17,5,24.71114587,90.16742708,7.151344977,91.2435883,orange
90,44,37,16.93313425,55.36840605,7.012192733,84.1686781,wheat
113,94,46,25.02079036,79.49685232,5.916717474,117.1302982,banana
87,39,46,29.46299782,74.71648658,6.931420538,175.019979,jute
13,61,15,25.41373067,42.046271,5.5618823,149.5804588,pigeonpeas
103,45,41,15.44039938,56.89216362,7.00743214,90.90725,wheat
25,14,43,20.18039751,92.35007613,5.958853135,91.8467627,pomegranate
26,141,186,17.80480166,91.01894805,5.846635805,118.9543902,apple
80,42,20,21.87808587,60.05735496,6.872277967,90.717162,maize
28,64,81,17.0745267,16.07885498,7.643069813,81.0649398,chickpea
21,17,23,26.56065622,96.07133771,6.343368213,164.6345956,coconut
98,12,47,27.43024901,91.23146074,6.339625639,23.691179,muskmelon
20,136,210,24.50858266,86.75565349,6.177075962,72.5144821,grapes
110,56,79,27.84858649,76.70783052,6.5898289,191.5728638,sugarcane
49,40,49,25.21847857,67.93578384,6.645893415,105.0466062,tobacco
47,60,13,28.98733172,54.19418948,7.469193741,80.207152,blackgram
55,51,52,34.23947757,86.26604933,6.727893774,134.9725583,papaya
30,67,16,30.25911673,60.57336784,6.868208933,47.7899768,blackgram
75,55,37,13.67063129,61.76426621,6.692914606,94.5939893,wheat
49,58,51,33.16901029,94.39398365,6.977052585,126.2406502,papaya
82,44,50,23.37490846,88.42118972,6.710466384,150.240804,jute
21,27,31,35.80683117,49.71190601,5.760329714,107.6078528,mango
79,47,44,26.93435624,81.97590953,6.591295733,188.3528013,jute
26,49,14,28.730338,54.22448651,6.319010945,56.5884707,mothbeans
23,151,199,21.58318647,75.94514243,5.549215081,53.1586406,grapes
108,15,45,26.38695782,83.43194944,6.764984096,55.9360476,watermelon
113,41,43,13.83696991,65.54315407,6.236620082,93.8270078,wheat
122,75,60,27.36323886,77.73107877,6.675222227,215.3993746,sugarcane
16,127,210,18.30084758,90.7543587,5.908506853,114.3364712,apple
40,66,84,17.79198154,11.72537337,7.22466465,70.2783778,chickpea
120,51,63,24.08130587,79.41508252,6.406209931,203.2672071,sugarcane
25,11,43,19.88573885,88.24075455,6.214068362,96.094764,pomegranate
45,69,16,31.67022534,58.20871507,7.072350257,77.669174,blackgram
18,19,31,19.92247833,89.23515909,6.476851182,121.3197321,pomegranate
82,49,17,21.0564415,80.78885642,6.472036182,89.9577697,maize
67,37,45,26.53365041,67.86998443,6.207624533,111.4130418,tobacco
22,57,18,30.93751462,52.69867741,5.471819801,158.5641149,pigeonpeas
72,43,39,18.45608335,52.62261598,6.956388193,63.3683762,barley
20,142,193,21.81610569,93.65239272,6.011193452,103.0921558,apple
22,14,38,27.94766584,91.42608951,6.096966083,155.5063666,coconut
94,21,43,26.62641037,83.88414828,6.430059958,57.3229752,watermelon
78,56,25,21.63662644,66.73698743,5.903599155,83.233687,maize
38,66,67,18.78339603,16.73239011,7.783087894,70.6043483,chickpea
25,43,14,27.85994045,83.6099988,6.447311285,47.3612068,mungbean
90,14,51,24.9026953,85.13118798,6.310376166,49.1567943,watermelon
74,15,52,30.4005235,90.61051591,6.297143348,29.7695037,muskmelon
21,155,184,20.27707447,93.24933811,5.886523788,101.212357,apple
27,31,32,30.5470318,45.20280382,5.588337967,108.0649834,mango
78,51,40,29.11562235,74.24635533,6.54544873,172.7226599,jute
58,47,41,29.83965256,68.54342361,5.975999835,122.0291036,tobacco
15,46,22,29.02050444,54.31008287,6.780026886,49.1062641,mothbeans
149,68,63,30.85731594,82.97387651,6.466187402,186.9622283,sugarcane
69,46,27,15.05516925,49.8226781,6.304572389,76.0981252,barley
111,79,43,32.14671961,80.23687374,5.904178788,103.710499,banana
121,64,78,31.71739158,84.14424473,6.879261312,185.7739355,sugarcane
121,59,60,30.0044576,73.76315317,6.549921695,189.6776672,sugarcane
55,27,30,25.08896311,78.01108685,4.788192576,277.5930003,tea
94,55,34,14.555614,57.79367497,6.468432887,69.3796564,wheat
82,51,23,24.97793261,62.29263497,6.169398116,93.0522137,maize
14,18,36,18.97104055,85.97978379,6.529665007,98.8234372,pomegranate
23,70,25,27.36529519,63.28877435,7.650971342,45.1958374,lentil
118,32,35,25.04886368,59.60498782,7.10067085,182.9640885,coffee
104,82,42,28.99253364,78.02497367,5.43302543,98.8626181,banana
49,33,47,23.06330755,76.36432359,5.088979179,271.2679849,tea
33,81,13,30.89852635,67.15641908,6.747757288,66.7569906,blackgram
81,46,27,16.00664245,57.71815864,6.828095105,63.4543506,barley
111,41,17,26.23726467,80.0521735,6.746224692,78.899945,cotton
22,17,7,22.63704201,89.02491001,6.810135918,112.2719397,orange
18,19,47,21.89478787,88.49629768,6.265437149,109.8626594,pomegranate
75,43,52,22.53841578,70.28456497,5.819128344,143.9999188,tobacco
77,42,20,25.72918465,68.62414687,6.47689327,78.7524327,maize
17,54,24,29.04489042,83.20561251,6.43545445,43.270275,mungbean
83,56,19,20.3775037,69.41803393,5.790140499,72.0230394,maize
28,128,193,24.9831066,89.50381609,5.762471179,111.2356949,apple
16,12,9,21.82512934,93.64495888,7.284878371,109.2870178,orange
47,31,42,23.41846129,81.90285402,5.327792106,272.7005666,tea
48,31,35,22.4069843,81.68871426,4.94480971,240.9569041,tea
114,50,20,25.31906294,87.0660472,7.111581821,80.9315834,cotton
20,122,189,19.16374603,95.71875202,5.80094258,125.820552,apple
36,60,47,31.89382037,94.08759152,7.052032683,137.9118292,papaya
90,50,35,19.05527712,58.5618679,6.362643496,80.973495,wheat
22,63,19,23.29156277,69.1908861,6.852829082,44.5285892,lentil
18,48,20,27.99159617,61.52681178,6.202778924,51.4863696,mothbeans
43,24,37,20.02168765,79.84808588,5.093288919,251.9761951,tea
130,42,25,24.4209926,79.35832247,7.550270149,69.4436051,cotton
114,83,56,24.02887925,81.06820106,6.166889239,104.9874079,banana
18,16,38,21.73502082,93.12129268,5.813485369,102.5727267,pomegranate
17,43,21,24.79254105,79.22428431,6.705787264,47.8215317,mungbean
42,35,37,18.82850458,82.11918466,4.871969109,287.0935978,tea
129,53,20,22.31635674,70.25875067,7.005248963,71.85244,cotton
92,81,51,30.10100099,76.00658384,6.19529672,101.4321339,banana
53,45,49,33.31617845,91.16736723,7.087382152,148.3267011,papaya
94,45,42,19.27321849,61.75428427,6.927085821,78.3976912,wheat
45,53,50,33.96148916,96.49013122,6.551510356,134.5364125,papaya
110,20,46,22.36150561,84.18807745,6.299990359,50.4918034,watermelon
20,129,174,21.38825987,85.85940653,6.403895706,56.6565113,grapes
57,65,54,32.08068646,88.76047266,6.515923718,144.9436141,papaya
97,21,26,25.78241865,60.90890885,6.795133065,176.5093405,coffee
116,40,22,23.33713726,77.92533312,7.055960464,80.2943059,cotton
75,58,40,24.45413336,76.65724398,7.029166057,190.6093734,jute
19,23,26,24.57162277,98.47433262,6.137498808,187.4823963,coconut
43,64,65,17.09926362,18.22054291,7.604617699,68.281687,chickpea
48,69,15,31.13192744,65.08916127,7.111270058,55.9732849,blackgram
96,26,24,24.14203857,62.82384947,7.189996212,173.3648827,coffee
92,47,35,22.70568098,84.35961984,6.528644808,175.7889184,jute
112,42,23,22.58113769,82.57838173,6.685264281,60.240367,cotton
71,46,53,26.59635829,74.79049512,6.083020365,134.6919451,tobacco
68,38,33,16.04164765,56.45776408,6.75727712,71.0714533,barley
20,16,28,30.70455637,94.95950833,5.582686721,191.4508982,coconut
105,61,65,32.84345274,79.59787749,6.793141826,177.4547241,sugarcane
32,63,19,30.34685763,65.8089577,7.204017205,64.6297363,blackgram
15,126,201,23.31971278,77.88929944,6.31642696,60.3382515,grapes
22,52,20,31.33050447,52.10646558,6.687445347,58.4395406,mothbeans
25,66,19,25.45374105,67.77071463,6.715672943,45.771017,lentil
107,21,55,26.54079506,93.08425195,6.076714614,26.8619516,muskmelon
121,67,64,27.86516773,83.16184297,6.716559773,240.9741652,sugarcane
121,69,64,31.98730778,83.39654042,7.017451028,209.4101969,sugarcane
111,52,24,23.33039403,72.82431555,6.629988468,74.0017861,cotton
20,64,20,26.17618493,61.48421769,6.439982373,50.625746,lentil
25,139,206,23.03923332,84.69144494,6.147953533,65.4595929,grapes
52,58,84,16.85079628,15.99266415,7.20486915,71.9656573,chickpea
18,43,17,24.97117188,55.74350238,6.475245944,38.3583391,mothbeans
103,23,43,25.37941234,82.35207129,6.606471802,51.1531822,watermelon
99,80,55,28.30464576,73.69443137,6.342962105,120.5610962,banana
40,22,39,25.50807622,81.19064437,4.963350951,213.9522411,tea
52,39,47,22.53119259,70.96527927,6.133864687,143.135153,tobacco
17,16,16,19.15263473,86.44447181,7.235076899,101.8562833,orange
22,21,34,26.68012294,94.94295138,5.599241191,174.6297373,coconut
19,55,20,26.41068163,49.44340045,6.678539356,62.3895463,mothbeans
18,14,44,25.64934661,89.94898178,6.551506326,108.0142217,pomegranate
116,40,23,24.36861813,78.31988909,6.228597592,94.444122,cotton
38,56,81,18.52896337,17.19110708,7.234951885,77.0724208,chickpea
46,32,48,24.27851303,74.30891291,5.115414437,245.5494177,tea
66,39,41,32.48202643,74.98343588,6.180668706,113.7019433,tobacco
25,110,210,21.67604696,88.37893506,5.631171902,133.1167163,apple
115,26,34,23.10209434,53.46548563,6.094863244,184.7658912,coffee
48,63,47,31.50128462,91.33539021,6.346911366,169.3081586,papaya
91,16,45,29.14625563,86.64240052,6.310092582,25.5055367,muskmelon
17,126,184,25.24954281,95.99401719,6.380091876,98.3252598,apple
99,18,59,21.87151678,91.4688503,6.526088984,43.8097276,watermelon
23,14,37,25.43349342,94.03381545,6.144055165,150.3827137,coconut
37,57,48,32.20024352,91.65607749,6.779280481,139.7482457,papaya
20,15,28,30.53090848,96.21494513,5.521734814,193.3572389,coconut
86,50,51,23.94210647,83.82921929,6.668172809,197.2013094,jute
16,60,20,23.77927048,64.02203382,7.32271379,49.3930134,lentil
118,37,9,24.59492411,80.55799118,6.714548919,78.9380591,cotton
108,48,41,19.86617969,61.16274484,6.935805187,66.2098448,wheat
95,15,54,25.79027441,92.66162428,6.704489788,21.4340182,muskmelon
62,46,33,26.80345739,83.13658567,6.430591832,161.2111864,jute
19,138,199,19.37397126,94.46983975,5.956440381,113.211359,apple
17,15,36,19.04251833,89.18276995,6.770117284,97.3388578,pomegranate
100,52,35,15.112189,59.95538356,7.41537934,92.0397598,wheat
119,67,59,29.85509,71.944678,6.889262681,235.2982761,sugarcane
57,35,54,27.31320473,68.67460547,6.169089262,124.4346932,tobacco
22,135,202,24.41890363,80.25805452,6.12827645,66.4045332,grapes
17,64,22,20.57982235,26.26402968,5.538364549,102.7553098,kidneybeans
48,30,45,18.6116267,77.94942223,4.612914008,236.2710265,tea
110,44,18,26.04324597,78.48496065,7.424798097,84.3086242,cotton
44,70,16,29.34784702,60.75811098,7.105228686,71.3086353,blackgram
21,117,210,21.50513769,96.15359614,6.011049582,126.2158755,apple
26,30,28,30.30148459,48.39182474,6.323024395,99.5832254,mango
98,23,37,28.36298491,53.58065552,6.8441894,147.1120952,coffee
78,50,29,25.89396343,77.4456567,7.195992891,186.2155723,jute
36,60,75,17.80970375,15.83456028,7.235199574,83.3396515,chickpea
53,44,60,33.59055988,89.67050258,6.747138376,144.6428473,papaya
42,61,40,28.89928509,94.21754148,6.852106082,141.1390695,papaya
17,42,19,27.18596822,62.25390571,6.150207744,52.8215241,mothbeans
15,17,5,23.10629831,90.35539911,7.577033738,100.7046204,orange
94,46,32,19.47963425,57.30115585,6.326097912,70.0821035,wheat
24,19,27,29.80558862,90.79444681,6.076057128,218.8091125,coconut
111,88,53,29.13334938,84.67718236,6.314647697,111.7845187,banana
41,67,85,18.04620869,14.06618349,7.116273133,60.2098131,chickpea
75,46,22,19.09265253,63.21292476,6.485902849,81.4014703,maize
76,37,26,15.43455881,67.23075291,6.476890025,66.8185737,barley
112,28,26,26.91598788,61.31772809,6.492175747,164.1028099,coffee
93,35,37,25.5135016,57.94242456,7.109197942,175.516776,coffee
97,43,28,14.86313401,56.31605653,6.727012475,69.6299191,barley
26,31,29,33.98145227,50.74333729,5.598874209,87.639168,mango
46,30,41,19.02426818,84.89215176,5.017102666,207.107292,tea
84,32,22,26.79623465,56.16107737,7.010759994,136.6808264,coffee
91,44,35,13.3272581,61.21594598,7.290535387,63.1135009,barley
29,53,20,29.73478899,78.45279254,7.457011999,43.2782831,mungbean
17,19,10,18.91376354,92.4928843,7.658866943,115.9158375,orange
22,27,32,29.15865281,50.84680412,5.275885651,93.6652873,mango
25,128,209,21.911772,81.34882838,6.010229794,58.9781254,grapes
20,124,189,18.43083147,94.93344665,5.373588265,126.8430841,apple
41,66,18,30.61972397,73.3563123,7.175448101,74.5507802,blackgram
34,62,19,29.15577145,72.72046332,7.21551655,40.9243431,blackgram
112,54,40,17.3253236,51.98340588,6.533060267,86.2065226,wheat
73,46,31,16.53039202,54.40450476,5.813852954,64.7689569,barley
23,121,205,17.0435495,92.14080471,6.374441754,101.6252874,apple
75,37,33,17.39813344,57.60787571,6.675678778,74.6426374,barley
121,62,60,33.07214138,79.84431213,6.77518847,216.1714201,sugarcane
26,140,210,18.3157445,87.90252753,5.862757673,119.0334131,apple
21,30,18,35.17674941,49.30205186,6.032454845,82.5211289,mango
75,39,20,26.36077779,68.31798934,6.261439363,89.9096911,maize
62,42,51,29.06607684,68.94417226,5.903494301,111.2636744,tobacco
22,24,30,27.60309468,94.89586469,5.549396589,197.8564563,coconut
19,58,16,23.2108377,47.19980663,5.797645534,166.493767,pigeonpeas
116,49,66,28.06098349,74.79865838,6.550303823,234.8972281,sugarcane
85,47,16,15.27766868,51.05706425,7.432536576,65.3187547,barley
19,17,7,24.34343583,88.47147999,7.146268089,124.1826931,orange
25,71,20,23.85553891,46.4626955,5.81698368,151.1233138,pigeonpeas
47,61,53,31.32221465,92.20351554,6.0940218,163.6291751,papaya
13,46,23,29.16990699,85.2268266,6.843654272,47.7822869,mungbean
126,62,68,28.36867927,75.55529139,6.541601793,227.0613832,sugarcane
23,47,19,27.49644265,84.16144003,6.882547495,50.9375984,mungbean
24,60,26,25.94703529,45.82602653,5.944678273,125.6553756,pigeonpeas
103,20,31,27.09679978,57.59466447,7.323375161,171.757337,coffee
82,47,55,14.57996759,62.59121117,6.524214769,86.1085417,wheat
17,125,210,24.90625009,84.05234168,6.181273947,74.1617829,grapes
118,55,24,27.28708302,81.56451151,7.150252947,72.7603527,cotton
14,39,19,27.67869343,88.40393071,6.927191267,52.8410641,mungbean
19,20,34,29.53081685,45.94873781,5.760170759,108.7836482,mango
18,18,30,28.42800099,96.41971287,5.878151326,158.0641256,coconut
47,80,24,27.44924194,61.52095195,7.052201427,85.8455889,blackgram
96,17,48,27.81322628,90.41200366,6.021382423,25.6079661,muskmelon
75,32,38,15.26821467,56.82627439,6.580172566,54.8672053,barley
21,53,22,18.77357622,19.7015213,5.771319518,106.2369387,kidneybeans
16,25,26,31.24534063,58.12339229,5.796923782,91.971758,mango
24,14,30,20.51746532,91.92683708,5.824229555,150.0443364,coconut
19,20,39,19.80035595,85.32363901,6.64581198,112.0866738,pomegranate
143,58,73,30.88834549,70.76292914,6.890598759,197.646654,sugarcane
20,70,13,18.79822565,24.29072971,5.800595177,107.1636606,kidneybeans
23,119,210,20.33975981,91.36499905,5.743066523,109.5435335,apple
20,46,24,25.38004689,75.86704546,6.635970191,51.7482501,mungbean
80,41,20,14.65697074,60.2536398,6.651126342,63.6621135,barley
47,63,40,34.31890248,89.58815476,6.792203685,138.2837137,papaya
19,76,21,20.7434919,56.15244882,6.880706865,35.2980751,lentil
53,64,52,32.07766054,94.26969402,6.281651479,157.8083733,papaya
43,71,19,30.77852685,77.73027268,7.613691406,62.7747907,blackgram
57,41,55,23.88560635,64.47215694,5.639321303,132.2009543,tobacco
59,44,55,26.03696116,64.14641464,5.51698371,98.6469695,tobacco
14,63,29,22.12363329,26.65611654,5.765501625,116.6151834,kidneybeans
17,56,23,29.13709912,47.55714466,5.905414456,133.8456819,pigeonpeas
24,43,16,27.38484522,81.12899064,6.869349461,38.7059896,mungbean
77,54,20,25.4453567,60.04688388,6.097042529,94.1077803,maize
13,65,20,22.35053204,67.93400925,6.819287672,54.2806601,lentil
116,45,19,25.9406324,81.67503984,6.866175061,67.2904828,cotton
18,47,13,29.72066512,39.16337289,7.314445082,64.0150331,mothbeans
24,31,32,28.71399017,58.16715766,5.356096382,98.6316256,mango
98,29,32,22.8409343,62.98529678,7.138205027,139.9224023,coffee
54,40,54,26.99522762,62.3033296,6.477901517,115.3825261,tobacco
120,45,16,23.9094914,75.06759478,7.217291707,66.4402966,cotton
15,47,15,24.14947557,87.90848993,6.873718472,51.7367276,mungbean
85,44,39,24.96686318,82.73329805,6.877223301,171.0379528,jute
77,39,36,23.19438215,83.23705879,6.735049052,151.859362,jute
96,73,42,29.32165357,78.12919519,6.003951165,103.4369531,banana
95,50,42,14.1582672,62.94193508,6.891135712,98.7006081,wheat
13,69,15,23.50349777,66.54639193,6.836184025,46.843679,lentil
24,144,200,21.45814938,95.22295404,5.956084914,123.8482107,apple
44,35,44,22.95164667,82.03543081,4.716895187,274.4468068,tea
87,51,20,21.06122755,61.71951382,6.580776702,79.0321942,maize
17,37,18,25.72724967,85.92659229,6.503189573,56.8930518,mungbean
82,71,54,27.34173088,79.26406665,5.90553018,108.1709805,banana
20,62,21,18.49376534,16.50834129,6.450951537,99.1921879,kidneybeans
20,47,17,18.28356794,18.81494396,5.868873198,103.7106614,kidneybeans
25,19,9,22.48624692,91.11727248,7.406975016,107.5957691,orange
41,56,20,30.54545676,64.61357381,7.812339885,61.1706489,blackgram
46,29,43,23.55571331,84.28194932,5.020344642,287.4502943,tea
23,21,34,31.30636492,92.69795731,6.161696191,178.6668401,coconut
111,86,47,28.54339742,68.60582952,6.24462971,83.1234347,banana
107,16,42,27.8951911,97.11231655,6.711722929,23.68998,muskmelon
80,37,30,16.83337002,63.46698695,6.793942907,61.0930391,barley
20,28,36,31.48150636,63.00841557,5.869652894,73.8708469,mango
104,52,43,16.79278254,56.71701451,6.750044818,93.8816474,wheat
43,25,33,19.22805853,70.59987956,5.10891648,300,tea
83,50,41,20.83780435,63.24077942,6.959375438,54.0478519,wheat
19,16,32,28.95109025,93.56247729,5.844302307,152.8733005,coconut
114,55,63,29.68148282,78.41058211,6.610661153,212.6645062,sugarcane
94,49,40,17.90612717,57.94029851,6.525567074,56.4396963,wheat
119,64,57,32.57295109,70.82342596,6.861929354,193.4692829,sugarcane
89,11,48,28.31610698,91.71012899,6.296008268,19.2712697,muskmelon
29,125,202,21.51505883,76.71990996,5.847057727,68.629632,grapes
45,62,81,14.86608126,18.22127115,7.885917909,70.0514365,chickpea
77,41,37,25.16905397,83.64086313,6.644941548,153.2344232,jute
41,60,20,28.23400157,67.17034244,7.087143126,68.7427369,blackgram
79,51,33,21.93496345,86.31775157,6.516472108,195.4470612,jute
20,41,23,27.78403263,52.43509438,6.768337653,54.674998,mothbeans
104,56,39,13.53178372,62.22692172,7.130826804,90.7789349,wheat
45,60,55,31.80674188,98.29381802,6.54231072,142.4861052,papaya
101,18,51,25.78139184,79.69411149,6.761829427,60.3567199,watermelon
33,68,22,30.68208255,67.87193176,6.95078914,75.1454976,blackgram
20,135,182,23.21711941,81.86708004,5.947970786,67.7146249,grapes
21,47,19,26.57274221,82.82406635,6.828212814,36.9171159,mungbean
34,74,67,16.38696034,22.03160153,7.169458376,66.8512134,chickpea
18,62,20,19.29490751,19.23639125,5.365064743,116.854339,kidneybeans
93,85,52,27.52134753,77.79877938,5.69851299,103.6933511,banana
24,145,207,21.72332212,97.28356437,5.899921582,98.8175105,apple
42,60,45,34.10677797,91.89822432,6.221573213,148.3104945,papaya
81,38,18,15.05147544,59.20716772,6.546251983,58.4536305,barley
106,55,38,21.9722116,55.64265374,6.770266124,82.9433232,wheat
17,18,13,19.78568637,90.90348219,6.954610234,93.2505296,orange
17,65,16,25.74947924,63.45926185,6.362053949,44.6134426,lentil
109,32,29,24.28384111,64.13636911,6.436951849,165.0172687,coffee
23,137,180,19.93566287,90.1779367,5.880694739,118.1101239,apple
21,74,19,24.95736236,65.78045369,7.106265216,32.3821629,lentil
76,51,50,15.40836113,72.94732986,5.864905915,112.9777412,tobacco
99,99,60,27.87264734,80.15201391,5.936009398,111.3622157,banana
36,62,17,33.3545869,63.00371677,7.37206116,64.2407175,blackgram
68,46,30,14.49336684,59.72338402,6.770962658,77.6706269,barley
116,19,52,28.73746629,93.18139189,5.918081855,22.605583,muskmelon
95,25,28,25.53610086,61.57587195,6.784664392,158.2579966,coffee
98,50,45,16.71530848,58.0601357,6.520105147,85.1688792,wheat
46,59,48,35.29205515,83.48748068,6.695016897,140.4127186,papaya
45,76,59,18.8685273,12.72005237,7.449733152,81.279272,chickpea
31,118,210,20.65439653,94.31576046,6.010326788,104.2021256,apple
40,75,66,16.39955453,15.34192114,7.185510671,87.4012566,chickpea
19,23,32,29.20306404,50.14090579,5.697264301,108.0307468,mango
50,27,47,23.82271372,85.14138241,4.934677244,299.6345099,tea
63,31,46,26.02839408,69.64153311,6.303666695,122.8269987,tobacco
16,21,9,20.22446098,94.99289623,6.913961729,119.1141786,orange
109,82,46,28.39644663,81.57394154,6.168557966,111.6220616,banana
15,13,50,23.50508146,87.66294174,6.481726419,112.0095811,pomegranate
18,51,23,27.28685787,43.86817357,5.582331117,175.1726988,pigeonpeas
93,25,24,25.81812988,61.33313942,6.395022309,150.7168175,coffee
27,29,28,35.31461643,46.97142538,5.922628612,98.591511,mango
21,36,19,24.64099441,80.16678594,6.643850336,58.2101119,mungbean
75,38,49,24.87780498,77.00480082,6.825040472,196.0081742,jute
20,126,210,18.72865157,94.55099413,6.264014202,71.2323891,grapes
19,125,195,20.30825815,78.72296856,5.880944782,77.7438918,grapes
25,64,19,24.36690845,68.09674648,6.904314599,46.5216877,lentil
101,25,51,25.99189081,91.71360726,5.955938417,23.5970013,muskmelon
114,77,45,27.94283111,77.79110782,6.089879545,106.4350763,banana
62,31,52,22.7857155,65.50066153,5.724678378,135.9822684,tobacco
17,30,30,31.53718456,57.64234213,5.852350727,101.4595529,mango
14,60,24,19.63024649,14.9770088,5.951983362,125.228421,kidneybeans
112,60,16,22.15709795,77.73842812,6.872940397,75.2979666,cotton
25,138,185,25.17196423,79.85614622,6.20201445,72.6728731,grapes
21,65,18,18.68632906,16.68673973,5.807675275,92.5224813,kidneybeans
41,66,14,29.38759743,70.1353515,7.035329617,70.6816695,blackgram
83,57,33,15.52914986,61.63191903,6.893813603,66.7019036,wheat
32,74,8,28.19537995,50.03146699,6.850613631,63.0905105,blackgram
99,48,40,18.57975085,54.38239799,6.455263682,87.7952584,wheat
54,26,36,16.85528964,82.61612737,4.983460451,278.4047844,tea
17,59,27,30.98785629,83.67736535,7.427853401,50.946816,mungbean
22,61,15,19.21454752,19.51415192,5.167205326,93.2286393,kidneybeans
105,18,44,24.51183905,84.84277085,6.466375804,53.6708797,watermelon
44,73,21,32.7937775,73.17503583,7.23231075,59.6141934,blackgram
79,49,35,28.24651338,87.96548167,6.817874053,203.6272642,jute
21,53,23,25.9634922,47.57018415,6.289625137,59.8091095,mothbeans
19,25,23,32.02720021,47.3364958,5.349024949,60.5328534,mango
46,64,50,33.79084197,89.12729313,6.523200331,135.1204205,papaya
24,15,33,26.07316461,93.60281074,5.972588681,136.7343951,coconut
105,90,55,27.91836016,79.71933715,5.40171172,109.1554186,banana
15,22,41,22.2719355,87.53377196,6.03421466,100.1666027,pomegranate
101,42,34,22.13523896,59.83790024,6.476030994,85.0185809,wheat
114,27,31,26.66631553,54.84875352,7.059274515,114.6792983,coffee
26,47,22,30.73973645,82.43433684,7.033203305,50.2031699,mungbean
12,41,29,29.21901979,92.66915187,6.948729532,42.0652547,mungbean
85,56,43,18.96493525,60.35532781,6.750090287,97.528164,wheat
20,52,18,22.7816671,22.27523336,5.693723689,127.7534793,kidneybeans
15,60,19,20.64316908,21.46603221,5.813909903,101.2623937,kidneybeans
21,56,17,25.03117391,31.83717284,6.152493225,134.9959422,pigeonpeas
90,52,17,22.54172274,66.47832776,6.320989881,63.0921041,maize
25,71,20,25.23278858,62.99971283,6.883469565,37.7814628,lentil
110,11,50,24.36404155,94.27913689,6.376385321,26.0980499,muskmelon
21,56,24,26.58358948,44.06138783,5.76788768,179.4532925,pigeonpeas
48,23,46,25.19881504,81.83500748,5.431824231,252.2828682,tea
41,70,18,28.26388344,62.96205328,6.916545259,75.8754332,blackgram
80,46,13,17.46087756,62.42955598,6.469296731,100.0743693,maize
95,58,35,13.64717492,64.11192629,7.059028967,85.1854429,wheat
17,45,23,28.36843446,87.43980555,6.630439448,45.2638612,mungbean
33,66,10,29.67380653,67.26137189,7.602690888,66.0600521,blackgram
21,57,24,17.78049974,22.29298875,5.235729062,107.4473263,kidneybeans
50,57,56,34.27464937,96.84890013,6.282179358,141.4817406,papaya
20,78,14,20.85357412,59.39957434,7.256738934,59.0488127,lentil
89,43,13,23.24158654,68.17550006,6.320050882,60.8312407,maize
17,69,21,27.0241359,64.23051113,6.738171062,46.3845412,lentil
43,59,9,27.04585571,63.78666769,7.87408757,73.4325696,blackgram
96,15,46,26.48838394,84.27510331,6.33765674,61.5704323,watermelon
51,57,48,34.53248595,88.87941884,7.283558522,114.683709,papaya
22,71,20,19.56653642,19.96311275,5.73731543,95.0604749,kidneybeans
16,64,30,27.99964327,38.04429926,5.591630942,151.8373639,pigeonpeas
18,16,38,19.12107352,93.35773475,6.311663273,124.4330665,pomegranate
43,75,71,21.17888257,17.85173318,7.297881129,76.024513,chickpea
86,42,19,21.87191041,68.12792297,6.133018523,81.3130453,maize
93,27,26,26.3903305,56.1218317,6.408554933,165.066601,coffee
53,62,54,33.64868042,90.40182351,6.951899159,121.6372369,papaya
44,52,51,31.31135193,92.30745393,6.555151723,115.2826238,papaya
81,45,16,17.73803524,63.76022896,6.056009556,78.8082281,maize
23,63,29,17.96883724,24.29029168,5.30653681,106.8881588,kidneybeans
16,57,22,24.10818488,23.42161802,5.841791929,111.369619,kidneybeans
81,46,23,18.29400803,61.24327265,6.656027522,86.5734319,maize
83,37,38,18.86599672,58.13134324,7.160689294,87.8311452,barley
89,46,15,24.38983956,70.91774551,5.850600995,70.5530362,maize
18,54,21,24.65273921,43.03039535,6.045873977,178.5097356,pigeonpeas
39,70,76,13.60499799,20.80614168,7.357066967,76.203755,chickpea
25,63,17,27.06452962,43.5308339,5.645224536,141.6811014,pigeonpeas
19,54,8,29.0197745,87.87095483,7.04408886,47.4810285,mungbean
40,73,83,17.12950361,12.77311776,7.382500689,65.0789798,chickpea
83,38,25,15.87412439,58.80413401,7.333102796,63.751888,barley
101,50,37,19.06463167,50.54854565,6.539568323,74.1805335,wheat
21,49,25,31.72573824,85.49865357,7.029839131,45.1867185,mungbean
109,53,29,20.3065446,58.37383397,6.817613351,69.6212467,wheat
124,51,22,24.54623687,76.00715097,6.799164167,74.669096,cotton
44,56,51,33.69668348,89.3065098,6.553688388,158.1149951,papaya
121,50,65,25.28467824,78.21223725,6.959586927,190.4624708,sugarcane
20,60,13,19.57146363,69.08767255,7.148297253,51.7484023,lentil
16,11,8,24.00326365,96.18036358,7.213164731,115.1520899,orange
48,65,53,33.03036589,89.07558027,6.893676314,142.2907186,papaya
17,17,12,18.76822643,92.89894306,7.279730461,105.0187965,orange
53,37,39,26.1976458,75.10375276,5.138764691,279.1632084,tea
76,38,19,25.17974886,66.3899122,5.945757833,85.534626,maize
38,68,13,32.18984042,64.93861733,7.185178366,62.2299556,blackgram
70,44,35,22.48980092,71.77754089,6.037914318,109.6436608,tobacco
19,138,210,22.74463076,88.57094206,6.105039547,112.2237367,apple
129,81,52,31.95506847,74.35353079,6.694024481,195.0423976,sugarcane
19,16,6,19.65553249,93.39310959,6.83483442,113.7962999,orange
55,37,53,25.64249361,62.70540172,5.891024633,138.1632133,tobacco
21,31,21,24.68872128,87.58528065,7.14234921,40.5900871,mungbean
13,21,40,22.67566107,89.69401585,6.147270211,116.0104734,pomegranate
107,55,33,19.72618042,62.17992198,6.418613977,99.1837711,wheat
23,65,14,19.06809804,24.29195437,5.712462552,92.1156858,kidneybeans
23,136,176,19.39435111,91.77808141,5.881083599,136.6705061,apple
43,68,18,31.59029709,67.02470677,6.848402709,61.1909117,blackgram
101,79,59,21.69806038,84.36602741,6.273825558,79.1193172,banana
86,67,65,25.79782385,79.23890712,6.842725598,211.7927846,sugarcane
24,15,5,21.17555851,94.7404212,7.161288971,115.138235,orange
76,52,25,20.11425467,56.67437352,5.59947795,83.1943823,maize
12,16,45,20.32620975,87.4606971,6.677701663,103.0307012,pomegranate
87,58,38,25.21914316,78.33424627,6.700593053,202.5917204,jute
24,50,23,24.54757208,52.19774978,6.415966698,49.7554263,mothbeans
39,61,23,25.24203811,63.36102472,7.087501993,68.1590866,blackgram
27,63,10,29.43344698,53.44814761,5.592214409,160.7589532,pigeonpeas
78,43,41,24.5669536,76.24303384,7.09976544,191.7207762,jute
17,45,15,27.5506402,58.37510607,6.498721119,58.875314,mothbeans
135,65,66,27.91432164,71.12931141,6.770842723,218.0992408,sugarcane
20,21,31,29.69728621,47.35691659,5.875909206,109.8593969,mango
77,16,51,25.69797183,93.15896995,6.348882195,32.7773785,muskmelon
117,49,15,23.94747841,77.50195818,7.024094252,80.3149156,cotton
83,47,39,23.25761394,80.28861295,6.921471169,154.4198982,jute
104,19,46,25.59359829,88.87386676,6.27819927,22.2403934,muskmelon
18,15,39,18.00510666,94.08968693,6.308912178,101.1333666,pomegranate
20,68,16,25.96402197,62.84614196,6.500805275,38.8320079,lentil
91,60,18,23.27633845,66.00869327,6.359110757,83.5652949,maize
130,64,77,26.30200995,78.5586067,6.719507389,216.2656081,sugarcane
17,63,18,24.33538307,63.41851732,7.247600107,49.0647017,lentil
55,69,45,35.15369629,85.49096775,6.34174318,127.6183232,papaya
109,53,41,12.67444468,54.89290436,6.349953169,55.8198987,wheat
16,17,8,22.37137716,96.52739304,7.18168187,116.1033005,orange
25,59,17,30.14434626,67.44617007,7.241560984,64.1658206,blackgram
106,32,31,20.014379,55.50430524,7.159150408,145.0785386,coffee
19,51,17,27.15486316,46.43755655,6.572422735,54.6020134,mothbeans
18,18,45,21.66887703,94.4342157,6.101923145,108.6310948,pomegranate
51,48,45,38.51043549,91.08316816,6.919287693,132.2401026,papaya
97,79,54,27.88852662,78.55613534,6.247798941,91.0272401,banana
109,47,17,25.72964888,80.60561219,6.889535544,72.174014,cotton
47,59,21,25.10532025,64.55332067,7.433614053,62.4848427,blackgram
20,31,18,29.52780582,51.04802766,6.360131782,43.6683764,mothbeans
113,13,51,25.80539494,90.23339952,6.190684392,20.9606237,muskmelon
21,139,188,21.84878788,95.83855601,5.34579529,119.0329377,apple
150,45,63,34.31423448,78.48737786,6.926025242,201.9965263,sugarcane
109,62,65,25.41057811,83.55465808,6.742713374,207.6270567,sugarcane
88,32,28,27.53716647,60.45706378,6.433033931,180.7940437,coffee
106,50,25,22.74269139,78.88994552,6.489107226,77.9653886,cotton
15,29,34,32.43790662,54.98023843,5.472961473,77.938272,mango
102,77,42,28.74491466,82.60080471,5.870247241,126.159644,banana
122,56,78,28.10081746,80.65458539,7.017869672,188.8943901,sugarcane
22,18,37,24.524369,100,5.31437366,171.9642981,coconut
133,61,59,28.80540037,77.82157387,7.102654039,161.3182451,sugarcane
18,20,33,30.84432561,49.09760043,6.65793227,98.5850349,mango
18,59,23,27.67215083,50.50056415,5.849867672,163.2666366,pigeonpeas
21,58,22,21.7756274,72.79591145,6.885367121,35.028852,lentil
95,12,50,26.80455435,81.36897528,6.879820981,55.0863367,watermelon
21,111,209,20.52148321,82.23973052,6.069344234,82.606586,grapes
98,17,57,29.97089937,94.60746378,6.286115118,19.5537959,muskmelon
39,64,18,27.57067177,63.20044453,7.709347614,58.8732124,blackgram
103,21,54,28.829731,93.38986559,6.410878667,26.7906976,muskmelon
13,9,11,21.81035154,90.45565198,7.073059061,109.2751552,orange
16,68,25,25.22672166,51.36378394,5.346428165,171.0647442,pigeonpeas
47,39,45,26.51026864,61.53131244,6.086578178,115.5492735,tobacco
52,25,41,19.53749086,78.40936246,4.872502513,240.6148138,tea
17,55,24,29.44758725,52.74648249,5.857199687,151.391146,pigeonpeas
46,60,54,34.00166318,89.3645786,6.922737674,132.4361869,papaya
44,30,45,22.85135352,82.13733355,4.927500199,273.6877977,tea
37,64,75,17.02117153,10,7.421510616,71.5444782,chickpea
18,133,185,20.92998478,89.56699741,5.621488387,116.1039338,apple
120,54,49,15.42656447,60.80752901,7.101555853,69.244,wheat
20,13,30,28.91028464,92.04282186,6.051213955,164.3948476,coconut
16,65,14,20.37672031,68.59205849,6.966906091,45.0839039,lentil
22,16,25,26.15870935,93.97185645,5.659316819,171.7742858,coconut
55,48,49,24.78415535,59.1367103,5.951141288,137.5472621,tobacco
139,63,61,31.18833731,73.746582,7.006487429,178.8802038,sugarcane
22,123,198,19.39006704,90.83690025,5.796596084,107.268253,apple
108,15,54,22.8161322,88.56099,6.542959835,55.4260098,watermelon
21,26,33,33.7804151,52.78905153,5.703105786,79.2579652,mango
19,12,37,20.3410214,95.02457902,6.317559309,80.5850783,pomegranate
17,19,29,30.75650498,57.56724872,5.889243505,82.7097581,mango
114,39,23,27.37837787,86.67969113,7.167184626,78.0237953,cotton
126,61,61,27.31065838,76.27417742,6.063973835,185.2787269,sugarcane
78,45,32,25.51520171,87.56876704,6.434884258,161.0854652,jute
102,13,43,21.95528163,89.4507535,6.342684152,63.2698217,watermelon
10,68,22,22.33427345,60.81830732,6.340065554,57.7191648,lentil
19,20,51,25.37018979,87.93985397,6.887165498,111.5980183,pomegranate
53,62,23,28.21439797,59.56681906,7.130844273,74.4909338,blackgram
20,107,197,25.84549627,85.70486161,6.241349371,81.3613072,grapes
42,66,20,32.35284684,68.63018,7.477665862,68.9468139,blackgram
140,58,72,28.91652608,85.01277921,6.590454216,183.1901403,sugarcane
85,39,16,19.48915543,65.63412343,6.090097497,87.1211452,maize
45,59,28,30.71209619,56.57997991,6.887291329,76.1608104,blackgram
16,57,25,26.45653992,38.65134169,5.681009033,148.8211741,pigeonpeas
111,13,54,29.78590774,97.48886061,6.297578352,27.5616108,muskmelon
81,36,31,14.1729737,61.52194584,6.799917531,66.8472181,barley
97,50,21,22.45308831,87.59493993,6.826104944,69.6385643,cotton
93,50,43,13.69697692,70.38635558,6.708569729,81.7038734,wheat
20,131,204,21.38079296,83.69624418,5.881540163,68.8554773,grapes
105,25,29,24.88313976,62.13201659,6.480190349,157.1753247,coffee
26,25,28,33.65638828,52.78115005,5.836766332,120.9800281,mango
16,26,31,31.64271443,52.10960377,6.184113381,100.4424116,mango
20,52,17,26.32078326,49.61964642,6.328421436,58.5225933,mothbeans
18,19,41,18.94005545,90.13823766,6.077893402,107.9729905,pomegranate
92,19,47,27.76646817,90.09332648,6.834712838,22.3937862,muskmelon
14,18,45,20.24873267,94.05334227,6.787823587,126.964794,pomegranate
26,68,23,27.14937169,48.11250194,5.929139932,144.1249409,pigeonpeas
21,68,17,22.33585906,59.57516006,6.55932082,48.2419202,lentil
18,71,17,20.65605506,62.63653861,6.578952461,47.1370904,lentil
42,35,39,21.17118941,80.88650813,5.154569568,269.5789972,tea
17,16,9,24.23366755,92.55924851,6.780510478,132.6852882,orange
23,57,19,19.7271557,17.88676579,5.566971175,101.7567556,kidneybeans
93,74,59,31.71641937,80.96429512,6.436990874,213.209199,sugarcane
129,73,58,28.96342373,75.10278986,6.794333377,192.8208323,sugarcane
14,53,26,20.09192187,20.02966785,5.340238702,110.3723552,kidneybeans
111,48,43,16.51353834,58.1354822,6.557942986,77.8202583,wheat
22,41,20,29.12314694,52.00665433,6.611260338,44.0693249,mothbeans
52,30,47,21.48695015,80.38337136,5.000358975,252.9426855,tea
21,26,36,31.9819499,53.67438893,5.898864381,109.0816863,mango
20,19,27,26.77052712,96.51496184,6.159726558,150.9940719,coconut
124,50,19,22.4575994,72.90412154,6.594185073,73.8278775,cotton
22,136,198,18.40156727,92.69836023,5.710809006,86.7209395,apple
17,63,24,17.01362038,20.32486105,5.784939247,103.7753233,kidneybeans
23,68,23,26.56922342,48.70557248,5.242504518,147.9933094,pigeonpeas
73,42,34,15.52658861,54.79511856,6.836860996,65.979507,barley
14,66,25,17.50969885,26.43047853,5.656925523,110.0221747,kidneybeans
100,71,42,26.3284306,86.6760861,5.822122595,85.9622846,banana
36,71,75,20.81723899,16.62276111,7.501381041,87.4602395,chickpea
78,47,40,26.83974303,84.07569296,6.521736738,163.9094178,jute
18,13,11,20.33143638,98.5522902,7.171152163,103.0322204,orange
41,73,67,18.81537947,18.74299862,6.682251855,87.9850134,chickpea
119,44,22,22.77403346,79.77183533,7.155196233,83.4182521,cotton
23,134,196,24.1733876,80.10038537,6.217824324,55.5402032,grapes
24,14,29,26.21578369,90.60945516,5.988836083,180.2211054,coconut
103,21,51,24.37388394,84.99716562,6.187398067,55.8361226,watermelon
20,13,7,20.06051256,92.33160595,6.812105417,115.928767,orange
114,14,57,28.99972825,87.80208148,6.491912323,15,muskmelon
66,47,24,21.64584342,66.5116145,6.612679089,80.1508563,maize
14,20,34,35.87950481,56.92136409,5.869172736,102.1370521,mango
93,52,22,20.9990469,74.0848915,7.301679771,72.626201,cotton
22,20,24,27.36926772,95.77964838,6.134546862,150.2609858,coconut
52,71,55,35.28858614,87.83639435,6.929158105,141.203398,papaya
18,73,18,23.62770356,58.75668288,7.135644777,39.7843828,lentil
21,58,19,29.72721459,45.80786316,5.883480468,150.5634503,pigeonpeas
52,36,36,23.27630066,79.88433448,5.155519212,213.5310402,tea
25,72,22,22.83133676,45.20884869,5.883847597,143.677755,pigeonpeas
119,39,18,24.06743811,81.07437432,6.465553344,91.9691095,cotton
69,54,18,17.57960772,63.4966282,6.338990453,81.0034285,maize
13,49,21,30.32529612,53.90169345,6.097037183,44.3251603,mothbeans
107,57,45,18.41690095,62.27456888,6.375504671,61.972817,wheat
20,18,13,19.33444521,90.95168202,6.768229375,114.5498374,orange
89,40,31,18.61212572,60.31831139,7.167588405,48.0635207,barley
41,54,48,29.80821206,89.78291403,6.895699101,163.4095805,papaya
93,32,29,20.56044411,51.00159248,6.725189112,139.3913176,coffee
21,27,22,29.12132921,49.27956222,5.337091577,102.1991448,mango
19,74,20,27.22462306,70.9874427,6.763051317,30.6389664,lentil
95,22,29,24.65430865,55.82117752,6.93269506,145.9883263,coffee
17,14,39,17.62298962,86.63985773,6.601273374,114.2454862,pomegranate
17,55,18,24.02525111,48.43602496,6.074191095,152.0323706,pigeonpeas
41,71,16,27.71777669,73.29434847,7.395377868,75.9067232,blackgram
18,148,204,21.38810389,88.18981673,5.971738964,103.016541,apple
45,23,29,20.938427,79.75227954,4.714219079,279.7306615,tea
24,155,202,19.19186342,87.35311842,5.964493995,126.2465281,apple
8,56,21,28.65964612,52.69111969,6.549028346,47.2217685,mothbeans
70,49,44,25.34293864,84.61059241,6.334778862,183.4231076,jute
20,23,42,18.8879384,89.22916462,6.492349712,131.8187125,pomegranate
22,123,210,22.64822838,82.49281923,6.137871344,69.4360245,grapes
18,18,32,27.5009857,96.03934463,5.695992584,179.6450739,coconut
41,75,88,17.9416546,17.41795889,7.633273343,64.9919798,chickpea
113,19,58,24.68675358,90.42665559,6.216174135,27.6073966,muskmelon
54,30,49,30.52672432,71.21973356,6.54760425,138.2359563,tobacco
21,130,210,19.99405934,83.01495865,6.116923293,79.8578632,grapes
102,25,26,21.48912421,54.52425321,6.941943636,146.753417,coffee
57,45,45,23.49915335,70.37415773,6.000765029,133.7693443,tobacco
112,20,43,29.24413998,95.98679996,6.49670213,29.4549021,muskmelon
125,56,15,23.32048198,80.9264299,7.035921864,74.4045371,cotton
14,60,20,21.77115416,28.12673915,5.290597102,104.3703137,kidneybeans
12,62,19,29.2692794,44.64041345,5.639004514,166.83305,pigeonpeas
100,15,48,28.34690418,90.36184421,6.175104691,57.6378593,watermelon
23,20,40,23.7020315,85.4624131,6.000788461,80.8643872,pomegranate
31,69,73,20.14905958,17.67580917,7.482028645,94.1069232,chickpea
17,37,16,31.45860173,79.03568031,6.699856385,48.2731511,mungbean
96,83,51,30.15490656,79.61881787,5.983706458,111.2947581,banana
23,42,14,27.43162424,91.27116604,6.893679424,53.6317174,mungbean
78,48,36,23.82428739,80.9224434,6.359973695,181.2986269,jute
50,22,36,20.08224631,77.92966089,5.172036528,270.2565011,tea
14,58,18,23.1748012,22.59998621,5.749757708,115.0438939,kidneybeans
114,87,49,27.55993725,75.49804381,6.633725594,105.5506542,banana
20,63,23,28.58299487,47.14094768,5.656010468,185.2366284,pigeonpeas
96,22,51,25.99548618,87.66369701,6.605396653,57.711524,watermelon
72,43,19,23.99641668,70.60468256,6.670888576,84.1906413,maize
16,146,209,24.88243487,89.36503077,5.805498025,115.7773511,apple
124,76,46,25.75371895,77.77809152,5.708783862,118.2681984,banana
18,47,19,28.24545782,90.14778914,6.662635456,38.6983165,mungbean
112,58,61,28.10998995,78.8957075,6.116042414,177.6414478,sugarcane
42,75,21,30.61908378,66.470082,6.649053479,57.5533347,blackgram
53,24,37,20.99185433,81.83496139,5.149949095,199.6274692,tea
52,32,38,22.08440601,80.6484889,5.000446324,243.1339063,tea
68,54,17,22.09388269,67.00320819,5.963577124,90.4762717,maize
79,48,52,24.44975714,78.72895642,6.734973554,194.2872868,jute
19,48,16,21.79299934,10.03829431,6.056228146,111.2547599,kidneybeans
57,29,40,21.95051721,86.68264652,4.668955058,264.6131013,tea
